brand,name,common_name,variant,attributes,attributes_unpublished,category_hint,weight_mg,weight_source,source_url,quote,kcal
3FULGEAR,Footbox Bivy,Bivy,,,,shelter,43000,manufacturer,https://www.garagegrowngear.com/products/footbox-bivy-by-3fulgear,Weight: 1.5oz | 43g,
3FULGEAR,Lanshan 1 Pro Tent,Tent,,persons=1,,shelter,688000,manufacturer,https://www.garagegrowngear.com/products/lanshan-1-pro-tent-by-3fulgear,Weight: 24oz | 688g (minimum),
3FULGEAR,Lanshan 2 Pro Tent,Tent,Silnylon,persons=2,,shelter,900000,manufacturer,https://www.garagegrowngear.com/products/lanshan-2-pro-tent-by-3fulgear,SilNylon: 31.8oz | 900g,
3FULGEAR,Lanshan 2 Pro Tent,Tent,Silpoly,persons=2,,shelter,877000,manufacturer,https://www.garagegrowngear.com/products/lanshan-2-pro-tent-by-3fulgear,SilPoly: 30.9oz | 877g,
3FULGEAR,Tyvek Bivy,Bivy,Mummy,,,shelter,200000,manufacturer,https://www.garagegrowngear.com/products/tyvek-bivy-by-3fulgear,Mummy: 7.1oz | 200g,
3FULGEAR,Tyvek Bivy,Bivy,Quilt,,,shelter,135000,manufacturer,https://www.garagegrowngear.com/products/tyvek-bivy-by-3fulgear,Quilt: 4.8oz | 135g,
ANDA Ultralight,Brisa Bivy,Bivy,Regular,length=Regular,,shelter,182000,manufacturer,https://www.garagegrowngear.com/products/brisa-bivy-by-anda-ultralight,Regular bivy: ~6.4oz |182g,
ANDA Ultralight,Brisa Bivy,Bivy,Tall,length=Tall,,shelter,193000,manufacturer,https://www.garagegrowngear.com/products/brisa-bivy-by-anda-ultralight,Tall bivy: ~6.8oz | 193g,
ANDA Ultralight,Uno Tarp,Tarp,,,,shelter,278000,manufacturer,https://www.garagegrowngear.com/products/uno-tarp-by-anda-ultralight,Weight: 9.8oz | 278g (with stuff sack and guylines),
Big Agnes,Copper Spur HV UL1,Tent,,persons=1,,shelter,1080000,manufacturer,https://www.absolute-snow.com/big-agnes-copper-spur-hv-ul1-ultralight-backpacking-tent,Trail Weight: 964g | 2 lb 2 oz (manufacturer spec via retailer; Big Agnes official page lists weights as images only). Packed Weight: 1.08 kg | 2 lb 6 oz,
Big Agnes,Copper Spur HV UL2,Tent,,persons=2,,shelter,1420000,manufacturer,https://www.absolute-snow.com/big-agnes-copper-spur-hv-ul2-ultralight-backpacking-tent,Trail Weight: 2 lb 11 oz (page shows '1.22g | 2 lb 11 oz' — the metric is a site typo for 1.22kg; lb/oz value is clean). Packed Weight: 1.42 kg | 3 lb 2 oz,
Big Agnes,Copper Spur HV UL2 mtnGLO,Tent,,persons=2,,shelter,1445826,manufacturer,https://www.bigagnes.com/products/copper-spur-ul2-mtnglo,Trail Weight: 2lb 12oz. Total Weight: 3lb 3oz. Fast Fly / Shelter Mode Weight: 2lb 1oz,
Big Agnes,Copper Spur HV UL3,Tent,,persons=3,,shelter,1760000,manufacturer,https://www.absolute-snow.com/big-agnes-copper-spur-hv-ul3-ultralight-backpacking-tent,Trail Weight: 3 lb 8 oz (page shows '1.59g | 3 lb 8 oz' — metric is a site typo for 1.59kg; lb/oz value is clean). Packed Weight: 1.76 kg | 3 lb 14 oz,
Big Agnes,Copper Spur HV UL4,Tent,,persons=4,,shelter,2381000,manufacturer,https://www.garagegrowngear.com/products/copper-spur-hv-ul2-ul4-by-big-agnes,Weight: 84oz | 2381g (minimum),
Big Agnes,Fly Creek HV UL1,Tent,,persons=1,,shelter,907000,manufacturer,https://www.outdoorline.eu/products/big-agnes-fly-creek-hv-ul1-ultralight-tent,Trail Weight: 765g (1lb 11oz). Packed Weight: 907g (2lb). Fast Fly Weight: 595g (1lb 5oz). Cross-confirmed by ascentoutdoors.com (Trail Weight 1lb 11oz / 765g),
Big Agnes,Fly Creek HV UL2,Tent,,persons=2,,shelter,1020000,manufacturer,https://www.outdoorline.eu/products/big-agnes-fly-creek-hv-ul2-ultralight-tent,Trail Weight: 879g | 1lb 15oz. Packed Weight: 1.02kg | 2lb 4oz. Fast Fly Weight: 709g | 1lb 9oz,
Big Agnes,Sarvis VST 2,Tent,2P,persons=2,,shelter,1133981,measured,https://www.adventurealan.com/best-new-ultralight-gear/,Big Agnes Sarvis VST 2: 40 oz (2p version),
Big Agnes,String Ridge VST,Tent,1.5P,persons=1.5,,shelter,539000,manufacturer,https://www.garagegrowngear.com/products/string-ridge-vst-by-big-agnes,Weight:  19oz | 539g (trail),
Big Agnes,String Ridge VST,Tent,2.5p,persons=2.5,,shelter,853000,manufacturer,https://www.garagegrowngear.com/products/string-ridge-vst-by-big-agnes,Weight: 30oz | 853g (trail),
Big Agnes,String Ridge VST 1.5,Tent,"1.5P, trail weight",persons=1.5,,shelter,547146,measured,https://www.treelinereview.com/gearreviews/big-agnes-string-ridge-vst-1-5-tent-review,Manufacturer's Minimum Weight: 1 lb 3.3 oz,
Big Agnes,Tiger Wall UL Solution Dye,Tent,UL1,persons=1,,shelter,850000,manufacturer,https://www.garagegrowngear.com/products/tiger-wall-ul1-ul3-solution-dye-by-big-agnes,Weight: 30oz | 850g (minimum),
Big Agnes,Tiger Wall UL Solution Dye,Tent,UL2,persons=2,,shelter,992000,manufacturer,https://www.garagegrowngear.com/products/tiger-wall-ul1-ul3-solution-dye-by-big-agnes,Weight: 35oz | 992g (minimum),
Big Agnes,Tiger Wall UL1,Tent,,persons=1,,shelter,963884,manufacturer,https://www.bigagnes.com/products/tiger-wall-ul-one,Trail Weight: 1lb 14oz. Total Weight: 2lb 2oz. Fast Fly / Shelter Mode Weight: 1lb 7oz,
Big Agnes,Tiger Wall UL2,Tent,,persons=2,,shelter,1130000,manufacturer,"https://www.absolute-snow.com/big-agnes-tiger-wall-ul2-tents,-bivvys--extensions",Trail Weight: 992g / 2lb 3oz. Pack Weight: 1.13kg / 2lb 8oz,
Big Agnes,Tiger Wall UL2 Footprint,Groundsheet,,,,shelter,141748,manufacturer,https://www.wearbap.com/collections/staff-picks/products/tiger-wall-ul-two-footprint,"Weight: 5oz (142 g) — spec-page footprint weight, not the 168 g Shopify JSON shipping/packed figure.",
Big Agnes,Tiger Wall UL3,Tent,,persons=3,,shelter,1330000,manufacturer,"https://www.absolute-snow.com/big-agnes-tiger-wall-ul3-tents,-bivvys--extensions",Trail Weight: 1.19kg / 2lb 10oz. Packed Weight: 1.33kg / 2lb 15oz,
Bonfus,Duos 2P,Tent,,persons=2,,shelter,675000,manufacturer,https://www.garagegrowngear.com/products/duos-2p-by-bonfus,Tent with premounted guylines: 23.8oz | 675g,
Bonfus,Middus 1P,Tent,,persons=1,,shelter,295000,manufacturer,https://www.garagegrowngear.com/products/middus-1p-by-bonfus,Weight: 10.4oz | 295g (minimum),
Bonfus,Middus 2P,Tent,0.75 DCF,persons=2,,shelter,410000,manufacturer,https://bonfus.com/product/middus-2p/,410 g,
Bonfus,Middus Innernet 1P,Inner tent,,,,shelter,235000,manufacturer,https://www.garagegrowngear.com/products/middus-innernet-1p-by-bonfus,Weight: 8.3oz | 235g (minimum),
Bonfus,Middus Innernet 2P,Inner tent,,,,shelter,335000,manufacturer,https://www.garagegrowngear.com/products/middus-innernet-2p-by-bonfus,Weight: 11.8oz | 335g (minimum),
Bonfus,Solus 1P,Tent,0.75 DCF,persons=1,,shelter,495000,manufacturer,https://bonfus.com/product/solus-1p/,Tent in DCF 0.75 and 0.8 w/premounted guylines: 495g,
Borah Gear,Ultralight Bivy,Bivy,"Argon67, Standard",,,shelter,141748,manufacturer,https://borahgear.com/ultralightbivy.html,"As low as 5.0 ounces for standard length, standard girth in Argon67",
Borah Gear,Ultralight Cuben Bivy,Bivy,"DCF, Standard",,,shelter,120485,manufacturer,https://borahgear.com/cubenbivy.html,4.25oz for standard length/standard girth with a chest zipper,
Borah Gear,Ultralight Silpoly Tarp,Tarp,"Solo, 9ft",length=9ft,,shelter,219709,manufacturer,https://borahgear.com/tarps.html,7.75oz for 9' length,
Durston,X-Dome 1+,Tent,"Regular inner, aluminum poles",persons=1,,shelter,1085000,manufacturer,https://durstongear.com/products/x-dome-1-plus-ultralight-backpacking-tent,Fly 14.3 oz / 405 g + Inner Tent 11.1 oz / 315 g (Regular) + Pole Set 13.0 oz / 365 g (Aluminum) = 1085 g. Sum method confirmed by Durston's own 'Complete Tent 34.7 oz / 985 g (Regular interior + Carbon poles)' = 405 + 315 + 265.,
Durston,X-Dome 1+,Tent,"Regular inner, carbon poles",persons=1,,shelter,983728,manufacturer,https://durstongear.com/products/x-dome-1-plus-ultralight-backpacking-tent,34.7 oz / 985 g (Regular interior + Carbon poles); Fly: 14.3 oz / 405 g; Inner Tent (Regular): 11.1 oz / 315 g; Pole Set (Carbon): 9.3 oz / 265 g,
Durston,X-Dome 1+,Tent,"Regular inner, carbon short poles",persons=1,,shelter,1030000,manufacturer,https://durstongear.com/products/x-dome-1-plus-ultralight-backpacking-tent,"Fly 14.3 oz / 405 g + Inner Tent 11.1 oz / 315 g (Regular) + Pole Set 11.1 oz / 310 g (Carbon Short) = 1030 g. Durston publishes one complete figure — 'Complete Tent 34.7 oz / 985 g (Regular interior + Carbon poles)' — which equals 405 + 315 + 265, confirming the component sum for the other pole/inner configs.",
Durston,X-Dome 1+,Tent,"Solid inner, aluminum poles",persons=1,,shelter,1135000,manufacturer,https://durstongear.com/products/x-dome-1-plus-ultralight-backpacking-tent,Fly 14.3 oz / 405 g + Inner Tent 12.9 oz / 365 g (Solid) + Pole Set 13.0 oz / 365 g (Aluminum) = 1135 g. Sum method confirmed by Durston's own 'Complete Tent 34.7 oz / 985 g (Regular interior + Carbon poles)' = 405 + 315 + 265.,
Durston,X-Dome 1+,Tent,"Solid inner, carbon poles",persons=1,,shelter,1035000,manufacturer,https://durstongear.com/products/x-dome-1-plus-ultralight-backpacking-tent,Fly 14.3 oz / 405 g + Inner Tent 12.9 oz / 365 g (Solid) + Pole Set 9.3 oz / 265 g (Carbon) = 1035 g. Sum method confirmed by Durston's own 'Complete Tent 34.7 oz / 985 g (Regular interior + Carbon poles)' = 405 + 315 + 265.,
Durston,X-Dome 1+,Tent,"Solid inner, carbon short poles",persons=1,,shelter,1080000,manufacturer,https://durstongear.com/products/x-dome-1-plus-ultralight-backpacking-tent,Fly 14.3 oz / 405 g + Inner Tent 12.9 oz / 365 g (Solid) + Pole Set 11.1 oz / 310 g (Carbon Short) = 1080 g. Sum method confirmed by Durston's own 'Complete Tent 34.7 oz / 985 g (Regular interior + Carbon poles)' = 405 + 315 + 265.,
Durston,X-Dome 1+ Groundsheet,Groundsheet,,,,shelter,104893,manufacturer,https://durstongear.com/products/x-dome-1-groundsheet,SPECIFICATIONS WEIGHT X-Dome 1+ Groundsheet 3.7 oz / 105 g. ('Fits X-Dome 1+ only.'),
Durston,X-Dome 2,Tent,"Regular inner, aluminum poles",persons=2,,shelter,1430000,manufacturer,https://durstongear.com/products/x-dome-2-ultralight-tent,Fly 18.0 oz / 510 g + Inner Tent 14.6 oz / 415 g (Regular) + Pole Set 17.8 oz / 505 g (Aluminum) = 1430 g. Sum method confirmed by Durston's own 'Complete Tent 44 oz / 1.26 kg (Regular interior + Carbon poles)' = 510 + 415 + 330.,
Durston,X-Dome 2,Tent,"Regular inner, carbon poles",persons=2,,shelter,1247379,manufacturer,https://durstongear.com/products/x-dome-2-ultralight-tent,44 oz / 1.26 kg (Regular interior + Carbon poles); Fly: 18.0 oz / 510 g; Inner Tent: 14.6 oz / 415 g (Regular); Pole Set: 11.6 oz / 330 g (Carbon). Note: product is named 'X-Dome 2' on Durston's site (no '+' suffix; only the 1P is 'X-Dome 1+').,
Durston,X-Dome 2,Tent,"Regular inner, carbon short poles",persons=2,,shelter,1290000,manufacturer,https://durstongear.com/products/x-dome-2-ultralight-tent,"Fly 18.0 oz / 510 g + Inner Tent 14.6 oz / 415 g (Regular) + Pole Set 12.9 oz / 365 g (Carbon Short) = 1290 g. Durston publishes one complete figure — 'Complete Tent 44 oz / 1.26 kg (Regular interior + Carbon poles)' — which equals 510 + 415 + 330, confirming the component sum for the other pole/inner configs.",
Durston,X-Dome 2,Tent,"Solid inner, aluminum poles",persons=2,,shelter,1535000,manufacturer,https://durstongear.com/products/x-dome-2-ultralight-tent,Fly 18.0 oz / 510 g + Inner Tent 18.3 oz / 520 g (Solid) + Pole Set 17.8 oz / 505 g (Aluminum) = 1535 g. Sum method confirmed by Durston's own 'Complete Tent 44 oz / 1.26 kg (Regular interior + Carbon poles)' = 510 + 415 + 330.,
Durston,X-Dome 2,Tent,"Solid inner, carbon poles",persons=2,,shelter,1360000,manufacturer,https://durstongear.com/products/x-dome-2-ultralight-tent,Fly 18.0 oz / 510 g + Inner Tent 18.3 oz / 520 g (Solid) + Pole Set 11.6 oz / 330 g (Carbon) = 1360 g. Sum method confirmed by Durston's own 'Complete Tent 44 oz / 1.26 kg (Regular interior + Carbon poles)' = 510 + 415 + 330.,
Durston,X-Dome 2,Tent,"Solid inner, carbon short poles",persons=2,,shelter,1395000,manufacturer,https://durstongear.com/products/x-dome-2-ultralight-tent,Fly 18.0 oz / 510 g + Inner Tent 18.3 oz / 520 g (Solid) + Pole Set 12.9 oz / 365 g (Carbon Short) = 1395 g. Sum method confirmed by Durston's own 'Complete Tent 44 oz / 1.26 kg (Regular interior + Carbon poles)' = 510 + 415 + 330.,
Durston,X-Dome 2 Groundsheet,Groundsheet,,,,shelter,144583,manufacturer,https://durstongear.com/products/x-dome-2-groundsheet,SPECIFICATIONS WEIGHT X-Dome 2 Groundsheet 5.1 oz / 145 g. ('Fits X-Dome 2 only.'),
Durston,X-Mid 1,Tent,,persons=1,,shelter,742758,manufacturer,https://durstongear.com/products/x-mid-1-tent-ultralight-backpacking,Complete Tent: 26.2 oz / 745 g (Fly: 16.2 oz / 460 g; Inner Tent: 10.0 oz / 285 g),
Durston,X-Mid 1 Groundsheet,Groundsheet,,,,shelter,104893,manufacturer,https://durstongear.com/products/x-mid-1-groundsheet,SPECIFICATIONS WEIGHT X-Mid 1 Groundsheet 3.7 oz / 105 g. MATERIALS Fabric 20D Sil/PE polyester in Grey. (Shared groundsheet spec table; 'Works with post-2024 X-Mid 1 and X-Mid 1 Solid only.'),
Durston,X-Mid 1 Solid,Tent,,persons=1,,shelter,890175,manufacturer,https://durstongear.com/products/x-mid-1-solid,"SPECIFICATIONS WEIGHT Fly 18.7 oz / 530 g - Inner Tent 12.7 oz / 360 g - Complete Tent 31.4 oz / 890 g - Stuff Sack 0.4 oz / 12 g. (Solid-inner version of the X-Mid 1; 20D Sil/PE polyester canopy and floor, 15D ripstop nylon inner.)",
Durston,X-Mid 2,Tent,,persons=2,,shelter,887340,manufacturer,https://durstongear.com/products/x-mid-2-tent-ultralight-backpacking,Complete Tent: 31.3 oz / 890 g (Fly: 18.8 oz / 535 g; Inner Tent: 12.5 oz / 355 g),
Durston,X-Mid 2 Groundsheet,Groundsheet,,,,shelter,144583,manufacturer,https://durstongear.com/products/x-mid-2-groundsheet,"SPECIFICATIONS WEIGHT X-Mid 2 Groundsheet 5.1 oz / 146 g. ('Works with the X-Mid 2, X-Mid 2 Solid (all years), and X-Mid Pro 2+'.)",
Durston,X-Mid 2 Solid,Tent,,persons=2,,shelter,1063107,manufacturer,https://durstongear.com/products/x-mid-2-solid,SPECIFICATIONS WEIGHT Fly 21.8 oz / 620 g - Inner Tent 15.7 oz / 445 g - Complete Tent 37.5 oz / 1065 g - Stuff Sack 0.5 oz / 15 g.,
Durston,X-Mid Pro 1,Tent,DCF,persons=1,,shelter,439418,manufacturer,https://durstongear.com/products/x-mid-pro-1-tent-ultralight-thruhiking,WEIGHT 15.5 oz / 440 g (tent; Dyneema floor),
Durston,X-Mid Pro 1,Tent,Silnylon,persons=1,,shelter,484777,manufacturer,https://durstongear.com/products/x-mid-pro-1-tent-ultralight-thruhiking,WEIGHT Tent 15.5 oz / 440 g (Dyneema® floor) or 17.1 oz / 485 g (Silnylon floor). (Floor is a purchase option: 'Dyneema' or 'Woven'; the canopy is Dyneema Composite Fabric either way.),
Durston,X-Mid Pro 1 Groundsheet,Groundsheet,,,,shelter,93553,manufacturer,https://durstongear.com/products/x-mid-pro-1-groundsheet,SPECIFICATIONS WEIGHT X-Mid Pro 1 Groundsheet 3.3 oz / 95 g. ('Works with the X-Mid Pro 1 (all years). Also works with the 2019-2024 X-Mid 1 and X-Mid 1 Solid.'),
Durston,X-Mid Pro 2,Tent,DCF,persons=2,,shelter,507456,manufacturer,https://durstongear.com/products/x-mid-pro-2-tent-ultralight-thruhiking,Tent: 17.9 oz / 509 g (Dyneema® floor),
Durston,X-Mid Pro 2,Tent,Silnylon,persons=2,,shelter,564156,manufacturer,https://durstongear.com/products/x-mid-pro-2-tent-ultralight-thruhiking,WEIGHT Tent 17.9 oz / 509 g (Dyneema® floor) or 19.9 oz / 565 g (Silnylon floor).,
Durston,X-Mid Pro 2 Groundsheet,Groundsheet,,,,shelter,136078,manufacturer,https://durstongear.com/products/x-mid-pro-2-groundsheet,SPECIFICATIONS WEIGHT X-Mid Pro 2 Groundsheet 4.8 oz / 135 g. ('Works with the X-Mid Pro 2 only (all years).'),
Durston,X-Mid Pro 2+,Tent,DCF,persons=2,,shelter,544311,manufacturer,https://durstongear.com/products/x-mid-pro-plus-tent-ultralight-thruhiking,WEIGHT Tent 19.2 oz / 545 g (Dyneema® floor) or 21.5 oz / 610 g (Silnylon floor) - Stuff Sack 0.3oz / 8g (Dyneema®).,
Durston,X-Mid Pro 2+,Tent,Silnylon,persons=2,,shelter,609515,manufacturer,https://durstongear.com/products/x-mid-pro-plus-tent-ultralight-thruhiking,WEIGHT Tent 19.2 oz / 545 g (Dyneema® floor) or 21.5 oz / 610 g (Silnylon floor).,
Durston,X-Mid Pro 2+ Groundsheet,Groundsheet,,,,shelter,144583,manufacturer,https://durstongear.com/products/x-mid-pro-2-plus-groundsheet,"SPECIFICATIONS WEIGHT X-Mid Pro 2+ Groundsheet 5.1 oz / 146 g. ('Same groundsheet as X-Mid 2 (listed separately for clarity). Works with the X-Mid Pro 2+ (all years), X-Mid 2, and X-Mid 2 Solid'.)",
ENO,DoubleNest Hammock,Hammock,,,,shelter,538641,manufacturer,https://coontail.com/products/eno-doublenest-hammock,Weight: 19 oz / 538 g,
ENO,SingleNest Hammock,Hammock,,,,shelter,453592,manufacturer,https://www.campingworld.com/eno-singlenest-hammock-218830_OGRY.html,"ENO SingleNest, hammock only: 16 oz / 454 g",
ENO,Sub6 Ultralight Hammock,Hammock,,,,shelter,164427,manufacturer,https://eaglesnestoutfittersinc.com/products/sub6-ultralight-hammock,Weight: 5.8 oz / 164 g,
Etowah Outfitters,Dyneema Tarp,Tarp,5ft x 8.5ft,,,shelter,96000,manufacturer,https://www.garagegrowngear.com/products/dyneema-tarp-by-etowah-outfitters,Weight: 3.4oz | 96g,
Etowah Outfitters,Dyneema Tarp,Tarp,7ft x 9ft,,,shelter,150000,manufacturer,https://www.garagegrowngear.com/products/dyneema-tarp-by-etowah-outfitters,Weight: 5.3oz | 150g,
Etowah Outfitters,Dyneema Tarp,Tarp,8.5ft x 10ft,,,shelter,181000,manufacturer,https://www.garagegrowngear.com/products/dyneema-tarp-by-etowah-outfitters,Weight: 6.4oz | 181g,
Etowah Outfitters,Silnylon Tarp,Tarp,5ft x 8ft,,,shelter,227000,manufacturer,https://www.garagegrowngear.com/products/silnylon-tarp-by-etowah-outfitters,Weight: 8oz | 227g,
Etowah Outfitters,Silnylon Tarp,Tarp,6ft x 10ft,,,shelter,340000,manufacturer,https://www.garagegrowngear.com/products/silnylon-tarp-by-etowah-outfitters,Weight: 12oz | 340g,
Etowah Outfitters,Silnylon Tarp,Tarp,8ft x 10ft,,,shelter,397000,manufacturer,https://www.garagegrowngear.com/products/silnylon-tarp-by-etowah-outfitters,Weight: 14oz | 397g,
Etowah Outfitters,Ultra TNT Tarp,Tarp,5ft x 8ft,,,shelter,142000,manufacturer,https://www.garagegrowngear.com/products/ultra-tnt-tarp-by-etowah-outfitters,5x8: 5oz | 142g,
Etowah Outfitters,Ultra TNT Tarp,Tarp,7ft x 9ft,,,shelter,255000,manufacturer,https://www.garagegrowngear.com/products/ultra-tnt-tarp-by-etowah-outfitters,7x9: 9oz | 255g,
Etowah Outfitters,Ultra TNT Tarp,Tarp,8ft x 10ft,,,shelter,283000,manufacturer,https://www.garagegrowngear.com/products/ultra-tnt-tarp-by-etowah-outfitters,8x10: 10oz | 283g,
Gossamer Gear,DCF Whisper Shelter,Tarp,,,,shelter,278000,manufacturer,https://www.garagegrowngear.com/products/the-whisper-shelter-by-gossamer-gear,Shelter: 9.8oz | 278g,
Gossamer Gear,Polycro Tent Ground Cloth,Groundsheet,,,,shelter,168000,manufacturer,https://www.garagegrowngear.com/products/polycro-tent-footprint-by-gossamer-gear,Weight: 5.9oz | 168g,
Gossamer Gear,Solo Tarp,Tarp,,,,shelter,202000,manufacturer,https://www.garagegrowngear.com/products/solo-tarp-by-gossamer-gear,Tarp: 7.1oz | 202g (includes cord),
Gossamer Gear,The Free,Tent,1P,persons=1,,shelter,936101,manufacturer,https://www.gossamergear.com/products/the-free,"Trail Weight (fly, body, poles) 29.8 oz / 845 g. Total Weight 33.02 oz / 935.8 g (fly, body, poles, stakes, guylines, stuff sack, pole repair section, pole bag)",
Gossamer Gear,The One,Tent,,persons=1,,shelter,557919,manufacturer,https://www.gossamergear.com/products/the-one,"Shelter 19.68 oz / 558 g (single-wall trekking-pole shelter body; Total 22.24 oz / 630.4 g incl. 6 stakes, stuff sack, clothes line)",
Gossamer Gear,The Two,Tent,,persons=2,,shelter,798039,manufacturer,https://www.gossamergear.com/products/the-two,"Shelter Body 28.15 oz / 798 g (single-wall trekking-pole shelter body; Total 30.5 oz / 864.3 g incl. 6 stakes, stuff sack, clothes line)",
Gossamer Gear,Twinn Tarp,Tarp,,,,shelter,332000,manufacturer,https://www.garagegrowngear.com/products/twinn-tarp-by-gossamer-gear,Tarp (includes cord): 11.7oz | 332g,
Hammock Gear,Journey Tarp,Tarp,,,,shelter,464000,manufacturer,https://www.garagegrowngear.com/products/journey-tarp-by-hammock-gear,Weight: 16.37oz | 464g,
Hammock Gear,Quest Tarp,Tarp,,,,shelter,351000,manufacturer,https://www.garagegrowngear.com/products/the-quest-by-hammock-gear,Weight: 12.38oz | 351g,
Hammock Gear,Standard Hammock,Hammock,,,,shelter,383000,manufacturer,https://www.garagegrowngear.com/products/standard-hammock-by-hammock-gear,Hammock: 13.5oz | 383g,
High Tail Designs,Printed Tyvek Ground Cloth,Groundsheet,,,,shelter,137000,manufacturer,https://www.garagegrowngear.com/products/tyvek-ground-cloth-by-high-tail-designs,Weight: 4.9oz | 137g,
Hyperlite Mountain Gear,CrossPeak 1,Tent,,persons=1,,shelter,813631,manufacturer,https://www.hyperlitemountaingear.com/products/crosspeak-1,28.7 oz | 813 g,
Hyperlite Mountain Gear,CrossPeak 2,Tent,,persons=2,,shelter,964000,manufacturer,https://www.garagegrowngear.com/products/crosspeak-2-by-hyperlite-mountain-gear,Weight: 34oz | 964g,
Hyperlite Mountain Gear,Flat Tarp,Tarp,8ft 6in x 8ft 6in,,,shelter,255000,manufacturer,https://www.garagegrowngear.com/products/flat-tarp-by-hyperlite-mountain-gear,Weight: 9oz | 255g,
Hyperlite Mountain Gear,Flat Tarp,Tarp,8ft x 10ft,,,shelter,309000,manufacturer,https://www.garagegrowngear.com/products/flat-tarp-by-hyperlite-mountain-gear,Weight: 10.9oz | 309g,
Hyperlite Mountain Gear,Mid 1,Tent,,persons=1,,shelter,453592,manufacturer,https://hyperlitemountaingear.com/products/mid-1-tent,Weight: 16oz | 454g,
Hyperlite Mountain Gear,UltaMid 2,Tent,canopy only,persons=2,,shelter,541476,manufacturer,https://hyperlitemountaingear.com/products/ultamid-2-ultralight-pyramid-tent,Weight: 19.1oz | 541g,
Hyperlite Mountain Gear,UltaMid 4,Tent,canopy only,persons=4,,shelter,635029,manufacturer,https://hyperlitemountaingear.com/products/ultamid-4-ultralight-pyramid-tent,Weight: 22.4oz | 635g,
Hyperlite Mountain Gear,UltaMid Insert with DCF11 Floor,Inner tent,UltaMid 2,,,shelter,623690,manufacturer,https://www.garagegrowngear.com/products/ultamid-insert-with-cuben-floor-by-hyperlite-mountain-gear,Weight: 22oz | 624cm,
Hyperlite Mountain Gear,UltaMid Insert with DCF11 Floor,Inner tent,UltaMid 4,,,shelter,799000,manufacturer,https://www.garagegrowngear.com/products/ultamid-insert-with-cuben-floor-by-hyperlite-mountain-gear,Weight: 28.2oz | 799g,
Hyperlite Mountain Gear,UltaMid Mesh Insert,Inner tent,"UltaMid 2, no floor",,,shelter,383000,manufacturer,https://www.garagegrowngear.com/products/ultamid-insert-with-mesh-skirt-by-hyperlite-mountain-gear,Weight: 13.6oz | 383g,
Hyperlite Mountain Gear,UltaMid Mesh Insert,Inner tent,"UltaMid 4, no floor",,,shelter,465000,manufacturer,https://www.garagegrowngear.com/products/ultamid-insert-with-mesh-skirt-by-hyperlite-mountain-gear,Weight: 16.4oz | 465g,
Hyperlite Mountain Gear,UltaMid Pyramid Tent,Tent,2 Person,persons=2,,shelter,541000,manufacturer,https://www.garagegrowngear.com/products/ultamid-shelter-by-hyperlite-mountain-gear,Weight: 19.1oz | 541g,
Hyperlite Mountain Gear,UltaMid Pyramid Tent,Tent,4 Person,persons=4,,shelter,635000,manufacturer,https://www.garagegrowngear.com/products/ultamid-shelter-by-hyperlite-mountain-gear,Weight: 22.4oz | 635g,
Hyperlite Mountain Gear,Unbound 2P,Tent,,persons=2,,shelter,624000,manufacturer,https://www.garagegrowngear.com/products/unbound-2p-by-hyperlite-mountain-gear,Weight: 22oz | 624g,
Katabatic Gear,Bristlecone Bivy,Bivy,5ft 6in,length=5ft 6in,,shelter,198000,manufacturer,https://www.garagegrowngear.com/products/bristlecone-bivy-by-katabatic-gear,"5'6"": 7oz | 198g",
Katabatic Gear,Bristlecone Bivy,Bivy,6ft,length=6ft,,shelter,207000,manufacturer,https://www.garagegrowngear.com/products/bristlecone-bivy-by-katabatic-gear,6': 7.3oz | 207g,
Katabatic Gear,Bristlecone Bivy,Bivy,6ft 6in,length=6ft 6in,,shelter,218000,manufacturer,https://www.garagegrowngear.com/products/bristlecone-bivy-by-katabatic-gear,"6'6"": 7.7oz | 218g",
Katabatic Gear,Bristlecone Bivy,Bivy,6ft 6in Wide,length=6ft 6in; width=Wide,,shelter,232000,manufacturer,https://www.garagegrowngear.com/products/bristlecone-bivy-by-katabatic-gear,"6'6"" Wide: 8.2oz | 232g",
Katabatic Gear,Bristlecone Bivy,Bivy,6ft Wide,length=6ft; width=Wide,,shelter,221000,manufacturer,https://www.garagegrowngear.com/products/bristlecone-bivy-by-katabatic-gear,6' Wide: 7.8oz | 221g,
Katabatic Gear,Piñon Bivy,Bivy,5ft 6in,length=5ft 6in,,shelter,198000,manufacturer,https://www.garagegrowngear.com/products/pinon-bivy-by-katabatic-gear,7oz | 198g,
Katabatic Gear,Piñon Bivy,Bivy,6ft,length=6ft,,shelter,207000,manufacturer,https://www.garagegrowngear.com/products/pinon-bivy-by-katabatic-gear,7.3oz | 207g,
Katabatic Gear,Piñon Bivy,Bivy,6ft 6in,length=6ft 6in,,shelter,218000,manufacturer,https://www.garagegrowngear.com/products/pinon-bivy-by-katabatic-gear,7.7oz | 218g,
Katabatic Gear,Piñon Bivy,Bivy,6ft 6in Wide,length=6ft 6in; width=Wide,,shelter,232000,manufacturer,https://www.garagegrowngear.com/products/pinon-bivy-by-katabatic-gear,8.2oz | 232g,
Katabatic Gear,Piñon Bivy,Bivy,6ft Wide,length=6ft; width=Wide,,shelter,221000,manufacturer,https://www.garagegrowngear.com/products/pinon-bivy-by-katabatic-gear,7.8oz | 221g,
Kelty,Late Start 2,Tent,2P,persons=2,,shelter,2154563,manufacturer,https://www.kelty.com/late-start-2p/,Minimum Weight: 4 lbs 5 oz / 1.9 kg. Packed Weight: 4 lbs 12 oz / 2.1 kg,
LightHeart Gear,Duo Silnylon Tent,Tent,,persons=2,,shelter,1091000,manufacturer,https://www.garagegrowngear.com/products/duo-sil-nylon-tent-by-lightheart-gear,Tent: 38.5oz | 1091g,
LightHeart Gear,FireFly 1P Silnylon Tent,Tent,,persons=1,,shelter,895000,manufacturer,https://www.garagegrowngear.com/products/firefly-sil-nylon-tent-by-lightheart-gear,Tent: 31.5oz | 895g,
LightHeart Gear,SoLong 6 1P Tent,Tent,,persons=1,,shelter,964000,manufacturer,https://www.garagegrowngear.com/products/solong-6-1p-tent-by-lightheart-gear,Tent: 34oz | 964g,
Liteway,PyraOmm Duo Tarp DCF,Tarp,,,,shelter,260000,manufacturer,https://liteway.equipment/pyraomm-duo-tarp-dcf,Weight: 260 g / 296 g with guylines and stuff sack,
Locus Gear,Hapi,Tent,DCF-B,persons=2,,shelter,350000,manufacturer,https://locusgear.com/en-us/products/hapi-dcf-b,350g (incl. stuff sack),
Locus Gear,Khafra,Tent,DCF-B,,persons,shelter,500000,manufacturer,https://locusgear.com/en-us/products/khafra-dcf-b,500g (incl. stuff sack),
Locus Gear,Khufu,Tent,DCF-B,persons=2,,shelter,335000,manufacturer,https://locusgear.com/en-us/products/khufu-dcf-b,335g (incl. stuff sack),
Marmot,Tungsten 2P,Tent,trail weight,persons=2,,shelter,2258890,manufacturer,https://www.rei.com/product/200288/marmot-tungsten-2p-tent-with-footprint,Minimum trail weight: 4 lbs. 15.7 oz.,
Marmot,Tungsten UL 2P,Tent,trail weight,persons=2,,shelter,1340000,manufacturer,https://marmotau.com/products/tungsten-ul-2p-2,Minimum Weight: 1340g,
Mountain Hardwear,AC 2 Footprint,Groundsheet,,,,shelter,239000,manufacturer,https://www.mountainhardwear.com/p/ac-2-footprint-2102461.html,Approx. Weight Minimum*: 8.4 oz / 239 g,
Mountain Hardwear,AC 2 Person Tent,Tent,,persons=2,,shelter,1811000,manufacturer,https://www.mountainhardwear.com/p/ac-2-person-tent-2102471.html,Approx. Weight Packed*: 3 lb 15.9 oz / 1811 g; Approx. Weight Minimum*: 3 lb 7.1 oz / 1562 g,
Mountain Hardwear,AC 2 Tent Accessory Vestibule,Vestibule,,,,shelter,771000,manufacturer,https://www.mountainhardwear.com/p/ac-2-tent-accessory-vestibule-2102481.html,Approx. Weight Packed*: 1 lb 11.2 oz / 771 g; Approx. Weight Minimum*: 1 lb 5.9 oz / 620 g,
Mountain Hardwear,Aspect 2 Person Tent,Tent,,persons=2,,shelter,1530000,manufacturer,https://www.mountainhardwear.com/p/aspect-2-person-tent-2102501.html,Approx. Weight Packed*: 3 lb 6 oz / 1530 g; Approx. Weight Minimum*: 2 lb 14.7 oz / 1324 g,
Mountain Hardwear,Aspect 3 Footprint,Groundsheet,,,,shelter,263000,manufacturer,https://www.mountainhardwear.com/p/aspect-3-footprint-2102511.html,Approx. Weight Minimum*: 9.3 oz / 263 g,
Mountain Hardwear,Aspect 3 Person Tent,Tent,,persons=3,,shelter,1874000,manufacturer,https://www.mountainhardwear.com/p/aspect-3-person-tent-2102521.html,Approx. Weight Packed*: 4 lb 2.1 oz / 1874 g; Approx. Weight Minimum*: 3 lb 10.7 oz / 1664 g,
Mountain Hardwear,Mineral King 2 Person All Season Tent,Tent,,persons=2,,shelter,2977000,manufacturer,https://www.mountainhardwear.com/p/mineral-king-2-person-all-season-tent-2063611.html,Approx. Weight Packed*: 6 lb 9 oz / 2977 g; Approx. Weight Minimum*: 5 lb 8.3 oz / 2504 g,
Mountain Hardwear,Mineral King 2 Person Tent,Tent,,persons=2,,shelter,2947000,manufacturer,https://www.mountainhardwear.com/p/mineral-king-2-person-tent-2102581.html,Approx. Weight Packed*: 6 lb 8 oz / 2947 g; Approx. Weight Minimum*: 5 lb 7.9 oz / 2491 g,
Mountain Hardwear,Mineral King 3 Person All Season Tent,Tent,,persons=3,,shelter,3555000,manufacturer,https://www.mountainhardwear.com/p/mineral-king-3-person-all-season-tent-2063621.html,Approx. Weight Packed*: 7 lb 13.4 oz / 3555 g; Approx. Weight Minimum*: 6 lb 9.9 oz / 3002 g,
Mountain Hardwear,Mineral King 3 Person Tent,Tent,,persons=3,,shelter,3564000,manufacturer,https://www.mountainhardwear.com/p/mineral-king-3-person-tent-2102591.html,Approx. Weight Packed*: 7 lb 13.7 oz / 3564 g; Approx. Weight Minimum*: 6 lb 10.8 oz / 3028 g,
Mountain Hardwear,Nimbus UL 1 Footprint,Groundsheet,,,,shelter,123000,manufacturer,https://www.mountainhardwear.jp/shop/g/gOU7490073--OZS000/,重量(g) (目安) 123 g,
Mountain Hardwear,Nimbus UL 2 Footprint,Groundsheet,,,,shelter,173000,manufacturer,https://www.mountainhardwear.jp/shop/g/gOU7485073--OZS000/,重量(g) (目安) 173 g,
Mountain Hardwear,Nimbus Ultralight 1 Person Tent,Tent,,persons=1,,shelter,872000,manufacturer,https://www.mountainhardwear.com/p/nimbus-ultralight-1-person-tent-2102611.html,Approx. Weight Packed*: 1 lb 14.8 oz / 872 g; Approx. Weight Minimum*: 1 lb 11.2 oz / 770 g,
Mountain Hardwear,Nimbus Ultralight 2 Person Tent,Tent,,persons=2,,shelter,1037000,manufacturer,https://www.mountainhardwear.com/p/nimbus-ultralight-2-person-tent-2102631.html,Approx. Weight Packed*: 2 lb 4.6 oz / 1037 g; Approx. Weight Minimum*: 2 lb 0.5 oz / 920 g,
Mountain Hardwear,Space Station Dome Tent,Tent,,persons=8,,shelter,38938000,manufacturer,https://www.mountainhardwear.com/p/space-station-dome-tent-2102641.html,Approx. Weight Packed*: 85 lb 13.5 oz / 38938 g; Approx. Weight Minimum*: 77 lb 15.9 oz / 35376 g,
Mountain Hardwear,SpaceStation Footprint,Groundsheet,,,,shelter,4131000,manufacturer,https://www.mountainhardwear.com/p/spacestation-footprint-2102651.html,Approx. Weight Minimum*: 9 lb 1.7 oz / 4131 g,
Mountain Hardwear,Stronghold Dome Tent,Tent,,persons=6,,shelter,22136000,manufacturer,https://www.mountainhardwear.com/p/stronghold-dome-tent-2102681.html,Approx. Weight Packed*: 48 lb 12.8 oz / 22136 g; Approx. Weight Minimum*: 43 lb 0.3 oz / 19514 g,
Mountain Hardwear,Stronghold Footprint,Groundsheet,,,,shelter,2305000,manufacturer,https://www.mountainhardwear.com/p/stronghold-footprint-2102691.html,Approx. Weight Minimum*: 5 lb 1.3 oz / 2305 g,
Mountain Hardwear,Trango 2 Footprint,Groundsheet,,,,shelter,415000,manufacturer,https://www.mountainhardwear.com/p/trango-2-footprint-2102701.html,Approx. Weight Minimum*: 14.6 oz / 415 g,
Mountain Hardwear,Trango 2 Person Tent,Tent,,persons=2,,shelter,4280000,manufacturer,https://www.mountainhardwear.com/p/trango-2-person-tent-2102711.html,Approx. Weight Packed*: 9 lb 7 oz / 4280 g; Approx. Weight Minimum*: 8 lb 7.3 oz / 3835 g,
Mountain Hardwear,Trango 3 Footprint,Groundsheet,,,,shelter,465000,manufacturer,https://www.mountainhardwear.com/p/trango-3-footprint-2102721.html,Approx. Weight Minimum*: 1 lb 0.4 oz / 465 g,
Mountain Hardwear,Trango 3 Person Tent,Tent,,persons=3,,shelter,5043000,manufacturer,https://www.mountainhardwear.com/p/trango-3-person-tent-2102731.html,Approx. Weight Packed*: 11 lb 1.9 oz / 5043 g; Approx. Weight Minimum*: 10 lb 1.5 oz / 4578 g,
Mountain Hardwear,Trango 4 Footprint,Groundsheet,,,,shelter,566000,manufacturer,https://www.mountainhardwear.com/p/trango-4-footprint-2102741.html,Approx. Weight Minimum*: 1 lb 4 oz / 566 g,
Mountain Hardwear,Trango 4 Person Tent,Tent,,persons=4,,shelter,5533000,manufacturer,https://www.mountainhardwear.com/p/trango-4-person-tent-2102751.html,Approx. Weight Packed*: 12 lb 3.2 oz / 5533 g; Approx. Weight Minimum*: 10 lb 15.7 oz / 4980 g,
Mountain Laurel Designs,Cricket Pyramid Tarp,Tarp,0.5 DCF,,,shelter,212621,manufacturer,https://mountainlaureldesigns.com/product/cricket-pyramid-tarp/,7.5 oz (.5 DCF) → 213gm,
Mountain Laurel Designs,Cricket Pyramid Tarp,Tarp,0.8 DCF,,,shelter,255146,manufacturer,https://mountainlaureldesigns.com/product/cricket-pyramid-tarp/,9 oz (.8 DCF) → 255 gm,
Mountain Laurel Designs,Cricket Pyramid Tarp,Tarp,20d Pro SilPoly,,,shelter,354369,manufacturer,https://mountainlaureldesigns.com/product/cricket-pyramid-tarp/,12.5 oz (20d Pro SilPoly) → 354gm,
Mountain Laurel Designs,DuoMid,Tent,0.75 DCF,persons=2,,shelter,439418,manufacturer,https://mountainlaureldesigns.com/product/duomid/,WEIGHT: 15.5oz | 439gm,
Mountain Laurel Designs,DuoMid,Tent,Silpoly,persons=2,,shelter,510291,manufacturer,https://mountainlaureldesigns.com/product/duomid/,WEIGHT: 18 oz | 510 gm,
Mountain Laurel Designs,SoloMid XL,Tent,0.75 DCF,persons=1,,shelter,396893,manufacturer,https://mountainlaureldesigns.com/product/solomid-xl/,WEIGHT: 14 oz – 396 gm,
Mountain Laurel Designs,SoloMid XL,Tent,Silpoly,persons=1,,shelter,453592,manufacturer,https://mountainlaureldesigns.com/product/solomid-xl/,WEIGHT: 16 oz – 453 gm,
MSR,FreeLite,Tent,2P,persons=2,,shelter,1048933,manufacturer,https://cascadedesigns.com/products/freelite-2-person-ultralight-backpacking-tent,Minimum Weight: 2 lb (0.91 kg). Packed Weight: 2 lb 5 oz (1.06 kg),
MSR,Hubba Hubba LT,Tent,2P,persons=2,,shelter,1530874,manufacturer,https://cascadedesigns.com/products/hubba-hubba-lt-2-person-tent,Minimum Weight: 3 lb (1.36 kg). Packed Weight: 3 lb 6 oz (1.54 kg),
Naturehike,Cloud Up 2,Tent,"20D, trail weight",persons=2,,shelter,1380000,manufacturer,https://www.naturehike.com/products/cloud-up-2-person-ultralight-backpacking-tent,Minimum Weight: approx. 1.38 kg / 3.04 lbs,
Naturehike,Mongar 2,Tent,2P,persons=2,,shelter,2200000,manufacturer,https://www.naturehike.com/products/mongar-2-person-ultralight-backpacking-tent,"2.2kg all-in, including the supplied footprint",
Nemo,Dagger OSMO 3P,Tent,,persons=3,,shelter,2012816,manufacturer,https://www.nemoequipment.com/products/dagger-osmo,Capacity 3-Person. Minimum Weight 3 lb 13 oz | 1.74 kg. Packed Weight 4 lb 7 oz | 2.0 kg,
Nemo,Dagger OSMO 3P Footprint,Groundsheet,,,,shelter,300505,manufacturer,https://www.rei.com/product/242377/nemo-dagger-osmo-3p-footprint,Weight 10.6 ounces,
Nemo,Dragonfly OSMO,Tent,1P,persons=1,,shelter,1230000,manufacturer,https://www.gearx.com/products/nemo-equipment-dragonfly-osmo-1p-tent-ai7bp-fog,Minimum Weight: 2 lbs 3 oz/ 1.0 kg. Packed Weight: 2 lbs 12 oz/ 1.23 kg,
Nemo,Dragonfly OSMO,Tent,2P,persons=2,,shelter,1502525,manufacturer,https://www.nemoequipment.com/products/dragonfly-osmo,Capacity 2-Person. Minimum Weight 2 lb 13 oz | 1.26 kg. Packed Weight 3 lb 5 oz | 1.5 kg,
Nemo,Dragonfly OSMO,Tent,3P,persons=3,,shelter,1720000,manufacturer,https://backpackersshop.com/products/dragonfly-3p-osmo,Minimum Weight: 3 lb 5 oz / 1.49 kg. Packed Weight: 3 lb 13 oz / 1.72 kg,
Nemo,Hornet Elite OSMO,Tent,1P,persons=1,,shelter,812000,manufacturer,https://www.outdoorline.eu/products/nemo-hornet-elite-osmo-1p,"Minimum Weight: 657 g / 1 lb , 7 oz. Packed Weight: 812 g / 1 lb , 13 oz",
Nemo,Hornet Elite OSMO,Tent,2P,persons=2,,shelter,935000,manufacturer,https://www.outdoorline.eu/products/nemo-hornet-elite-osmo-2p,"Minimum Weight: 779 g / 1 lb , 11 oz. Packed Weight: 935 g / 2 lb , 1 oz",
Nemo,Hornet OSMO,Tent,1P,persons=1,,shelter,1020583,manufacturer,https://www.nemoequipment.com/products/hornet-osmo,Capacity 1-Person. Minimum Weight 1 lb 13 oz | 822 g. Packed Weight 2 lb 4 oz | 1.0 kg,
Nemo,Hornet OSMO,Tent,2P,persons=2,,shelter,1133981,manufacturer,https://www.nemoequipment.com/products/hornet-osmo,Capacity 2-Person. Minimum Weight 2 lb 1 oz | 948 g. Packed Weight 2 lb 8 oz | 1.1 kg,
Outdoor Research,Helium UL Bivy,Bivy,,,,shelter,511000,manufacturer,https://www.outdoorresearch.com/products/helium-ul-bivy-322699,Weight: 18.02 oz/ 511 g,
PaaGo Works,NINJA TENT,Tent,,persons=2,,shelter,1160000,manufacturer,https://www.paagoworks.com/en/products/ninja-tent,"1160g (rain fly, inner tent and 2 poles)",
Samaya Equipment,INSPIRE2 Tent,Tent,,persons=2,,shelter,1230000,manufacturer,https://www.garagegrowngear.com/products/inspire2-tent-by-samaya-equipment,Minimum: 2lbs 11oz | 1230g,
Samaya Equipment,INSTANT2 Footprint,Groundsheet,,,,shelter,152000,manufacturer,https://www.garagegrowngear.com/products/instant2-footprint-by-samaya,Weight: 5oz | 152g,
Samaya Equipment,INSTANT2 Tent,Tent,,persons=2,,shelter,995000,manufacturer,https://www.garagegrowngear.com/products/instant2-by-samaya,Minimum: 35oz | 995g,
Samaya Equipment,OPTI1.5 Tent,Tent,,persons=1.5,,shelter,700000,manufacturer,https://www.garagegrowngear.com/products/opti1-5-tent-by-samaya,Weight: 25oz | 700g,
Samaya Equipment,RADICAL1 Footprint,Groundsheet,,,,shelter,90000,manufacturer,https://www.garagegrowngear.com/products/radical1-footprint-by-samaya-equipment,Minimum: 3oz | 90g,
Samaya Equipment,RADICAL1 Tent,Tent,,persons=1,,shelter,610000,manufacturer,https://www.garagegrowngear.com/products/radical1-tent-by-samaya-equipment,Weight: 21.5oz | 610g (minimum),
Samaya Equipment,Samaya2.0 Footprint,Groundsheet,,,,shelter,155000,manufacturer,https://www.garagegrowngear.com/products/samaya2-0-footprint-by-samaya,Minimum: 5oz | 155g,
Samaya Equipment,Samaya2.0 Tent,Tent,,persons=2,,shelter,1305000,manufacturer,https://www.garagegrowngear.com/products/samaya2-0-tent-by-samaya,Weight: 2lbs 14oz | 1305g (minimum),
Samaya Equipment,Samaya2.0 Vestibule,Vestibule,,,,shelter,550000,manufacturer,https://www.garagegrowngear.com/products/samaya2-0-vestibule-by-samaya,Weight: 1lb 3oz | 550g (minimum),
Samaya Equipment,Samaya2.5 Tent,Tent,,persons=2.5,,shelter,1570000,manufacturer,https://www.garagegrowngear.com/products/samaya2-5-tent-by-samaya,Weight: 55oz | 1570g (minimum),
Samaya Equipment,Samaya2.5 Vestibule,Vestibule,,,,shelter,630000,manufacturer,https://www.garagegrowngear.com/products/samaya2-5-vestibule-by-samaya,Minimum: 1lb 6oz | 630g,
Samaya Equipment,TARP_001,Tarp,,,,shelter,165000,manufacturer,https://www.garagegrowngear.com/products/tarp_001-by-samaya-equipment,Weight: 5.8oz | 165g (minimum),
Sea to Summit,Telos Evo Tent,Tent,TR2,persons=2,,shelter,1625000,manufacturer,https://seatosummit.com/products/telos-evo-tent,Minimum Trail Weight 1577 g 55.63 oz. Packed Weight 1625 g 57.3 oz,
Six Moon Designs,Gatewood Cape,Poncho tarp,,,,shelter,311845,manufacturer,https://www.sixmoondesigns.com/products/gatewood-cape,11 oz | 310 g (Does not include Stakes or pole),
Six Moon Designs,Haven Two Person Tent,Tent,,persons=2,,shelter,963000,manufacturer,https://www.garagegrowngear.com/products/haven-two-person-ultralight-tent-by-six-moon-designs,Total: 34oz | 963g,
Six Moon Designs,Lunar Duo Explorer,Tent,,persons=2,,shelter,1276000,manufacturer,https://www.garagegrowngear.com/products/lunar-duo-explorer-by-six-moon-designs,Weight: 45oz | 1276g,
Six Moon Designs,Lunar Duo Outfitter,Tent,,persons=2,,shelter,1600000,manufacturer,https://www.garagegrowngear.com/products/lunar-duo-outfitter-by-six-moon-designs,Weight: 57oz | 1600g,
Six Moon Designs,Lunar Solo,Tent,,persons=1,,shelter,737088,manufacturer,https://www.sixmoondesigns.com/products/lunar-solo-tent,26 oz - 740 g (Does not include stakes or poles.),
Six Moon Designs,Polycro Footprint,Groundsheet,Large,size=L,,shelter,51000,manufacturer,https://www.garagegrowngear.com/products/footprint-polycro-by-six-moon-designs,Large: 1.8oz | 51g,
Six Moon Designs,Polycro Footprint,Groundsheet,Small,size=S,,shelter,43000,manufacturer,https://www.garagegrowngear.com/products/footprint-polycro-by-six-moon-designs,Small: 1.5oz | 43g,
Six Moon Designs,Skyscape Scout,Tent,,persons=1,,shelter,1134000,manufacturer,https://www.garagegrowngear.com/products/skyscape-scout-by-six-moon-designs,Weight: 40oz | 1134g,
Six Moon Designs,Skyscape Trekker,Tent,,persons=1,,shelter,793787,manufacturer,https://www.sixmoondesigns.com/products/skyscape-trekker-hiking-tent,28 oz - 790 g Solo Backpacking Tent,
Six Moon Designs,Tyvek Footprint,Groundsheet,Large,size=L,,shelter,198000,manufacturer,https://www.garagegrowngear.com/products/footprint-tyvek-by-six-moon-designs,Large: 7oz | 198g,
Six Moon Designs,Tyvek Footprint,Groundsheet,Small,size=S,,shelter,128000,manufacturer,https://www.garagegrowngear.com/products/footprint-tyvek-by-six-moon-designs,Small: 4.5oz | 128g,
SlingFin,2Lite,Tent,2P,persons=2,,shelter,1190000,manufacturer,https://www.slingfin.com/products/2lite,2lbs 10oz (1.19kg),
SlingFin,NFT Tarp,Tarp,,,,shelter,349000,manufacturer,https://www.garagegrowngear.com/products/nft-tarp-by-slingfin,"Weight: 12.3oz | 349g (minimum, tarp only)",
SlingFin,Portal 2,Tent,2P,persons=2,,shelter,1300000,manufacturer,https://www.slingfin.com/products/portal-2,2lbs 14oz (1.3kg),
SlingFin,SplitWing Floor,Tent floor,,,,shelter,96000,manufacturer,https://www.garagegrowngear.com/products/splitwing-floor-by-slingfin,Trail: 3.4oz | 96g,
SlingFin,SplitWing Mesh Body,Inner tent,,,,shelter,318000,manufacturer,https://www.garagegrowngear.com/products/splitwing-mesh-body-by-slingfin,Weight: 11.2oz | 318g (minimum),
SlingFin,SplitWing Shelter Bundle,Tent,,persons=1,,shelter,595000,manufacturer,https://www.garagegrowngear.com/products/splitwing-shelter-bundle-by-slingfin,Weight: 21oz | 595g (minimum),
SlingFin,SplitWing UL Tarp,Tarp,tarp only,,,shelter,223961,manufacturer,https://www.slingfin.com/products/splitwing-ul-tarp,7.9oz (224g) without the 6 included DAC j-stakes,
SÜLgear,Split Ridgeline System,Ridgeline,12ft,length=12ft,,shelter,27000,manufacturer,https://www.garagegrowngear.com/products/split-ridgeline-system-by-sulgear,Weight: 0.93oz | 27g,
Superior Gear,Insulated Superior Hammock Elite,Hammock,15F,temp_f=15,,shelter,1247000,manufacturer,https://www.garagegrowngear.com/products/insulated-superior-hammock-elite-by-superior-gear,15°F: Full Set up: 44oz | 1247g,
Superior Gear,Insulated Superior Hammock Elite,Hammock,30F,temp_f=30,,shelter,1162000,manufacturer,https://www.garagegrowngear.com/products/insulated-superior-hammock-elite-by-superior-gear,30°F: Full Set up: 41oz | 1162g,
Tarptent,Aeon Li,Tent,,persons=1,,shelter,571000,manufacturer,https://www.tarptent.com/product/aeon-li/,Minimum Weight: 16.85 oz / 478 g (without stakes and bags). Typical Weight: 20.15 oz / 571 g (with stakes and bags),
Tarptent,Double Rainbow,Tent,,persons=2,,shelter,1118000,manufacturer,https://www.tarptent.com/product/double-rainbow/,"Minimum Weight: 35.9 oz / 1018 g (with carbon arch pole; not including bags, stakes, or freestanding kit). Typical Weight: 39.45 oz / 1118 g (with carbon arch pole, including all bags and stakes)",
Tarptent,Double Rainbow Li,Tent,trail weight,persons=2,,shelter,742758,manufacturer,https://www.tarptent.com/product/double-rainbow-li/,"Minimum Weight: 26.2 oz / 743 g (DCF 0.96 floor, carbon pole set, not including stakes or bags)",
Tarptent,Notch,Tent,,persons=1,,shelter,812000,manufacturer,https://www.tarptent.com/product/notch/,Minimum Weight: 26 oz / 737 g (with solid interior; not including stakes or bags). Typical Weight: 28.65 oz / 812 g (with solid interior; including stakes and bags),
Tarptent,Notch Li,Tent,,persons=1,,shelter,645000,manufacturer,https://www.tarptent.com/product/notch-li/,Minimum Weight: 20.2 oz / 573 g (with DCF floor mesh interior; no stakes or bags). Typical Weight: 22.75 oz / 645 g (with DCF floor mesh interior; including all stakes and bags),
Tarptent,ProTrail Li,Tent,trail weight,,,shelter,452175,manufacturer,https://www.tarptent.com/product/protrail-li/,Minimum Weight: 15.95 oz / 453 g (without bags and stakes),
Tarptent,ProTrek,Tent,,persons=1,,shelter,667000,manufacturer,https://www.garagegrowngear.com/products/protrek-by-tarptent,Weight: 23.5oz | 667g (Minimum),
Tarptent,StratoSpire 2,Tent,trail weight,persons=2,,shelter,1099961,manufacturer,https://www.tarptent.com/product/stratospire-2/,Minimum Weight: 38.8 oz / 1100 g (solid interior; not including bags and stakes),
Tarptent,StratoSpire Li,Tent,,persons=2,,shelter,951000,manufacturer,https://www.tarptent.com/product/stratospire-li/,"Minimum Weight: 29.7 oz / 842 g (no bags or stakes or apex guylines). Typical Weight: 33.55 oz / 951 g (includes stakes, bags, struts, and apex guylines)",
Trekkertent,Saor,Tent,0.8 DCF,,,shelter,1110000,manufacturer,https://www.trekkertent.com/home/home/55-saor-dcf.html,made in 0.8 oz DCF and weighs from 1110 grams (39 oz),
Trekkertent,Stealth 1,Tent,20D Silpoly,persons=1,,shelter,570000,manufacturer,https://www.trekkertent.com/home/home/3-stealth.html,"A 1 person, 3 season tent weighing from 570 grams (20 oz)",
Trekkertent,Stealth 1,Tent,DCF,persons=1,,shelter,435000,manufacturer,https://www.trekkertent.com/home/dcf-tents/40-stealth.html,weighing 435 grams (15 oz) with a flysheet in Dyneema Composite Fabric,
Yama Mountain Gear,1P Bug Shelter,Bug net,,,,shelter,278000,manufacturer,https://www.garagegrowngear.com/products/1p-bug-shelter-by-yama-mountain-gear,Weight: 9.8oz | 278g (minimum weight net-tent only),
Yama Mountain Gear,1P Cirriform Tarp,Tarp,,,,shelter,381000,manufacturer,https://www.garagegrowngear.com/products/1p-cirriform-tarp-by-yama-mountain-gear,Weight: 13.6oz | 381g (total),
Yama Mountain Gear,Cirriform 1P Tarp,Tarp,DCF,,,shelter,246641,manufacturer,https://yamamountaingear.com/products/1p-cirriform-tarp-dcf,Tarp weight: ~8.7 oz | ~246g,
Yama Mountain Gear,Cirriform 1P Tarp,Tarp,Silpoly,,,shelter,331689,manufacturer,https://yamamountaingear.com/products/1p-cirriform-tarp-silpoly,Tarp alone: 332.2g | 11.7 oz,
Yama Mountain Gear,Swiftline 1P Tent,Tent,"20D Silpoly, Medium",size=M; persons=1,,shelter,796622,manufacturer,https://yamamountaingear.com/products/1p-swiftline,Medium: 795g / 28.1 oz,
Yama Mountain Gear,Y-Zip Bug Bivy,Bivy,,,,shelter,239000,manufacturer,https://www.garagegrowngear.com/products/y-zip-bug-bivy-by-yama-mountain-gear,Weight: 8.4oz | 239g (total),
Zerogram,El Chalten Pro 1.5P,Tent,,persons=1.5,,shelter,1760000,manufacturer,https://prod.danawa.com/info/?pcode=16247600,Weight: 1.76kg (All New El Chalten Pro 1.5P),
Zerogram,El Chalten Pro 2P,Tent,,persons=2,,shelter,1860000,manufacturer,https://prod.danawa.com/info/?pcode=16247885,Weight: 1.86kg (All New El Chalten Pro 2P),
Zpacks,Altaplex,Tent,Lite Floor,persons=1,,shelter,379884,manufacturer,https://zpacks.com/products/altaplex-tent,Weight 13.4 oz / 380 g (Blue/Olive Drab w/ Lite Floor),
Zpacks,Altaplex,Tent,Standard Floor,persons=1,,shelter,456000,manufacturer,https://zpacks.com/products/altaplex-tent,Spruce Green w/ Standard Floor: 456 g,
Zpacks,Altaplex Pro,Tent,Lite Floor,,,shelter,411068,manufacturer,https://zpacks.com/products/altaplex-pro-tent,Weight 14.5 oz / 412 g,
Zpacks,Big Ass Camp Tarp,Tarp,,,,shelter,255146,manufacturer,https://zpacks.com/products/big-ass-camp-tarp-10-x-13,"Weight 9 oz / 254 g (10' x 13' tarp, .55 oz/sqyd Dyneema Composite Fabric)",
Zpacks,Duplex,Tent,,persons=2,,shelter,504622,manufacturer,https://zpacks.com/products/duplex-tent,"Weight 17.8 oz / 504 g (total weight of the tent including guy lines, sewn-in linelocs, and taped seams; .55 oz/sqyd DCF canopy)",
Zpacks,Duplex Lite,Tent,,persons=2,,shelter,430913,manufacturer,https://zpacks.com/products/duplex-lite,Weight 15.2 oz / 431 g (Blue/Olive Drab Lite fabric; Spruce Green Standard fabric 506 g),
Zpacks,Duplex Pro,Tent,Lite Floor,persons=2,,shelter,544311,manufacturer,https://zpacks.com/products/duplex-pro-tent,"Weight 19.2 oz / 544 g (Lite floor; total weight of the tent including guy lines, sewn in linelocs, and taped seams)",
Zpacks,Duplex Zip,Tent,,persons=2,,shelter,578330,manufacturer,https://zpacks.com/pages/zpacks-duplex-zip-tent,ULTRALIGHT WEIGHT: 20.4 OZ (577G),
Zpacks,Flat Groundsheet,Groundsheet,,,,shelter,60000,manufacturer,https://zpacks.com/products/flat-groundsheet,Weight 2.1 oz / 60 g,
Zpacks,Flat Tarp 7' x 9',Tarp,,,,shelter,133243,manufacturer,https://zpacks.com/products/flat-tarp-7-x-9-w-8-loops,Weight 4.7 oz / 132 g (.55 oz/sqyd Dyneema Composite Fabric),
Zpacks,Flat Tarp 8.5' x 10',Tarp,,,,shelter,181437,manufacturer,https://zpacks.com/products/flat-tarp-8-5-x-10-w-12-loops,"Weight 6.4 oz / 182 g (.55 oz/sqyd Dyneema Composite Fabric, includes guy lines and taped seams)",
Zpacks,Hexamid Bathtub Groundsheet,Groundsheet,,,,shelter,76000,manufacturer,https://zpacks.com/products/hexamid-bathtub-groundsheet,Weight 2.7 oz / 76 g,
Zpacks,Hexamid Pocket Tarp,Tarp,,,,shelter,157000,manufacturer,https://www.garagegrowngear.com/products/hexamid-pocket-tarp-w-doors-by-zpacks,Weight: 5.5oz | 157g (minimum weight including guylines),
Zpacks,Hexamid Tent,Tent,,persons=1,,shelter,275000,manufacturer,https://zpacks.com/products/hexamid-solo-tent,Weight 9.7 oz / 275 g,
Zpacks,Offset Duo,Tent,Lite Floor,persons=2,,shelter,549981,manufacturer,https://zpacks.com/products/offset-duo,"Weight 19.4 oz / 550 g (Blue/Olive Drab w/ Lite Floor; includes guy lines, sewn in linelocs, and taped seams). Note: page now titled 'Pivot Duo Tent', successor to Offset Duo.",
Zpacks,Offset Solo,Tent,,persons=1,,shelter,496117,manufacturer,https://zpacks.com/products/offset-solo-tent,"17.5 oz / 496 g (complete tent including guy lines, sewn-in linelocs, and taped seams; .55 oz/sqyd DCF canopy)",
Zpacks,Pivot Duo,Tent,Lite Floor,persons=2,,shelter,549981,manufacturer,https://zpacks.com/products/pivot-duo-tent,"Weight 19.4 oz / 550 g (Lite Floor; includes guy lines, sewn-in linelocs, and taped seams)",
Zpacks,Pivot Solo,Tent,Lite Floor,persons=1,,shelter,379884,manufacturer,https://zpacks.com/products/pivot-solo-tent,Weight 13.4 oz / 379 g (Blue/Olive Drab w/ Lite Floor),
Zpacks,Pivot Solo,Tent,Standard Floor,persons=1,,shelter,450000,manufacturer,https://zpacks.com/products/pivot-solo-tent,Spruce Green w/ Standard Floor: 450 g (15.9 oz),
Zpacks,Pivot Trio,Tent,Lite Floor,persons=3,,shelter,632194,manufacturer,https://zpacks.com/products/pivot-trio-tent,"Weight 22.3 oz / 631 g (Lite Floor; includes guylines, sewn-in linelocs, and taped seams)",
Zpacks,Plex Solo Classic,Tent,,persons=1,,shelter,411068,manufacturer,https://zpacks.com/products/plexsolo-tent,Weight 14.5 oz / 411 g,
Zpacks,Plex Solo Lite Tent,Tent,,persons=1,,shelter,335000,manufacturer,https://www.garagegrowngear.com/products/plex-solo-lite-tent-by-zpacks,Tent (including guylines): 11.8oz | 335g,
Zpacks,Plex Solo Pro,Tent,Lite Floor,persons=1,,shelter,374214,manufacturer,https://zpacks.com/products/plex-solo-pro-tent,13.2 oz / 373 g,
Zpacks,Plex Solo Tent,Tent,,persons=1,,shelter,437000,manufacturer,https://www.garagegrowngear.com/products/plex-solo-tent-by-zpacks,Weight: 15.4oz | 437g (total including guylines & stuff sack),
Zpacks,Solo Bathtub Groundsheet,Groundsheet,,,,shelter,91000,manufacturer,https://zpacks.com/products/solo-bathtub-groundsheet,Weight 3.2 oz / 91 g,
Zpacks,Solo-Plus Bathtub Groundsheet,Groundsheet,,,,shelter,99000,manufacturer,https://zpacks.com/products/solo-plus-bathtub-groundsheet,Weight 3.5 oz / 99 g,
Zpacks,Triplex,Tent,,persons=3,,shelter,612350,manufacturer,https://zpacks.com/products/bargain-triplex-tent-white,Weight 21.6 oz / 612 g,
Zpacks,Triplex Pro,Tent,Lite Floor,persons=3,,shelter,615185,manufacturer,https://zpacks.com/products/triplex-pro-tent,Weight 21.7 oz / 616 g (Lite Floor),
Zpacks,Tyvek Groundsheet,Groundsheet,5ft x 9ft cut,,,shelter,260816,manufacturer,https://zpacks.com/products/tyvek-groundsheet,Groundsheet weight: 9.2 ounces (262 grams); Material Weight: 1.85 oz. per square yard (62.7 grams per square meter); Size: 5 feet by 9 feet,
As Tucas,Sestrals Quilt,Quilt,"APEX 167, Medium Wide",length=Medium; width=Wide; temp_f=32,,sleep,669000,measured,https://www.alexroddie.com/2018/06/one-year-review-as-tucas-sestrals-quilt/,"On my scale, the quilt weighs 669g",
As Tucas,Sestrals Quilt,Quilt,"APEX 200, Medium Regular",length=Medium; width=Regular,,sleep,658000,measured,https://hikinginfinland.com/2018/05/as-tucas-sestrals-quilt.html,a Size M with a Regular Width and Climashield Apex 200 ... weighs 658 g,
Big Agnes,Alpha Direct Fleece Sleeping Bag Liner,Sleeping bag liner,Long,length=Long,,sleep,196000,manufacturer,https://www.garagegrowngear.com/products/alpha-direct-fleece-sleeping-bag-liner-by-big-agnes,Long: 7oz | 196g,
Big Agnes,Alpha Direct Fleece Sleeping Bag Liner,Sleeping bag liner,Regular,length=Regular,,sleep,177000,manufacturer,https://www.garagegrowngear.com/products/alpha-direct-fleece-sleeping-bag-liner-by-big-agnes,Regular: 6oz | 177g,
Big Agnes,Divide Insulated,Sleeping pad,Regular,length=Regular; r_value=4,,sleep,635000,manufacturer,https://www.bigagnes.com/products/divide-insulated.json,"20"" x 72"" (Regular): 635 grams",
Big Agnes,Lost Ranger 3N1 15F,Sleeping bag,Regular,length=Regular; temp_f=15,,sleep,1247000,manufacturer,https://www.wearbap.com/products/lost-ranger-3n1-015,"Total Weight: 2lb 12oz (1247 g); Inner Bag 1lb 3oz, Outer Bag 1lb 9oz — full 3N1 system, Regular. Spec from Big Agnes's company storefront (bigagnes.com renders the same table as an image); Shopify JSON 1261 g likely includes the stuff sack.",
Big Agnes,Rapide SL Insulated,Sleeping pad,Double Wide,length=72in; width=40in; r_value=4.8,,sleep,1048000,manufacturer,https://www.bigagnes.com/products/rapide-sl-insulated.json,"40"" x 72"": 2.31 lb (1048 g)",
Big Agnes,Rapide SL Insulated,Sleeping pad,Long,length=Long; r_value=4.8,,sleep,540000,manufacturer,https://www.bigagnes.com/products/rapide-sl-insulated.json,"20"" x 78"": 1.19 lb (540 g)",
Big Agnes,Rapide SL Insulated,Sleeping pad,Long Wide,length=Long; width=Wide; r_value=4.8,,sleep,708000,manufacturer,https://www.bigagnes.com/products/rapide-sl-insulated.json,"25"" x 78"": 1.56 lb (708 g)",
Big Agnes,Rapide SL Insulated,Sleeping pad,Petite,length=Petite; r_value=4.8,,sleep,481000,manufacturer,https://www.bigagnes.com/products/rapide-sl-insulated.json,"20"" x 66"": 1.06 lb (481 g)",
Big Agnes,Rapide SL Insulated,Sleeping pad,Regular,length=Regular; r_value=4.8,,sleep,510291,manufacturer,https://www.bigagnes.com/products/rapide-sl-insulated,"Trail_Weight ... 20"" x 72"": 18oz/510g",
Big Agnes,Rapide SL Insulated,Sleeping pad,Regular Wide,length=Regular; width=Wide; r_value=4.8,,sleep,649000,manufacturer,https://www.bigagnes.com/products/rapide-sl-insulated.json,"25"" x 72"": 1.43 lb (649 g)",
Big Agnes,Rapide SL Pillow,Pillow,,,,sleep,45359,manufacturer,https://www.bigagnes.com/products/rapide-sl-pillow,"At a scant 1.6oz, the Rapide SL Pillow is the perfect backpacking companion",
Big Sky International,Ultralight Deluxe Pillow,Pillow,,,,sleep,124000,manufacturer,https://www.garagegrowngear.com/products/big-sky-ultralight-deluxe-pillow-by-big-sky-international,Weight: 4.4oz | 124g (Total),
Big Sky International,Ultralight Pillow,Pillow,,,,sleep,45000,manufacturer,https://www.garagegrowngear.com/products/ultralight-pillow-by-big-sky-international,Pillow only: 1.6oz | 45g,
CAYL,Alpha Blanket,Blanket,,,,sleep,190000,manufacturer,https://cayl.co.kr/product/alpha-blanket-black/3359/,weight: 190 g (packing pouch a further 8 g),
Cumulus,Aerial 180 Sleeping Bag,Sleeping bag,,temp_f=39,length,sleep,301000,manufacturer,https://www.garagegrowngear.com/products/aerial-180-sleeping-bag-by-cumulus,Weight: 10.6oz | 301g,
Cumulus,Aerial 250 Sleeping Bag,Sleeping bag,,temp_f=35,length,sleep,383000,manufacturer,https://www.garagegrowngear.com/products/aerial-250-sleeping-bag-by-cumulus,Weight: 13.5oz | 383g,
Cumulus,Aerial 330 Sleeping Bag,Sleeping bag,,temp_f=30,length,sleep,482000,manufacturer,https://www.garagegrowngear.com/products/aerial-sleeping-bag-by-cumulus,Weight: 17oz | 482g,
Cumulus,Magic 100 Sleeping Bag,Sleeping bag,,temp_f=55,length,sleep,240000,manufacturer,https://www.garagegrowngear.com/products/magic-125-by-cumulus,Weight: 8.46oz | 240g,
Cumulus,Neo Quilt 150,Quilt,,temp_f=46,length,sleep,269000,manufacturer,https://www.garagegrowngear.com/products/neo-quilt-150-by-cumulus,Weight: 9.5oz | 269g,
Cumulus,Panyam 450,Sleeping bag,"Comfort 0C, Regular",length=Regular; temp_f=32,,sleep,810000,manufacturer,https://cumulus.equipment/intl_en/down-sleeping-bag-panyam-450.html,MASA 810 g,
Cumulus,Panyam 600 Sleeping Bag,Sleeping bag,,temp_f=21,length,sleep,970000,manufacturer,https://www.garagegrowngear.com/products/panyam-600-sleeping-bag-by-cumulus,Weight: 34.2oz | 970g,
Cumulus,Quilt 350,Quilt,Comfort 3C,temp_f=37,length,sleep,495000,manufacturer,https://cumulus.equipment/us_en/quilts-and-comforters-quilt-350.html,MASA 495 g,
Cumulus,Spotter 600,Sleeping bag,,temp_f=18,length,sleep,989000,manufacturer,https://www.garagegrowngear.com/products/spotter-600-by-cumulus,Weight: 34.9oz | 989g,
Cumulus,The Quilt 150,Quilt,,temp_f=48,length,sleep,300000,manufacturer,https://www.garagegrowngear.com/products/the-quilt-by-cumulus,Weight: 10.6oz | 300g,
Cumulus,Vencer 100 Sleeping Bag,Sleeping bag,,temp_f=48,length,sleep,180000,manufacturer,https://www.garagegrowngear.com/products/vencer-100-sleeping-bag-by-cumulus,Weight: 6.35oz | 180g,
Cumulus,Vencer 200 Sleeping Bag,Sleeping bag,,temp_f=35,length,sleep,375000,manufacturer,https://www.garagegrowngear.com/products/vencer-200-sleeping-bag-by-cumulus,Weight: 13.23oz | 375g,
El Coyote,AlphaLite 900 Quilt,Quilt,"10F, Regular, Regular",length=Regular; width=Regular; temp_f=10,,sleep,720000,manufacturer,https://www.garagegrowngear.com/products/alphalite-900-quilt-by-el-cotoye,25.4oz | 720g,
El Coyote,AlphaLite 900 Quilt,Quilt,"10F, Regular, Wide",length=Regular; width=Wide; temp_f=10,,sleep,774000,manufacturer,https://www.garagegrowngear.com/products/alphalite-900-quilt-by-el-cotoye,27.3oz | 774g,
El Coyote,AlphaLite 900 Quilt,Quilt,"10F, Short, Regular",length=Short; width=Regular; temp_f=10,,sleep,666000,manufacturer,https://www.garagegrowngear.com/products/alphalite-900-quilt-by-el-cotoye,23.5oz | 666g,
El Coyote,AlphaLite 900 Quilt,Quilt,"10F, Tall, Wide",length=Tall; width=Wide; temp_f=10,,sleep,825000,manufacturer,https://www.garagegrowngear.com/products/alphalite-900-quilt-by-el-cotoye,29.1oz | 825g,
El Coyote,AlphaLite 900 Quilt,Quilt,"20F, Regular, Regular",length=Regular; width=Regular; temp_f=20,,sleep,629000,manufacturer,https://www.garagegrowngear.com/products/alphalite-900-quilt-by-el-cotoye,22.2oz | 629g,
El Coyote,AlphaLite 900 Quilt,Quilt,"20F, Regular, Wide",length=Regular; width=Wide; temp_f=20,,sleep,675000,manufacturer,https://www.garagegrowngear.com/products/alphalite-900-quilt-by-el-cotoye,23.8oz | 675g,
El Coyote,AlphaLite 900 Quilt,Quilt,"20F, Short, Regular",length=Short; width=Regular; temp_f=20,,sleep,581000,manufacturer,https://www.garagegrowngear.com/products/alphalite-900-quilt-by-el-cotoye,20.5oz | 581g,
El Coyote,AlphaLite 900 Quilt,Quilt,"20F, Tall, Wide",length=Tall; width=Wide; temp_f=20,,sleep,720000,manufacturer,https://www.garagegrowngear.com/products/alphalite-900-quilt-by-el-cotoye,25.4oz | 720g,
El Coyote,AlphaLite 900 Quilt,Quilt,"30F, Regular, Regular",length=Regular; width=Regular; temp_f=30,,sleep,536000,manufacturer,https://www.garagegrowngear.com/products/alphalite-900-quilt-by-el-cotoye,18.9oz | 536g,
El Coyote,AlphaLite 900 Quilt,Quilt,"30F, Regular, Wide",length=Regular; width=Wide; temp_f=30,,sleep,575000,manufacturer,https://www.garagegrowngear.com/products/alphalite-900-quilt-by-el-cotoye,20.3oz | 575g,
El Coyote,AlphaLite 900 Quilt,Quilt,"30F, Short, Regular",length=Short; width=Regular; temp_f=30,,sleep,496000,manufacturer,https://www.garagegrowngear.com/products/alphalite-900-quilt-by-el-cotoye,17.5oz | 496g,
El Coyote,AlphaLite 900 Quilt,Quilt,"30F, Tall, Wide",length=Tall; width=Wide; temp_f=30,,sleep,615000,manufacturer,https://www.garagegrowngear.com/products/alphalite-900-quilt-by-el-cotoye,21.7oz | 615g,
El Coyote,AlphaLite 900 Quilt,Quilt,"40F, Regular, Regular",length=Regular; width=Regular; temp_f=40,,sleep,445000,manufacturer,https://www.garagegrowngear.com/products/alphalite-900-quilt-by-el-cotoye,15.7oz | 445g,
El Coyote,AlphaLite 900 Quilt,Quilt,"40F, Regular, Wide",length=Regular; width=Wide; temp_f=40,,sleep,476000,manufacturer,https://www.garagegrowngear.com/products/alphalite-900-quilt-by-el-cotoye,16.8oz | 476g,
El Coyote,AlphaLite 900 Quilt,Quilt,"40F, Short, Regular",length=Short; width=Regular; temp_f=40,,sleep,411000,manufacturer,https://www.garagegrowngear.com/products/alphalite-900-quilt-by-el-cotoye,14.5oz | 411g,
El Coyote,AlphaLite 900 Quilt,Quilt,"40F, Tall, Wide",length=Tall; width=Wide; temp_f=40,,sleep,507000,manufacturer,https://www.garagegrowngear.com/products/alphalite-900-quilt-by-el-cotoye,17.9oz | 507g,
Enlightened Equipment,Enigma,Quilt,"10F, 850FP, Regular",length=Regular; temp_f=10; fill_power=850,,sleep,699666,manufacturer,https://web.archive.org/web/20211201053529id_/https://enlightenedequipment.com/enigma-850-10-f-12-c-regular-regular-navy-10d-charcoal-10d-5900-23/,"Weight: 24.68 Ounces (Enigma 850 10F, Regular/Regular)",
Enlightened Equipment,Enigma,Quilt,"20F, 950FP, Regular",length=Regular; temp_f=20; fill_power=950,,sleep,520214,manufacturer,https://enlightenedequipment.com/quilt-comparison,A 20° Regular/Regular 950FP weighs 18.35 Ounces,
Enlightened Equipment,Enigma,Quilt,"30F, 850FP, Regular",length=Regular; temp_f=30; fill_power=850,,sleep,508590,manufacturer,https://web.archive.org/web/20221209030426id_/https://enlightenedequipment.com/copy-of-enigma-850-30-1-regular-regular-graphite-7d-salmon-7d-6144-3-1/,"Weight: 17.94 Ounces (Enigma 850 30F, Regular/Regular; outdoorline.eu lists the same 510 g / 17.94 oz)",
Enlightened Equipment,Revelation,Quilt,"10F, 850FP, Regular",length=Regular; temp_f=10; fill_power=850,,sleep,722913,manufacturer,https://web.archive.org/web/20220125080410id_/https://enlightenedequipment.com/revelation-850-10-f-12-c-regular-regular-forest-10d-graphite-7d-171121/,"Weight: 25.50 Ounces (Revelation 850 10F, Regular/Regular)",
Enlightened Equipment,Revelation,Quilt,"20F, 950FP, Regular",length=Regular; temp_f=20; fill_power=950,,sleep,566423,manufacturer,https://enlightenedequipment.com/quilt-comparison,A 20° Regular/Regular 950FP weighs 19.98 Ounces,
Enlightened Equipment,Revelation,Quilt,"30F, 850FP, Regular",length=Regular; temp_f=30; fill_power=850,,sleep,551398,manufacturer,https://web.archive.org/web/20211016111200id_/https://enlightenedequipment.com/revelation-850-30-f-1-c-regular-regular-burnt-orange-10d-charcoal-10d-5815-38/,"Weight: 19.45 Ounces (Revelation 850 30F, Regular/Regular)",
Enlightened Equipment,Revelation,Quilt,"40F, 850FP, Regular",length=Regular; temp_f=40; fill_power=850,,sleep,448206,manufacturer,https://web.archive.org/web/20220524032618id_/https://enlightenedequipment.com/revelation-850-40-f-5-c-regular-regular-forest-10d-charcoal-10d-5763-28/,"Weight: 15.81 Ounces (Revelation 850 40F, Regular/Regular; outdoorline.eu lists the same 448 g / 15.81 oz)",
Exped,MegaMat 10,Sleeping pad,LXW,r_value=8.1,,sleep,2593981,manufacturer,https://www.expedusa.com/products/megamat,LXW: 5 lbs 11.5 oz,
Exped,Ultra 1R Sleeping Mat,Sleeping pad,LW Mummy,length=77.6in; width=25.6in; r_value=1.3,,sleep,405000,manufacturer,https://www.garagegrowngear.com/products/ultra-1r-sleeping-mat-by-exped,LW Mummy 14.3oz | 405g,
Exped,Ultra 1R Sleeping Mat,Sleeping pad,Medium Rectangular,length=72in; width=20.5in; r_value=1.3,,sleep,394000,manufacturer,https://www.garagegrowngear.com/products/ultra-1r-sleeping-mat-by-exped,M Rectangular 13.9oz | 394g,
Exped,Ultra 1R Sleeping Mat,Sleeping pad,MW Mummy,length=72in; width=25.6in; r_value=1.3,,sleep,374000,manufacturer,https://www.garagegrowngear.com/products/ultra-1r-sleeping-mat-by-exped,MW Mummy 13.2oz | 374g,
Exped,Ultra 3R Sleeping Mat,Sleeping pad,Rectangular LW,length=77.6in; width=25.6in; r_value=2.9,,sleep,558000,manufacturer,https://www.garagegrowngear.com/products/ultra-sleeping-mat-by-exped,LW Rectangular 19.7oz | 558g,
Exped,Ultra 3R Sleeping Mat,Sleeping pad,Rectangular Medium,length=72in; width=20.5in; r_value=2.9,,sleep,465000,manufacturer,https://www.garagegrowngear.com/products/ultra-sleeping-mat-by-exped,M Rectangular 16.4ozoz | 465g,
Exped,Ultra 3R Sleeping Mat,Sleeping pad,Rectangular MW,length=72in; width=25.6in; r_value=2.9,,sleep,519000,manufacturer,https://www.garagegrowngear.com/products/ultra-sleeping-mat-by-exped,MW Rectangular 18.3oz | 519g,
Exped,Ultra 6.5R,Sleeping pad,Medium,length=Medium; r_value=6.9,,sleep,439418,manufacturer,https://www.expedusa.com/products/ultra-6-5r,M: 15.5 oz,
Exped,Ultra Pillow,Pillow,Medium,size=M,,sleep,51029,manufacturer,https://www.expedusa.com/products/ultra-pillow-2026,M: 1.8 oz,
Feathered Friends,Egret UL 20,Sleeping bag,"Regular, 20F",length=Regular; temp_f=20,,sleep,723000,manufacturer,https://featheredfriends.com/products/egret-ul-ultralight-20-30-degree-womens-down-sleeping-bag,Average Weight: 1 lb 9.5 oz / 723 g,
Feathered Friends,Egret UL 30,Sleeping bag,"Regular, 30F",length=Regular; temp_f=30,,sleep,634000,manufacturer,https://featheredfriends.com/products/egret-ul-ultralight-20-30-degree-womens-down-sleeping-bag,Average Weight: 1 lb 6.4 oz / 634 g,
Feathered Friends,Flicker UL Quilt,Quilt,"20F, Regular, 950+FP",length=Regular; temp_f=20; fill_power=950,,sleep,721212,manufacturer,https://featheredfriends.com/products/flicker-ul-ultralight-down-quilt-sleeping-bag,20 Degree / Regular -- Average Weight: Reg 1 lb 9.5 oz / 723 g (Fill Weight: Reg 14.7 oz / 417 g),
Feathered Friends,Flicker UL Wide 20,Quilt,"Regular Wide, 20F",length=Regular; width=Wide; temp_f=20,,sleep,779612,manufacturer,https://featheredfriends.com/products/flicker-ul-wide-ultralight-down-quilt-sleeping-bag,Average Weight: Reg 1 lb 11.5 oz / 779 g (20ºF / -6.67ºC model),
Feathered Friends,Hummingbird UL 20,Sleeping bag,"Regular, 20F",length=Regular; temp_f=20,,sleep,677553,manufacturer,https://featheredfriends.com/products/hummingbird-ul-ultralight-20-30-degree-down-sleeping-bag,Average Weight: Reg 1 lb 7.9 oz / 677 g (20ºF / -6.67ºC model),
Feathered Friends,Hummingbird UL 30,Sleeping bag,"Regular, 30F",length=Regular; temp_f=30,,sleep,601010,manufacturer,https://featheredfriends.com/products/hummingbird-ul-ultralight-20-30-degree-down-sleeping-bag,Average Weight: Reg 1 lb 5.2 oz / 601 g (30ºF / -1.1ºC model),
Feathered Friends,Swallow UL 20,Sleeping bag,"Regular, 20F",length=Regular; temp_f=20,,sleep,754097,manufacturer,https://featheredfriends.com/products/swallow-ul-ultralight-20-30-degree-down-sleeping-bag-c0,Average Weight: Reg 1 lb 10.6 oz / 754 g (20ºF / -6.67ºC model),
Feathered Friends,Swallow UL 30,Sleeping bag,"Regular, 30F",length=Regular; temp_f=30,,sleep,663378,manufacturer,https://featheredfriends.com/products/swallow-ul-ultralight-20-30-degree-down-sleeping-bag-c0,Average Weight: Reg 1 lb 7.4 oz / 633 g (30ºF / -1.1ºC model),
Goosefeet Gear,Down Pillow,Pillow,Large,size=L,,sleep,128000,manufacturer,https://www.garagegrowngear.com/products/down-pillow-by-goosefeet-gear,Large: 4.5oz | 128g,
Goosefeet Gear,Down Pillow,Pillow,Medium,size=M,,sleep,99000,manufacturer,https://www.garagegrowngear.com/products/down-pillow-by-goosefeet-gear,Medium: 3.5oz | 99g,
Gossamer Gear,"Thinlight Foam Pad 1/8""",Foam pad,Rolled,,,sleep,76544,manufacturer,https://www.gossamergear.com/products/thinlight-foam-pad,Rolled: Total 2.7 oz (76 g),
Graham Medical,Flex Air Ultralight Pillow,Pillow,Large,size=L,,sleep,26000,manufacturer,https://www.garagegrowngear.com/products/flex-air-ultralight-pillow,Large: 0.9oz | 26g,
Graham Medical,Flex Air Ultralight Pillow,Pillow,Small,size=S,,sleep,16000,manufacturer,https://www.garagegrowngear.com/products/flex-air-ultralight-pillow,Small: 0.56oz | 16g,
Hammock Gear,Burrow Quilt,Quilt,"0F, Long",length=Long; temp_f=0,,sleep,978000,manufacturer,https://www.garagegrowngear.com/products/economy-burrow-by-hammock-gear,34.5oz | 978g,
Hammock Gear,Burrow Quilt,Quilt,"0F, Short",length=Short; temp_f=0,,sleep,865000,manufacturer,https://www.garagegrowngear.com/products/economy-burrow-by-hammock-gear,Total Weight 30.5oz | 865g,
Hammock Gear,Burrow Quilt,Quilt,"0F, Standard",length=Standard; temp_f=0,,sleep,919000,manufacturer,https://www.garagegrowngear.com/products/economy-burrow-by-hammock-gear,32.4oz | 919g,
Hammock Gear,Burrow Quilt,Quilt,"10F, Long",length=Long; temp_f=10,,sleep,876000,manufacturer,https://www.garagegrowngear.com/products/economy-burrow-by-hammock-gear,30.9oz | 876g,
Hammock Gear,Burrow Quilt,Quilt,"10F, Short",length=Short; temp_f=10,,sleep,777000,manufacturer,https://www.garagegrowngear.com/products/economy-burrow-by-hammock-gear,Total Weight 27.4oz | 777g,
Hammock Gear,Burrow Quilt,Quilt,"10F, Standard",length=Standard; temp_f=10,,sleep,825000,manufacturer,https://www.garagegrowngear.com/products/economy-burrow-by-hammock-gear,29.1oz | 825g,
Hammock Gear,Burrow Quilt,Quilt,"20F, Long",length=Long; temp_f=20,,sleep,774000,manufacturer,https://www.garagegrowngear.com/products/economy-burrow-by-hammock-gear,27.3oz | 774g,
Hammock Gear,Burrow Quilt,Quilt,"30F, Long",length=Long; temp_f=30,,sleep,658000,manufacturer,https://www.garagegrowngear.com/products/economy-burrow-by-hammock-gear,23.2oz | 658g,
Hammock Gear,Burrow Quilt,Quilt,"30F, Standard",length=Standard; temp_f=30,,sleep,609000,manufacturer,https://www.garagegrowngear.com/products/economy-burrow-by-hammock-gear,21.8oz | 609g,
Hammock Gear,Premium Burrow 20,Quilt,"20F, 850FP, Standard",length=Standard; width=Standard; temp_f=20; fill_power=850,,sleep,615752,manufacturer,https://hammockgear.com/wp-content/uploads/2025/06/B850finalweights.pdf,"850 Fill and Final weights ... Sewn Standard = 74"" Standard - 55"" 15.98 21.72 24.97 23.57 (Fill Weight 850FP=15.98, Final Weight 10D/850=21.72) [20° block]",
Hammock Gear,Premium Burrow 30,Quilt,"30F, 850FP, Standard",length=Standard; width=Standard; temp_f=30; fill_power=850,,sleep,520781,manufacturer,https://hammockgear.com/wp-content/uploads/2025/06/B850finalweights.pdf,"850 Fill and Final weights ... Sewn Standard = 74"" Standard - 55"" 12.78 18.37 21.22 19.845 (Fill Weight 850FP=12.78, Final Weight 10D/850=18.37) [30° block]",
Hyperlite Mountain Gear,20-Degree Quilt,Quilt,"Regular, 20F",length=Regular; temp_f=20,,sleep,570000,manufacturer,https://hyperlitemountaingear.com/products/20-degree-quilt,Regular: 20.1 oz / 570 g,
Hyperlite Mountain Gear,40-Degree Quilt,Quilt,Long,length=Long; temp_f=40,,sleep,462000,manufacturer,https://www.garagegrowngear.com/products/40-degree-quilt-by-hyperlite-mountain-gear,Long: 16.3oz | 462g,
Hyperlite Mountain Gear,40-Degree Quilt,Quilt,Regular,length=Regular; temp_f=40,,sleep,408000,manufacturer,https://www.garagegrowngear.com/products/40-degree-quilt-by-hyperlite-mountain-gear,Regular: 14.4oz | 408g,
Hyperlite Mountain Gear,40-Degree Quilt,Quilt,Short,length=Short; temp_f=40,,sleep,349000,manufacturer,https://www.garagegrowngear.com/products/40-degree-quilt-by-hyperlite-mountain-gear,Short: 12.3oz | 349g,
Hyperlite Mountain Gear,Stuff Sack Pillow,Pillow,9L,volume_l=9,,sleep,48194,manufacturer,https://hyperlitemountaingear.com/products/stuff-sack-pillows,Weight: 1.7 oz. | 48g,
Katabatic Gear,Alsek 22,Quilt,"22F, 850FP, Regular",length=Regular; temp_f=22; fill_power=850,,sleep,660544,manufacturer,https://katabaticgear.com/products/alsek-ultralight-quilt,"Specs Small Regular Long Small Wide Regular Wide Long Wide Fits To 5'6"" 6' 6'6"" ... Fill Weight (ounces) 850fp 900fp ... Total Weight (ounces) 21.9 20.9 23.3 22.2 24.8 23.6 23.7 22.6 25.4 24.2 27.0 25.7 (Regular column, 850fp = 23.3)",
Katabatic Gear,Flex 15°F Quilt,Quilt,Long,length=Long; temp_f=15,,sleep,780000,manufacturer,https://www.garagegrowngear.com/products/flex-15-f-quilt-by-katabatic-gear,Total Weight ... 27.5oz | 780g,
Katabatic Gear,Flex 15°F Quilt,Quilt,Long Wide,length=Long; width=Wide; temp_f=15,,sleep,836000,manufacturer,https://www.garagegrowngear.com/products/flex-15-f-quilt-by-katabatic-gear,Total Weight ... 29.5oz | 836g,
Katabatic Gear,Flex 15°F Quilt,Quilt,Regular,length=Regular; temp_f=15,,sleep,723000,manufacturer,https://www.garagegrowngear.com/products/flex-15-f-quilt-by-katabatic-gear,Total Weight ... 25.5oz | 723g,
Katabatic Gear,Flex 15°F Quilt,Quilt,Regular Wide,length=Regular; width=Wide; temp_f=15,,sleep,780000,manufacturer,https://www.garagegrowngear.com/products/flex-15-f-quilt-by-katabatic-gear,Total Weight ... 27.5oz | 780g,
Katabatic Gear,Flex 15°F Quilt,Quilt,Small,length=Small; temp_f=15,,sleep,683000,manufacturer,https://www.garagegrowngear.com/products/flex-15-f-quilt-by-katabatic-gear,Total Weight ... 24.1oz |  683g,
Katabatic Gear,Flex 22,Quilt,"22F, 850FP, Regular",length=Regular; temp_f=22; fill_power=850,,sleep,677554,manufacturer,https://katabaticgear.com/products/flex-22-ultralight-quilt,"Specs Small Regular Long Small Wide Regular Wide Long Wide Fits To 5'6"" 6' 6'6"" ... Fill Weight (ounces) 850fp 900fp ... Total Weight (ounces) 22.3 21.3 23.9 22.8 25.7 24.5 24.1 23.0 25.7 24.5 27.6 26.3 (Regular column, 850fp = 23.9)",
Katabatic Gear,Flex 30°F Quilt,Quilt,Long,length=Long; temp_f=30,,sleep,618000,manufacturer,https://www.garagegrowngear.com/products/flex-30-f-quilt-by-katabatic-gear,Total Weight ... 21.8oz | 618g,
Katabatic Gear,Flex 30°F Quilt,Quilt,Long Wide,length=Long; width=Wide; temp_f=30,,sleep,663000,manufacturer,https://www.garagegrowngear.com/products/flex-30-f-quilt-by-katabatic-gear,Total Weight ... 23.4oz | 663g,
Katabatic Gear,Flex 30°F Quilt,Quilt,Regular,length=Regular; temp_f=30,,sleep,575000,manufacturer,https://www.garagegrowngear.com/products/flex-30-f-quilt-by-katabatic-gear,Total Weight ... 20.3oz | 575g,
Katabatic Gear,Flex 30°F Quilt,Quilt,Regular Wide,length=Regular; width=Wide; temp_f=30,,sleep,615000,manufacturer,https://www.garagegrowngear.com/products/flex-30-f-quilt-by-katabatic-gear,Total Weight ... 21.7oz | 615g,
Katabatic Gear,Flex 30°F Quilt,Quilt,Small,length=Small; temp_f=30,,sleep,533000,manufacturer,https://www.garagegrowngear.com/products/flex-30-f-quilt-by-katabatic-gear,Total Weight ... 18.8oz | 533g,
Katabatic Gear,Flex 40°F Quilt,Quilt,Long,length=Long; temp_f=40,,sleep,538000,manufacturer,https://www.garagegrowngear.com/products/flex-40-f-quilt-by-katabatic-gear,19oz | 538g,
Katabatic Gear,Flex 40°F Quilt,Quilt,Long Wide,length=Long; width=Wide; temp_f=40,,sleep,580000,manufacturer,https://www.garagegrowngear.com/products/flex-40-f-quilt-by-katabatic-gear,20.5oz | 580g,
Katabatic Gear,Flex 40°F Quilt,Quilt,Regular,length=Regular; temp_f=40,,sleep,505000,manufacturer,https://www.garagegrowngear.com/products/flex-40-f-quilt-by-katabatic-gear,17.8oz | 505g,
Katabatic Gear,Flex 40°F Quilt,Quilt,Regular Wide,length=Regular; width=Wide; temp_f=40,,sleep,541000,manufacturer,https://www.garagegrowngear.com/products/flex-40-f-quilt-by-katabatic-gear,19.1oz | 541g,
Katabatic Gear,Flex 40°F Quilt,Quilt,Small,length=Small; temp_f=40,,sleep,472000,manufacturer,https://www.garagegrowngear.com/products/flex-40-f-quilt-by-katabatic-gear,Total Weight 16.6oz | 472g,
Katabatic Gear,Flex 40°F Quilt,Quilt,Small Wide,length=Small; width=Wide; temp_f=40,,sleep,509000,manufacturer,https://www.garagegrowngear.com/products/flex-40-f-quilt-by-katabatic-gear,17.9oz | 509g,
Katabatic Gear,Palisade 30,Quilt,"30F, 850FP, Regular",length=Regular; temp_f=30; fill_power=850,,sleep,561321,manufacturer,https://katabaticgear.com/products/palisade-ultralight-quilt,"Specs Small Regular Long Small Wide Regular Wide Long Wide Fits To 5'6"" 6' 6'6"" ... Fill Weight (ounces) 850fp 900fp ... Total Weight (ounces) 18.6 17.8 19.8 18.9 21.2 20.3 20.1 19.2 21.6 20.7 23.1 22.1 (Regular column, 850fp = 19.8)",
Katabatic Gear,Sawatch 15,Quilt,"15F, 900FP, Regular",length=Regular; temp_f=15; fill_power=900,,sleep,700233,manufacturer,https://katabaticgear.com/products/sawatch-ultralight-quilt,"Total Weight (ounces) -- 850fp Duck Down: 24.4, 26.0, 27.7, 26.6, 28.2, 30.2; 900fp Goose Down: 23.3, 24.7, 26.3, 25.3, 26.9, 28.7 (Regular column at 900fp = 24.7)",
Kelty,Cosmic Down 0,Sleeping bag,Regular,length=Regular; temp_f=0,,sleep,1930000,manufacturer,https://www.kelty.com/cosmic-down-0/,4.34 lb. / 1.93 kg,
Kelty,Cosmic Down 20,Sleeping bag,Regular,length=Regular; temp_f=20,,sleep,1105631,manufacturer,https://www.kelty.com/cosmic-down-20/,2 lb. 7 oz.,
Kelty,Cosmic Down 20,Sleeping bag,"Women's, Regular",fit=Women's; length=Regular; temp_f=20,,sleep,1420000,manufacturer,https://www.kelty.com/womens-cosmic-down-20/,Weight: 3.3 lb. / 1.42 kg,
Klymit,Insulated Static V Lite,Sleeping pad,,,,sleep,564156,manufacturer,https://klymit.com/products/insulated-static-v-lite-sleeping-pad,Weight: 19.9 oz / 556 g,
Klymit,Insulated V Ultralite SL,Sleeping pad,,length=72in; width=20in; r_value=1.9,,sleep,454000,manufacturer,https://www.garagegrowngear.com/products/insulated-v-ultralite-sl-by-klymit,Weight: 16oz | 454g,
Klymit,Static V,Sleeping pad,,length=72in; width=23in; r_value=1.3,,sleep,513126,manufacturer,https://klymit.com/products/static-v-sleeping-pad,Weight: 18.1 oz / 513 g,
Klymit,Static V Base,Sleeping pad,,length=72in; width=23in; r_value=1.3,,sleep,530136,manufacturer,https://klymit.com/products/static-v-base-sleeping-pad,Weight 18.7 oz / 530 g,
Marmot,Trestles Elite Eco 20,Sleeping bag,Regular,length=Regular; temp_f=20,,sleep,1712311,measured,https://www.cleverhiker.com/backpacking/marmot-trestles-elite-eco-20-review/,3 lb. 12.4 oz.,
Mountain Hardwear,Alamere 20F,Sleeping bag,Regular,length=Regular; temp_f=20,,sleep,1318000,manufacturer,https://www.mountainhardwear.com/p/alamere-20f%2F-7c-sleeping-bag-2109601.html,Approx. Weight*: 2 lb 14.5 oz / 1318 g; Temperature Rating: 20 F,
Mountain Hardwear,Bishop Pass 0F,Sleeping bag,Regular,length=Regular; temp_f=0,,sleep,1420000,manufacturer,https://www.mountainhardwear.com/p/bishop-pass-0f%2F-18c-sleeping-bag-2105561.html,Approx. Weight*: 3 lb 2.1 oz / 1420 g; Temperature Rating: 0 F,
Mountain Hardwear,Bishop Pass 0F,Sleeping bag,"Women's, Regular",fit=Women's; length=Regular; temp_f=0,,sleep,1440000,manufacturer,https://www.mountainhardwear.com/p/womens-bishop-pass-0f%2F-18c-sleeping-bag-2105591.html,Approx. Weight*: 3 lb 2.8 oz / 1440 g; Temperature Rating: 0 F,
Mountain Hardwear,Bishop Pass 15F,Sleeping bag,Regular,length=Regular; temp_f=15,,sleep,1060000,manufacturer,https://www.mountainhardwear.jp/shop/g/gOU7561375--REG0LH/,重量(g) (目安) 1060 g,
Mountain Hardwear,Bishop Pass 15F,Sleeping bag,"Women's, Regular",fit=Women's; length=Regular; temp_f=15,,sleep,1141000,manufacturer,https://www.mountainhardwear.com/p/womens-bishop-pass-15f%2F-9c-sleeping-bag-2105601.html,Approx. Weight*: 2 lb 8.2 oz / 1141 g; Temperature Rating: 15 F,
Mountain Hardwear,Bishop Pass 30F,Sleeping bag,Regular,length=Regular; temp_f=30,,sleep,810000,manufacturer,https://www.mountainhardwear.com/p/bishop-pass-30f%2F-1c-sleeping-bag-2105581.html,Approx. Weight*: 1 lb 12.6 oz / 810 g; Temperature Rating: 30 F,
Mountain Hardwear,Bishop Pass 30F,Sleeping bag,"Women's, Regular",fit=Women's; length=Regular; temp_f=30,,sleep,870000,manufacturer,https://www.mountainhardwear.com/p/womens-bishop-pass-30f%2F-1c-sleeping-bag-2105611.html,Approx. Weight*: 1 lb 14.7 oz / 870 g; Temperature Rating: 30 F,
Mountain Hardwear,Bishop Pass Windstopper -15F,Sleeping bag,Regular,length=Regular; temp_f=-15,,sleep,1788000,manufacturer,https://www.mountainhardwear.com/p/bishop-pass-windstopper--15f%2F-26c-reg-sleeping-bag-2141381.html,Approx. Weight*: 3 lb 15.1 oz / 1788 g; Temperature Rating: -15 F,
Mountain Hardwear,Bishop Pass Windstopper 0F,Sleeping bag,Regular,length=Regular; temp_f=0,,sleep,1495000,manufacturer,https://www.mountainhardwear.com/p/bishop-pass-windstopper-0f%2F-18c-reg-sleeping-bag-2141391.html,Approx. Weight*: 3 lb 4.7 oz / 1495 g; Temperature Rating: 0 F,
Mountain Hardwear,Bishop Pass Windstopper 15F,Sleeping bag,Regular,length=Regular; temp_f=15,,sleep,1164000,manufacturer,https://www.mountainhardwear.com/p/bishop-pass-windstopper-15f%2F-9c-reg-sleeping-bag-2141401.html,Approx. Weight*: 2 lb 9.1 oz / 1164 g; Temperature Rating: 15 F,
Mountain Hardwear,Ghoul 20F,Sleeping bag,Regular,length=Regular; temp_f=20,,sleep,633000,manufacturer,https://climbonequipment.com/en-us/products/mhw-ghoul-7-c-sleeping-bag,Approx. Weight: 1 lb 6.3 oz / 633 g,
Mountain Hardwear,Lamina -20F,Sleeping bag,Regular,length=Regular; temp_f=-20,,sleep,2300000,manufacturer,https://www.mountainhardwear.com/p/lamina--20f%2F-29c-sleeping-bag-2095141.html,Approx. Weight*: 5 lb 1.1 oz / 2300 g; Temperature Rating: -20 F,
Mountain Hardwear,Lamina 0F,Sleeping bag,Regular,length=Regular; temp_f=0,,sleep,1875000,manufacturer,https://www.mountainhardwear.com/p/lamina-0f%2F-18c-sleeping-bag-2095151.html,Approx. Weight*: 4 lb 2.1 oz / 1875 g; Temperature Rating: 0 F,
Mountain Hardwear,Lamina 0F,Sleeping bag,"Women's, Regular",fit=Women's; length=Regular; temp_f=0,,sleep,2076000,manufacturer,https://www.mountainhardwear.com/p/womens-lamina-0f%2F-18c-sleeping-bag-2095251.html,Approx. Weight*: 4 lb 9.2 oz / 2076 g; Temperature Rating: 0 F,
Mountain Hardwear,Lamina 15F,Sleeping bag,Regular,length=Regular; temp_f=15,,sleep,1393000,manufacturer,https://www.mountainhardwear.jp/shop/g/gOU7418443--REG0LH/,重量(g) (目安) 1393 g,
Mountain Hardwear,Lamina 15F,Sleeping bag,"Women's, Regular",fit=Women's; length=Regular; temp_f=15,,sleep,1715000,manufacturer,https://www.mountainhardwear.com/p/womens-lamina-15f%2F-9c-sleeping-bag-2095191.html,Approx. Weight*: 3 lb 12.5 oz / 1715 g; Temperature Rating: 15 F,
Mountain Hardwear,Lamina 30F,Sleeping bag,Regular,length=Regular; temp_f=30,,sleep,990000,manufacturer,https://www.mountainhardwear.com/p/lamina-30f%2F-1c-sleeping-bag-2095171.html,Approx. Weight*: 2 lb 2.9 oz / 990 g; Temperature Rating: 30 F,
Mountain Hardwear,Phantom 0F,Sleeping bag,Regular,length=Regular; temp_f=0,,sleep,1201000,manufacturer,https://www.mountainhardwear.com/p/phantom-0f%2F-18c-down-sleeping-bag-2063651.html,Approx. Weight*: 2 lb 10.4 oz / 1201 g; Temperature Rating: 0 F,
Mountain Hardwear,Phantom 15F,Sleeping bag,Regular,length=Regular; temp_f=15,,sleep,924000,manufacturer,https://www.mountainhardwear.jp/shop/g/gOU7232097--REG0LH/,重量(g) (目安) 924g,
Mountain Hardwear,Phantom 30F,Sleeping bag,Regular,length=Regular; temp_f=30,,sleep,626000,manufacturer,https://www.mountainhardwear.com/p/phantom-30f%2F-1c-down-sleeping-bag-2063671.html,Approx. Weight*: 1 lb 6.1 oz / 626 g; Temperature Rating: 30 F,
Mountain Hardwear,Phantom Windstopper -40F,Sleeping bag,Regular,length=Regular; temp_f=-40,,sleep,2052000,manufacturer,https://www.mountainhardwear.com/p/phantom-windstopper--40f%2F-40c-down-sleeping-bag-2109561.html,Approx. Weight*: 4 lb 8.4 oz / 2052 g; Temperature Rating: -40 F,
Mountain Hardwear,Phantom Windstopper 0F,Sleeping bag,Regular,length=Regular; temp_f=0,,sleep,1652000,manufacturer,https://www.mountainhardwear.com/p/phantom-windstopper-0f%2F-18c-down-sleeping-bag-2109571.html,Approx. Weight*: 3 lb 10.3 oz / 1652 g; Temperature Rating: 0 F,
Mountain Hardwear,Specter 15F,Sleeping bag,Regular,length=Regular; temp_f=15,,sleep,1031000,manufacturer,https://www.mountainhardwear.com/p/specter-15f%2F-9c-down-sleeping-bag-2063681.html,Approx. Weight*: 2 lb 4.4 oz / 1031 g; Temperature Rating: 15 F,
Nanga,Down Blanket,Quilt,Single,,,sleep,946000,manufacturer,https://store.nanga.jp/products/down-blanket-single,total weight approx 946 g (down fill 300 g),
Nanga,Minimarhythm 5Below Sleeping Bag,Sleeping bag,Regular,length=Regular,,sleep,415000,manufacturer,https://store.nanga.jp/products/minimarhythm-5below,total weight approx 415 g (down fill 250 g),
Nemo,Disco 30,Sleeping bag,"30F, Regular, 650FP",length=Regular; temp_f=30; fill_power=650,,sleep,878835,manufacturer,https://www.rei.com/product/162950/nemo-disco-30-sleeping-bag-mens,"NEMO's stated weight for the Disco 30 men's Regular is 1 lb. 15 oz, listed in the comparison table labeled ""SOURCE: Manufacturers.""",
Nemo,Eclipse All-Season,Sleeping bag,Regular,length=Regular,,sleep,453592,measured,https://www.adventurealan.com/product/nemo-eclipse-review/,NEMO Eclipse All-Season: 16 oz,
Nemo,Fillo,Pillow,Regular,size=Regular,,sleep,260816,manufacturer,https://www.nemoequipment.com/products/fillo-backpacking-pillow,Minimum Weight 9.2 oz / 260 g,
Nemo,Fillo Elite,Pillow,,,,sleep,85049,manufacturer,https://www.nemoequipment.com/products/fillo-elite-backpacking-pillow,Ultralight (3 ounces!) (85 g) — nemoequipment.com publishes the Elite's weight only in ounces.,
Nemo,Forte Endless Promise 20,Sleeping bag,"Men's, Regular",fit=Men's; length=Regular; temp_f=20,,sleep,1550000,manufacturer,https://www.alpinetrek.co.uk/nemo-forte-endless-promise-mens-20-synthetic-sleeping-bag/,"Weight: 1,550 g",
Nemo,Forte Endless Promise 20,Sleeping bag,"Women's, Regular",fit=Women's; length=Regular; temp_f=20,,sleep,1500000,manufacturer,https://www.alpinetrek.co.uk/nemo-womens-forte-endless-promise-20-synthetic-sleeping-bag/,"Weight: 1,500 g",
Nemo,Pulse UL 20/30 Quilt,Quilt,Long,length=Long; temp_f=20,,sleep,585000,manufacturer,https://www.garagegrowngear.com/products/pulse-ul-20-30-quilt-by-nemo-equipment,Long: 21oz | 585g,
Nemo,Pulse UL 20/30 Quilt,Quilt,Regular,length=Regular; temp_f=20,,sleep,500000,manufacturer,https://www.garagegrowngear.com/products/pulse-ul-20-30-quilt-by-nemo-equipment,Regular: 18oz | 500g,
Nemo,Switchback Ultralight,Sleeping pad,Regular,length=Regular; r_value=2,,sleep,411068,manufacturer,https://www.nemoequipment.com/products/switchback-ultralight-sleeping-pad,Regular ... Minimum Weight 14.5 oz / 415 g,
Nemo,Tensor All-Season Insulated Sleeping Pad,Sleeping pad,Long Wide,length=Long; width=Wide; r_value=5.4,,sleep,567000,manufacturer,https://www.garagegrowngear.com/products/tensor-all-season-sleeping-pad-by-nemo,Long Rectangular Wide: 20oz | 567g,
Nemo,Tensor All-Season Insulated Sleeping Pad,Sleeping pad,Regular,length=Regular; r_value=5.4,,sleep,420000,manufacturer,https://www.garagegrowngear.com/products/tensor-all-season-sleeping-pad-by-nemo,Regular Rectangular: 14.8oz | 420g,
Nemo,Tensor All-Season Insulated Sleeping Pad,Sleeping pad,Regular Mummy,length=Regular; r_value=5.4,,sleep,400000,manufacturer,https://www.garagegrowngear.com/products/tensor-all-season-sleeping-pad-by-nemo,Regular Mummy: 14.1oz | 400g,
Nemo,Tensor All-Season Insulated Sleeping Pad,Sleeping pad,Regular Wide,length=Regular; width=Wide; r_value=5.4,,sleep,539000,manufacturer,https://www.garagegrowngear.com/products/tensor-all-season-sleeping-pad-by-nemo,Regular Rectangular Wide: 19oz | 539g,
Nemo,Tensor All-Season Ultralight Insulated,Sleeping pad,Regular,length=Regular; r_value=5.4,,sleep,439418,manufacturer,https://www.nemoequipment.com/products/tensor-all-season-insulated-sleeping-pad,Regular ... Minimum Weight 15.5 oz / 440 g,
Nemo,Tensor All-Season Ultralight Insulated,Sleeping pad,Regular Wide,length=Regular; width=Wide; r_value=5.4,,sleep,538641,manufacturer,https://www.nemoequipment.com/products/tensor-all-season-insulated-sleeping-pad,Regular Wide ... Minimum Weight 1 lb 3 oz / 530 g,
Nemo,Tensor Elite Ultralight Sleeping Pad,Sleeping pad,Regular Mummy,length=Regular; r_value=2.4,,sleep,240971,manufacturer,https://zpacks.com/products/nemo-tensor-elite-sleeping-pad,"Regular: 8.5 oz (240 g); 20 x 72"" x 3"". Corroborated by NEMO's own copy describing 'an ethereal 240-gram weight' (nemoequipment.com/products/tensor-elite-ultralight-sleeping-pad).",
Nemo,Tensor Elite Ultralight Sleeping Pad,Sleeping pad,Regular Wide Mummy,length=Regular; width=Wide; r_value=2.4,,sleep,294835,manufacturer,https://zpacks.com/products/nemo-tensor-elite-sleeping-pad,"Regular-Wide: 10.4 oz (295g); 25"" x 72"" x 3"". Manufacturer spec table reproduced by Zpacks.",
Nemo,Tensor Elite Ultralight Sleeping Pad,Sleeping pad,Short Mummy,length=Short; r_value=2.4,,sleep,215456,manufacturer,https://zpacks.com/products/nemo-tensor-elite-sleeping-pad,"Short: 7.6 oz (215 g); 20 x 63"" x 3"". Manufacturer spec table reproduced by Zpacks (NEMO product page is JS-rendered and does not expose per-size weights).",
Nemo,Tensor Extreme Conditions Ultralight Insulated,Sleeping pad,Regular Mummy,length=Regular; r_value=8.5,,sleep,481942,manufacturer,https://www.campman.com/camp-hike/nemo-tensor-extreme-conditions-sleeping-pad/,Regular Mummy size weight: 17 oz (472 g),
Nemo,Tensor Extreme Insulated Sleeping Pad,Sleeping pad,Long Wide,length=Long; width=Wide; r_value=8.5,,sleep,652000,manufacturer,https://www.garagegrowngear.com/products/tensor-extreme-ultralight-insulated-sleeping-pad-by-nemo-equipment,Long Wide: 23oz | 652g (minimum),
Nemo,Tensor Extreme Insulated Sleeping Pad,Sleeping pad,Regular,length=Regular; r_value=8.5,,sleep,510000,manufacturer,https://www.garagegrowngear.com/products/tensor-extreme-ultralight-insulated-sleeping-pad-by-nemo-equipment,Regular: 18oz | 510g (minimum),
Nemo,Tensor Extreme Insulated Sleeping Pad,Sleeping pad,Regular Mummy,length=Regular; r_value=8.5,,sleep,482000,manufacturer,https://www.garagegrowngear.com/products/tensor-extreme-ultralight-insulated-sleeping-pad-by-nemo-equipment,Regular Mummy: 17oz | 482g (minimum),
Nemo,Tensor Extreme Insulated Sleeping Pad,Sleeping pad,Regular Wide,length=Regular; width=Wide; r_value=8.5,,sleep,624000,manufacturer,https://www.garagegrowngear.com/products/tensor-extreme-ultralight-insulated-sleeping-pad-by-nemo-equipment,Regular Wide: 22oz | 624g (minimum),
Nemo,Tensor Trail Sleeping Pad,Sleeping pad,Long Wide,length=Long; width=Wide; r_value=2.8,,sleep,510000,manufacturer,https://www.garagegrowngear.com/products/tensor-trail-sleeping-pad-by-nemo,Long Wide: 18oz | 510g (minimum),
Nemo,Tensor Trail Sleeping Pad,Sleeping pad,Regular,length=Regular; r_value=2.8,,sleep,380000,manufacturer,https://www.garagegrowngear.com/products/tensor-trail-sleeping-pad-by-nemo,Regular: 13.4oz | 380g (minimum),
Nemo,Tensor Trail Sleeping Pad,Sleeping pad,Regular Mummy,length=Regular; r_value=2.8,,sleep,354000,manufacturer,https://www.garagegrowngear.com/products/tensor-trail-sleeping-pad-by-nemo,Regular Mummy: 12.5oz | 354g (minimum),
Nemo,Tensor Trail Sleeping Pad,Sleeping pad,Regular Wide,length=Regular; width=Wide; r_value=2.8,,sleep,482000,manufacturer,https://www.garagegrowngear.com/products/tensor-trail-sleeping-pad-by-nemo,Regular Wide: 17oz | 482g (minimum),
Nemo,Tensor Trail Ultralight Insulated,Sleeping pad,Regular,length=Regular; r_value=2.8,,sleep,394058,manufacturer,https://www.nemoequipment.com/products/tensor-trail-insulated-ultralight-sleeping-pad,Regular ... Minimum Weight 13.9 oz / 395 g,
Neve Gear,Waratah Ultralight Hiking Quilt,Quilt,"18F, 5ft 6in",length=5ft 6in; temp_f=18,,sleep,750000,manufacturer,https://www.garagegrowngear.com/products/waratah-ultralight-hiking-quilt-by-neve-gear,26.5oz | 750g,
Neve Gear,Waratah Ultralight Hiking Quilt,Quilt,"18F, 6ft",length=6ft; temp_f=18,,sleep,780000,manufacturer,https://www.garagegrowngear.com/products/waratah-ultralight-hiking-quilt-by-neve-gear,27.5oz | 780g,
Neve Gear,Waratah Ultralight Hiking Quilt,Quilt,"18F, 6ft 6in",length=6ft 6in; temp_f=18,,sleep,810000,manufacturer,https://www.garagegrowngear.com/products/waratah-ultralight-hiking-quilt-by-neve-gear,28.6oz | 810g,
Neve Gear,Waratah Ultralight Hiking Quilt,Quilt,"28F, 5ft 6in",length=5ft 6in; temp_f=28,,sleep,625000,manufacturer,https://www.garagegrowngear.com/products/waratah-ultralight-hiking-quilt-by-neve-gear,22oz | 625g,
Neve Gear,Waratah Ultralight Hiking Quilt,Quilt,"28F, 6ft",length=6ft; temp_f=28,,sleep,645000,manufacturer,https://www.garagegrowngear.com/products/waratah-ultralight-hiking-quilt-by-neve-gear,22.8oz | 645g,
Neve Gear,Waratah Ultralight Hiking Quilt,Quilt,"28F, 6ft 6in",length=6ft 6in; temp_f=28,,sleep,665000,manufacturer,https://www.garagegrowngear.com/products/waratah-ultralight-hiking-quilt-by-neve-gear,23.5oz | 665g,
Nunatak,Arc Alpinist,Quilt,20F,temp_f=20,,sleep,586835,measured,https://www.outdoorgearlab.com/reviews/camping-and-hiking/ultralight-sleeping-bag/nunatak-arc-alpinist,20.7 ounces on our scale,
Pillow Strap,Camping Pillow Strap,Pillow strap,Medium,size=M,,sleep,65000,manufacturer,https://www.garagegrowngear.com/products/pillow-strap-by-pillow-strap,Medium: 2.3oz | 65g,
Pillow Strap,Camping Pillow Strap,Pillow strap,Small,size=S,,sleep,51000,manufacturer,https://www.garagegrowngear.com/products/pillow-strap-by-pillow-strap,Small: 1.8oz | 51g,
Pillow Strap,Camping Pillowcase,Pillowcase,Medium,size=M,,sleep,65204,manufacturer,https://www.pillowstrap.com/products/medium-grey,Medium camping pillowcase: 2.3 oz (65 g); fits pillows 15-18 in wide. Straps a pillow onto a sleeping pad (the user's 'Pillow Strap - Medium').,
REI Co-op,Magma 30,Sleeping bag,"30F, Regular, 850FP",length=Regular; temp_f=30; fill_power=850,,sleep,561320,manufacturer,https://web.archive.org/web/20200311095059id_/https://www.rei.com/product/148246/rei-co-op-magma-30-sleeping-bag-mens,Weight: Regular - Left Zip 1 lb. 3.8 oz.; Long - Left Zip 1 lb. 6 oz.,
REI Co-op,Magma 30,Sleeping bag,"Women's, 30F, Regular",fit=Women's; length=Regular; temp_f=30,,sleep,637864,manufacturer,https://www.rei.com/product/148250/rei-co-op-magma-30-sleeping-bag-womens?redirect-pup=false,Weight: Regular - Right Zip: 1 lb. 6.5 oz.,
Sea to Summit,Aeros Down Pillow,Pillow,Large,size=L,,sleep,90000,manufacturer,https://www.garagegrowngear.com/products/aeros-down-pillow-by-sea-to-summit,Large: 3.2oz | 90g,
Sea to Summit,Aeros Down Pillow,Pillow,Regular,size=Regular,,sleep,70000,manufacturer,https://www.garagegrowngear.com/products/aeros-down-pillow-by-sea-to-summit,Regular: 2.5oz | 70g,
Sea to Summit,Aeros Premium Pillow,Pillow,Regular,size=Regular,,sleep,99223,manufacturer,https://seatosummit.com/products/aeros-pillow-premium,Regular ... Weight 99 g 3.5 oz,
Sea to Summit,Aeros Ultralight Pillow,Pillow,Regular,size=Regular,,sleep,55000,manufacturer,https://seatosummit.com/products/aeros-pillow-ultra-light,Weight: 55 g / 1.9 oz (Packed Weight: 57 g / 2.0 oz) — Regular size.,
Sea to Summit,Ascent Down Sleeping Bag,Sleeping bag,"15F, Regular",length=Regular; temp_f=15,,sleep,1020000,manufacturer,https://seatosummit.com/products/the-ascent-down-sleeping-bag,15°F Regular: 1020 g 36.0 oz,
Sea to Summit,Ascent Down Sleeping Bag,Sleeping bag,"30F, Regular",length=Regular; temp_f=30,,sleep,782000,manufacturer,https://seatosummit.com/products/the-ascent-down-sleeping-bag,30°F Regular: 782 g 27.6 oz,
Sea to Summit,Ember 30F,Quilt,"30F, Regular",length=Regular; temp_f=30,,sleep,544000,manufacturer,https://seatosummit.com/products/the-ember-down-quilt,"Tech specs table, 30F Regular: Total Weight ""544 g / 19.2 oz""",
Sea to Summit,Ether Light XR Insulated,Sleeping pad,Regular Wide,length=Regular; width=Wide; r_value=4.1,,sleep,605000,manufacturer,https://seatosummit.com/products/ether-light-xr-insulated-air-sleeping-pad,Regular Rectangular Wide: 605 g / 21.3 oz (pad weight),
Sea to Summit,Ether Light XT Extreme Insulated,Sleeping pad,"Regular, Tapered",length=Regular; r_value=6.2,,sleep,720000,manufacturer,https://seatosummit.com/pages/ether-light-xt-insulated-sleeping-pad,"Ether Light XT Extreme, Tapered Regular (72 x 21.5 in): ~720 g / 1.6 lb. (The Rectangular Regular is ~950 g; this row is the lighter tapered config.)",
Sea to Summit,Ether Light XT Insulated,Sleeping pad,Regular,length=Regular; r_value=3.2,,sleep,490447,manufacturer,https://seatosummit.com/pages/ether-light-xt-insulated-sleeping-pad,Weight: 17.3 oz | 490 g,
Sea to Summit,Silk Blend Sleeping Bag Liner,Sleeping bag liner,Compact Mummy,,,sleep,130000,manufacturer,https://www.garagegrowngear.com/products/silk-blend-sleeping-bag-liner-by-sea-to-summit,Compact Mummy: 4.6oz | 130g,
Sea to Summit,Silk Blend Sleeping Bag Liner,Sleeping bag liner,Rectangular,,,sleep,160000,manufacturer,https://www.garagegrowngear.com/products/silk-blend-sleeping-bag-liner-by-sea-to-summit,Rectangular: 5.6oz | 160g,
Sea to Summit,Silk Blend Sleeping Bag Liner,Sleeping bag liner,Standard Mummy,,,sleep,140000,manufacturer,https://www.garagegrowngear.com/products/silk-blend-sleeping-bag-liner-by-sea-to-summit,Standard Mummy: 4.9oz | 140g,
Sea to Summit,Spark 15F,Sleeping bag,"15F, Regular",length=Regular; temp_f=15,,sleep,728583,manufacturer,https://seatosummit.com/products/spark-down-sleeping-bag,15°F (-9°C): Weight 730 g | 25.7 oz (Regular),
Sea to Summit,Spark 15F,Sleeping bag,"Women's, 15F, Regular",fit=Women's; length=Regular; temp_f=15,,sleep,930000,manufacturer,https://seatosummit.com/products/spark-womens-down-sleeping-bag,Weight: 930 g | 32.8 oz,
Sea to Summit,Spark 30F,Sleeping bag,"30F, Regular",length=Regular; temp_f=30,,sleep,493000,manufacturer,https://seatosummit.com/products/spark-down-sleeping-bag,"Tech specs table, 30F / -1C Regular: Weight ""493 g / 17.4 oz""; Fill Weight ""265 g / 9.35 oz""",
Sea to Summit,Spark 30F,Sleeping bag,"Women's, 30F, Regular",fit=Women's; length=Regular; temp_f=30,,sleep,584000,manufacturer,https://seatosummit.com/products/spark-womens-down-sleeping-bag,Weight: 584 g | 20.6 oz,
Sea to Summit,Trek TkII Down Sleeping Bag,Sleeping bag,"Long, 18F",length=Long; temp_f=18,,sleep,1077282,manufacturer,https://www.thebrokebackpacker.com/sea-to-summit-trek-tkii-review/,Long: 2 lbs. 6 oz. (1.1 kilos),
Sea to Summit,Ultralight XR Insulated,Sleeping pad,Regular,length=Regular; r_value=3.6,,sleep,415000,manufacturer,https://seatosummit.com/products/ultralight-xr-insulated-air-sleeping-pad,Regular: 415 g / 14.6 oz,
Therm-a-Rest,Air Head Lite Pillow,Pillow,Regular,size=Regular,,sleep,60000,manufacturer,https://cascadedesigns.com/products/air-head-lite-pillow,Weight (Metric) 0.06 kg,
Therm-a-Rest,Compressible Pillow Cinch,Pillow,Regular,size=Regular,,sleep,325000,manufacturer,https://cascadedesigns.com/products/compressible-pillow-cinch,11.5 oz (325 g),
Therm-a-Rest,Corus 20F,Quilt,"20F / -6C, Regular, 650FP down",length=Regular; temp_f=20; fill_power=650,,sleep,734820,manufacturer,https://cascadedesigns.com/products/corus-20f-6c-down-quilt,Regular Size: 1 lbs 10 oz (735 g); Long Size: 1 lbs 13 oz (815 g),
Therm-a-Rest,NeoAir XLite NXT,Sleeping pad,Large,length=Large; r_value=4.5,,sleep,481942,manufacturer,https://cascadedesigns.com/products/neoair-xlite-nxt-sleeping-pad,Large ... Weight 1 lb 1 oz (0.48 kg),
Therm-a-Rest,NeoAir XLite NXT,Sleeping pad,Regular,length=Regular; r_value=4.5,,sleep,368544,manufacturer,https://cascadedesigns.com/products/neoair-xlite-nxt-sleeping-pad,Regular ... Weight 13 oz (0.37 kg),
Therm-a-Rest,NeoAir XLite NXT,Sleeping pad,Regular Wide,length=Regular; width=Wide; r_value=4.5,,sleep,453592,manufacturer,https://cascadedesigns.com/products/neoair-xlite-nxt-sleeping-pad,Regular Wide ... Weight 1 lb (0.45 kg),
Therm-a-Rest,NeoAir XTherm NXT,Sleeping pad,Large,length=Large; r_value=7.3,,sleep,566990,manufacturer,https://cascadedesigns.com/products/neoair-xtherm-nxt-sleeping-pad,Large ... Weight 1 lb 4 oz (0.57 kg),
Therm-a-Rest,NeoAir XTherm NXT,Sleeping pad,Regular,length=Regular; r_value=7.3,,sleep,439418,manufacturer,https://cascadedesigns.com/products/neoair-xtherm-nxt-sleeping-pad,Regular ... Weight 15.5 oz (0.44 kg),
Therm-a-Rest,NeoAir XTherm NXT,Sleeping pad,Regular Wide,length=Regular; width=Wide; r_value=7.3,,sleep,538641,manufacturer,https://cascadedesigns.com/products/neoair-xtherm-nxt-sleeping-pad,Regular Wide ... Weight 1 lb 3 oz (0.54 kg),
Therm-a-Rest,NeoLoft Sleeping Pad,Sleeping pad,Large,length=Large; r_value=4.7,,sleep,910000,manufacturer,https://www.garagegrowngear.com/products/neoloft-sleeping-pad-by-thermarest,Large: 32oz | 910g,
Therm-a-Rest,NeoLoft Sleeping Pad,Sleeping pad,Regular,length=Regular; r_value=4.7,,sleep,710000,manufacturer,https://www.garagegrowngear.com/products/neoloft-sleeping-pad-by-thermarest,Regular: 25oz | 710g,
Therm-a-Rest,NeoLoft Sleeping Pad,Sleeping pad,Regular Wide,length=Regular; width=Wide; r_value=4.7,,sleep,850000,manufacturer,https://www.garagegrowngear.com/products/neoloft-sleeping-pad-by-thermarest,Regular Wide: 30oz | 850g,
Therm-a-Rest,ProLite Plus,Sleeping pad,Regular,length=Regular,,sleep,652039,manufacturer,https://cascadedesigns.com/en-eu/products/prolite-plus-sleeping-pad,Regular ... Weight (Standard) 1 lb 7 oz ... Weight (Metric) 0.65 kg,
Therm-a-Rest,Vesper 20F,Quilt,"20F, Regular",length=Regular; temp_f=20,,sleep,550000,manufacturer,https://cascadedesigns.com/products/vesper-20f-6c-down-quilt,"Vesper 20F/-6C Down Quilt, Regular, stated total weight ""1 lb 3 oz (550 g)"" (Therm-a-Rest / Cascade Designs product page)",
Therm-a-Rest,Z Lite Original,Sleeping pad,Regular,length=Regular; r_value=1.7,,sleep,396893,manufacturer,https://cascadedesigns.com/products/original-z-lite-sleeping-pad,Regular ... Weight 14 oz (0.41 kg),
Therm-a-Rest,Z Lite Sol,Sleeping pad,Regular,length=Regular; r_value=2,,sleep,396893,manufacturer,https://cascadedesigns.com/products/z-lite-sol-sleeping-pad,Regular ... Weight 14 oz (0.41 kg),
Therm-a-Rest,Z Lite Sol,Sleeping pad,Small,length=Small; r_value=2,,sleep,283495,manufacturer,https://cascadedesigns.com/products/z-lite-sol-sleeping-pad,Small ... Weight 10 oz (0.29 kg),
Trekology,Aluft 2.0,Pillow,Regular,size=Regular,,sleep,110563,manufacturer,https://trekology.com/products/trekology-aluft-2-0-inflatable-pillow-for-camping-copy-2,the ALUFT 2.0 weighs in at only 3.9oz (110g),
Tumble On Outfitters,Alpha Fleece Sleeping Bag Liner,Sleeping bag liner,Long,length=Long,,sleep,198000,manufacturer,https://www.garagegrowngear.com/products/alpha-fleece-sleeping-bag-liner-by-tumble-on-outfitters,Long: 7oz | 198g,
Tumble On Outfitters,Alpha Fleece Sleeping Bag Liner,Sleeping bag liner,Short,length=Short,,sleep,170000,manufacturer,https://www.garagegrowngear.com/products/alpha-fleece-sleeping-bag-liner-by-tumble-on-outfitters,Short: 6oz | 170g,
UGQ Outdoor,Bandit Top Quilt,Quilt,"20F, Long, 850FP, insulated footbox",length=Long; temp_f=20; fill_power=850,,sleep,770540,manufacturer,https://ugqlimited.com/products/bandit-20f-insulated,27.18 oz (1.70 lbs Estimated),
UGQ Outdoor,Bandit Top Quilt,Quilt,"20F, Regular Wide, zip footbox",length=Regular; width=Wide; temp_f=20,,sleep,632194,measured,https://www.cleverhiker.com/backpacking/backpacking-individual-gear-reviews/ugq-bandit-20-review/,Weight: 1 lb. 6.3 oz.,
Western Mountaineering,AlpinLite,Sleeping bag,"6ft, 20F",length=6ft; temp_f=20,,sleep,878835,manufacturer,https://www.westernmountaineering.com/product/alpinlite/,"Total Weight 6'0"": 1 lb 15 oz",
Western Mountaineering,FlyLite 36°F Sleeping Bag,Sleeping bag,5ft 6in,length=5ft 6in; temp_f=36,,sleep,383000,manufacturer,https://www.garagegrowngear.com/products/flylite-by-western-mountaineering,Total Weight 13.5oz | 383g,
Western Mountaineering,FlyLite 36°F Sleeping Bag,Sleeping bag,6ft 0in,length=6ft; temp_f=36,,sleep,404000,manufacturer,https://www.garagegrowngear.com/products/flylite-by-western-mountaineering,14.25oz | 404g,
Western Mountaineering,FlyLite 36°F Sleeping Bag,Sleeping bag,6ft 6in,length=6ft 6in; temp_f=36,,sleep,418000,manufacturer,https://www.garagegrowngear.com/products/flylite-by-western-mountaineering,14.75oz | 418g,
Western Mountaineering,HighLite,Sleeping bag,"6ft, 35F",length=6ft; temp_f=35,,sleep,453592,manufacturer,https://www.westernmountaineering.com/product/highlite/,"Total Weight 6'0"": 16 oz",
Western Mountaineering,MegaLite,Sleeping bag,"6ft, 30F",length=6ft; temp_f=30,,sleep,680388,manufacturer,https://www.westernmountaineering.com/product/megalite/,"Total Weight 6'0"": 1 lb 8 oz",
Western Mountaineering,NanoLite 38°F Quilt,Quilt,5ft 8in,length=5ft 8in; temp_f=38,,sleep,370000,manufacturer,https://www.garagegrowngear.com/products/nanolite-by-western-mountaineering,Total Weight 13.1oz | 370g,
Western Mountaineering,NanoLite 38°F Quilt,Quilt,6ft 4in,length=6ft 4in; temp_f=38,,sleep,402000,manufacturer,https://www.garagegrowngear.com/products/nanolite-by-western-mountaineering,14.2oz | 402g,
Western Mountaineering,SummerLite,Sleeping bag,"6ft, 32F",length=6ft; temp_f=32,,sleep,538641,manufacturer,https://www.westernmountaineering.com/product/summerlite/,"Total Weight 6'0"": 1 lb 3 oz",
Western Mountaineering,Tioga Sleep Liner,Sleeping bag liner,"Mummy, Long",length=Long,,sleep,117000,manufacturer,https://www.garagegrowngear.com/products/tioga-sleep-liner-by-western-mountaineering,Mummy Long: 4.1oz | 117g,
Western Mountaineering,Tioga Sleep Liner,Sleeping bag liner,"Mummy, Regular",length=Regular,,sleep,103000,manufacturer,https://www.garagegrowngear.com/products/tioga-sleep-liner-by-western-mountaineering,Mummy Regular: 3.6oz | 103g,
Western Mountaineering,Tioga Sleep Liner,Sleeping bag liner,"Rectangular, Regular",length=Regular,,sleep,124000,manufacturer,https://www.garagegrowngear.com/products/tioga-sleep-liner-by-western-mountaineering,Rectangular Regular: 4.4oz | 124g,
Western Mountaineering,Tioga Sleep Liner,Sleeping bag liner,"Taper, Long",length=Long,,sleep,100000,manufacturer,https://www.garagegrowngear.com/products/tioga-sleep-liner-by-western-mountaineering,Taper Long: 3.5oz | 100g,
Western Mountaineering,Tioga Sleep Liner,Sleeping bag liner,"Taper, Regular",length=Regular,,sleep,92000,manufacturer,https://www.garagegrowngear.com/products/tioga-sleep-liner-by-western-mountaineering,Taper Regular: 3.3oz | 92g,
Western Mountaineering,UltraLite,Sleeping bag,"6ft, 20F",length=6ft; temp_f=20,,sleep,822136,manufacturer,https://www.westernmountaineering.com/product/ultralite/,"Total Weight: 6'0"": 1 lb 13 oz",
Western Mountaineering,VersaLite,Sleeping bag,"6ft, 10F",length=6ft; temp_f=10,,sleep,907185,manufacturer,https://www.westernmountaineering.com/product/versalite/,"Total Weight 6'0"": 2 lb",
Zenbivy,Fast Sheet,Sheet,20in,width=20in,,sleep,86000,manufacturer,https://zenbivy.com/products/fast-sheet,"Fast Sheet — 20"": 3.0 oz (86 g)",
Zenbivy,Flex Air Mattress,Sleeping pad,"20x72, Tapered",length=72in; width=20in; r_value=4.8,,sleep,567000,manufacturer,https://www.garagegrowngear.com/products/flex-air-mattress-zenbivy,20 x 72 Tapered: 20oz | 567g,
Zenbivy,Flex Air Mattress,Sleeping pad,"25x72, Rectangular",length=72in; width=25in; r_value=4.8,,sleep,737000,manufacturer,https://www.garagegrowngear.com/products/flex-air-mattress-zenbivy,25 x 72 Rectangular: 26oz | 737g,
Zenbivy,Flex Air Mattress,Sleeping pad,"25x72, Tapered",length=72in; width=25in; r_value=4.8,,sleep,680000,manufacturer,https://www.garagegrowngear.com/products/flex-air-mattress-zenbivy,25 x 72 Tapered: 24oz | 680g,
Zenbivy,Flex Air Mattress,Sleeping pad,"25x78, Rectangular",length=78in; width=25in; r_value=4.8,,sleep,794000,manufacturer,https://www.garagegrowngear.com/products/flex-air-mattress-zenbivy,25 x 78 Rectangular: 28oz | 794g,
Zenbivy,Flex Air Mattress,Sleeping pad,"25x78, Tapered",length=78in; width=25in; r_value=4.8,,sleep,709000,manufacturer,https://www.garagegrowngear.com/products/flex-air-mattress-zenbivy,25 x 78 Tapered: 25oz | 709g,
Zenbivy,Light Quilt,Quilt,"10F, Regular",length=Regular; temp_f=10,,sleep,907000,manufacturer,https://zenbivy.com/products/light-quilt,Light Quilt — 10°F Down — Regular: 2 lb (907 g),
Zenbivy,Light Quilt,Quilt,"25F, Regular",length=Regular; temp_f=25,,sleep,623000,manufacturer,https://zenbivy.com/products/light-quilt,Light Quilt — 25°F Down — Regular: 1 lb 6 oz (623 g),
Zenbivy,Light Sheet,Sheet,"25F, 25in",width=25in; temp_f=25,,sleep,261000,manufacturer,https://zenbivy.com/collections/light-beds,"Light Sheet (Full-Length) — 25°F Down — 25"": 9.2 oz (261 g)",
Zenbivy,UL Dirtbed Quilt,Quilt,"10F, Large",length=Large; temp_f=10,,sleep,964000,manufacturer,https://www.garagegrowngear.com/products/ul-dirtbed-quilt,Large: 34oz | 964g,
Zenbivy,UL Dirtbed Quilt,Quilt,"10F, Regular",length=Regular; temp_f=10,,sleep,850000,manufacturer,https://www.garagegrowngear.com/products/ul-dirtbed-quilt,Regular: 30oz | 850g,
Zenbivy,UL Dirtbed Quilt,Quilt,"10F, X-Large",length=X-Large; temp_f=10,,sleep,1110000,manufacturer,https://www.garagegrowngear.com/products/ul-dirtbed-quilt,X-Large: 39oz | 1110g,
Zenbivy,UL Dirtbed Quilt,Quilt,"25F, Large",length=Large; temp_f=25,,sleep,652000,manufacturer,https://www.garagegrowngear.com/products/ul-dirtbed-quilt,Large: 23oz | 652g,
Zenbivy,UL Dirtbed Quilt,Quilt,"25F, Regular",length=Regular; temp_f=25,,sleep,567000,manufacturer,https://www.garagegrowngear.com/products/ul-dirtbed-quilt,Regular: 20oz | 567g,
Zenbivy,UL Dirtbed Quilt,Quilt,"25F, X-Large",length=X-Large; temp_f=25,,sleep,737000,manufacturer,https://www.garagegrowngear.com/products/ul-dirtbed-quilt,X-Large: 26oz | 737g,
Zenbivy,UL Dirtbed Sheet,Sheet,10F,temp_f=10,,sleep,241000,manufacturer,https://www.garagegrowngear.com/products/ul-dirtbed-sheet,10°F: 8.5oz | 241g,
Zenbivy,UL Dirtbed Sheet,Sheet,25F,temp_f=25,,sleep,190000,manufacturer,https://www.garagegrowngear.com/products/ul-dirtbed-sheet,25°F: 6.7oz | 190g,
Zenbivy,Ultralight Mattress,Sleeping pad,"Tapered, 20 x 72",length=72in; width=20in; r_value=4.8,,sleep,482000,manufacturer,https://zenbivy.com/products/ultralight-mattress,Ultralight Mattress — Tapered 20x72 — 1 lb 1 oz (482 g); R-Value 4.8,
Zenbivy,Ultralight Pillow,Pillow,Regular,size=Regular,,sleep,68000,manufacturer,https://zenbivy.com/products/ultralight-pillow,Ultralight Pillow — Regular total: 2.4 oz (68 g) — pillowcase 1 oz (28 g) + air bladder 1.4 oz (40 g),
Zenbivy,Ultralight Quilt,Quilt,"10F, 900FP, Large",length=Large; temp_f=10; fill_power=900,,sleep,822000,manufacturer,https://zenbivy.com/products/ultralight-quilt,"Ultralight Quilt — 10°F Down, 900+ FP ExpeDRY Muscovy — Large: 1 lb 13 oz (822 g)",
Zenbivy,Ultralight Quilt,Quilt,"10F, 900FP, Regular",length=Regular; temp_f=10; fill_power=900,,sleep,709000,manufacturer,https://zenbivy.com/products/ultralight-quilt,"Ultralight Quilt — 10°F Down, 900+ FP ExpeDRY Muscovy — Regular: 1 lb 9 oz (709 g)",
Zenbivy,Ultralight Quilt,Quilt,"10F, 900FP, X-Large",length=X-Large; temp_f=10; fill_power=900,,sleep,936000,manufacturer,https://zenbivy.com/products/ultralight-quilt,"Ultralight Quilt — 10°F Down, 900+ FP ExpeDRY Muscovy — XL: 2 lb 1 oz (936 g)",
Zenbivy,Ultralight Quilt,Quilt,"10F, 950FP, Large",length=Large; temp_f=10; fill_power=950,,sleep,751000,manufacturer,https://zenbivy.com/products/ultralight-quilt,"Ultralight Quilt — 10°F Down, 950+ FP Ultrasonic Muscovy — Large: 1 lb 10 oz (751 g)",
Zenbivy,Ultralight Quilt,Quilt,"10F, 950FP, Regular",length=Regular; temp_f=10; fill_power=950,,sleep,680000,manufacturer,https://zenbivy.com/products/ultralight-quilt,"Ultralight Quilt — 10°F Down, 950+ FP Ultrasonic Muscovy — Regular: 1 lb 8 oz (680 g)",
Zenbivy,Ultralight Quilt,Quilt,"10F, 950FP, X-Large",length=X-Large; temp_f=10; fill_power=950,,sleep,850000,manufacturer,https://zenbivy.com/products/ultralight-quilt,"Ultralight Quilt — 10°F Down, 950+ FP Ultrasonic Muscovy — XL: 1 lb 14 oz (850 g)",
Zenbivy,Ultralight Quilt,Quilt,"25F, 900FP, Large",length=Large; temp_f=25; fill_power=900,,sleep,538000,manufacturer,https://zenbivy.com/products/ultralight-quilt,"Ultralight Quilt — 25°F Down, 900+ FP ExpeDRY Muscovy — Large: 1 lb 3 oz (538 g)",
Zenbivy,Ultralight Quilt,Quilt,"25F, 900FP, Regular",length=Regular; temp_f=25; fill_power=900,,sleep,482000,manufacturer,https://zenbivy.com/products/ultralight-quilt,"Ultralight Quilt — 25°F Down, 900+ FP ExpeDRY Muscovy — Regular: 1 lb 1 oz (482 g)",
Zenbivy,Ultralight Quilt,Quilt,"25F, 900FP, X-Large",length=X-Large; temp_f=25; fill_power=900,,sleep,623000,manufacturer,https://zenbivy.com/products/ultralight-quilt,"Ultralight Quilt — 25°F Down, 900+ FP ExpeDRY Muscovy — XL: 1 lb 6 oz (623 g)",
Zenbivy,Ultralight Quilt,Quilt,"25F, 950FP, Large",length=Large; temp_f=25; fill_power=950,,sleep,510000,manufacturer,https://zenbivy.com/products/ultralight-quilt,"Ultralight Quilt — 25°F Down, 950+ FP Ultrasonic Muscovy — Large: 1 lb 2 oz (510 g)",
Zenbivy,Ultralight Quilt,Quilt,"25F, 950FP, Regular",length=Regular; temp_f=25; fill_power=950,,sleep,454000,manufacturer,https://zenbivy.com/products/ultralight-quilt,"Ultralight Quilt — 25°F Down, 950+ FP Ultrasonic Muscovy — Regular: 1 lb (454 g)",
Zenbivy,Ultralight Quilt,Quilt,"25F, 950FP, X-Large",length=X-Large; temp_f=25; fill_power=950,,sleep,595000,manufacturer,https://zenbivy.com/products/ultralight-quilt,"Ultralight Quilt — 25°F Down, 950+ FP Ultrasonic Muscovy — XL: 1 lb 5 oz (595 g)",
Zenbivy,Ultralight Quilt,Quilt,"25F, Synthetic, Large",length=Large; temp_f=25,,sleep,794000,manufacturer,https://zenbivy.com/products/ultralight-quilt,Ultralight Quilt — 25°F Synthetic PrimaLoft Gold — Large: 1 lb 12 oz (794 g),
Zenbivy,Ultralight Quilt,Quilt,"25F, Synthetic, Regular",length=Regular; temp_f=25,,sleep,709000,manufacturer,https://zenbivy.com/products/ultralight-quilt,Ultralight Quilt — 25°F Synthetic PrimaLoft Gold — Regular: 1 lb 9 oz (709 g),
Zenbivy,Ultralight Quilt,Quilt,"25F, Synthetic, X-Large",length=X-Large; temp_f=25,,sleep,936000,manufacturer,https://zenbivy.com/products/ultralight-quilt,Ultralight Quilt — 25°F Synthetic PrimaLoft Gold — XL: 2 lb 1 oz (936 g),
Zenbivy,Ultralight Sheet,Sheet,"25F, 25in",width=25in; temp_f=25,,sleep,162000,manufacturer,https://zenbivy.com/products/ultralight-sheet,"Ultralight Sheet — 25°F Down — 25"": 5.7 oz (162 g)",
Zpacks,Classic Sleeping Bag,Sleeping bag,"30F, Slim-Short",length=Short; width=Slim; temp_f=30,,sleep,345864,manufacturer,https://zpacks.com/products/classic-sleeping-bag,"Weight 12.2 oz / 347 g (30F (-1C), Slim-Short)",
Zpacks,Comfy Camp Pillow,Pillow,,,,sleep,92000,manufacturer,https://zpacks.com/products/comfy-camp-pillow,Weight 3.2 oz / 92 g,
Zpacks,Mummy Sleeping Bag,Sleeping bag,"20F, Standard-Short",length=Short; width=Standard; temp_f=20,,sleep,623690,manufacturer,https://zpacks.com/products/mummy-sleeping-bag,"Weight 22 oz / 625 g (20F (-7C), Standard-Short)",
Zpacks,Pillow Dry Bag,Pillow,M+,size=M+,,sleep,46000,manufacturer,https://zpacks.com/products/medium-plus-pillow,Weight 1.6 oz / 46 g,
Zpacks,Pillow Dry Bag,Pillow,Medium,size=M,,sleep,41000,manufacturer,https://zpacks.com/products/medium-pillow,1.4 oz / 41 g,
Zpacks,Solo Quilt,Quilt,"20F, 900FP, Standard",width=Standard; temp_f=20; fill_power=900,,sleep,518796,manufacturer,https://zpacks.com/products/solo-quilt,20F (-7°C) / Standard-Medium: 18.3 oz (520 g),
Zpacks,Summer Quilt,Quilt,"40F, Slim-Short",length=Short; width=Slim; temp_f=40,,sleep,249476,manufacturer,https://zpacks.com/products/summer-quilt-winter-liner,"Weight 8.8 oz / 250 g (40F (5C), Slim-Short; Summer Quilt / Winter Liner)",
Zpacks,Twin Quilt,Quilt,20F,length=Medium; temp_f=20,,sleep,790952,manufacturer,https://zpacks.com/products/twin-quilt,Weight 27.9 oz / 792 g (20F (-7C) two-person quilt),
Zpacks,Zip Around Sleeping Bag,Sleeping bag,"30F, Standard-Short",length=Short; width=Standard; temp_f=30,,sleep,445088,manufacturer,https://zpacks.com/products/zip-around-sleeping-bag,"Weight 15.7 oz / 446 g (30F (-1C), Standard-Short)",
Aarn Packs,Mountain Magic 50 Pro,Backpack,Medium Back,volume_l=50,,pack,1005000,manufacturer,https://www.garagegrowngear.com/products/mountain-magic-50-pro-by-aarn-packs,Medium Back: 37oz | 1005g,
Aarn Packs,Mountain Magic 50 Pro,Backpack,Short Back,volume_l=50,,pack,1000000,manufacturer,https://www.garagegrowngear.com/products/mountain-magic-50-pro-by-aarn-packs,Short Back: 35.3oz | 1000g,
Aarn Packs,Pace Magic 40,Backpack,,volume_l=40,,pack,850000,manufacturer,https://www.garagegrowngear.com/products/pace-magic-40-by-aarn-packs,Weight: 30oz | 850g,
Arc'teryx,Aerios 18 Backpack,Backpack,,volume_l=18,,pack,567000,manufacturer,https://arcteryx.com/us/en/shop/aerios-18-backpack-9581,567g / 1 lb 4 oz,
Arc'teryx,Aerios 35 Backpack,Backpack,,volume_l=35,,pack,1160000,manufacturer,https://arcteryx.com/us/en/shop/aerios-35-backpack-9588,1.16kg / 2 lb 8.9 oz,
Arc'teryx,Alpha FL 20 Backpack,Backpack,,volume_l=20,,pack,635000,manufacturer,https://arcteryx.com/us/en/shop/alpha-fl-20-backpack-8984,Weight: 635g / 1 lb 6.4 oz,
Arc'teryx,Alpha FL 30 Backpack,Backpack,,volume_l=30,,pack,665000,manufacturer,https://arcteryx.com/us/en/shop/alpha-fl-30-backpack-0349,Weight: 665g / 1 lb 7.5 oz,
Arc'teryx,Brize 25 Backpack,Backpack,,volume_l=25,,pack,905000,measured,https://www.tradeinn.com/trekkinn/en/arc-teryx-brize-25l-backpack/136959939/p,0.905 kg / 32 oz / 25 L,
Arc'teryx,Brize 32 Backpack,Backpack,,volume_l=32,,pack,1190000,measured,https://www.tradeinn.com/trekkinn/en/arc-teryx-brize-32l-backpack/136959941/p,one size 1.19 kg / 42 oz / 32 L,
Arc'teryx,Granville 16 Backpack,Backpack,,volume_l=16,,pack,760000,measured,https://footprintusa.co/products/arcteryx-granville-16-backpack,Weight 760g / 1 lb 10.8 oz,
Arc'teryx,Granville 25 Backpack,Backpack,,volume_l=25,,pack,865000,measured,https://footprintusa.co/products/arcteryx-granville-25-backpack,Weight 865g / 1 lb 14.5 oz,
Arc'teryx,Heliad 15 Backpack,Backpack,,volume_l=15,,pack,200000,measured,https://footprintusa.co/products/arcteryx-heliad-15-backpack,Weight 200g / 7.1 oz,
Arc'teryx,Heliad 6 Crossbody,Sling bag,,,,pack,125000,measured,https://footprintusa.co/products/arcteryx-heliad-crossbody-bag,125g / 4.4 oz,
Arc'teryx,Index 15 Backpack,Backpack,,volume_l=15,,pack,220000,measured,https://www.altitude-sports.com/p/arcteryx-index-15-backpack-arc-18283,Pack Weight: 0.22 kg / 8 oz,
Arc'teryx,Konseal 15 Backpack,Backpack,,volume_l=15,,pack,310000,manufacturer,https://arcteryx.com/us/en/shop/konseal-15-backpack-9832,Weight: 310g / 10.9 oz / 15L,
Arc'teryx,Mantis 1 Waistpack,Fanny pack,,volume_l=1.5,,pack,165000,measured,https://footprintusa.co/products/arcteryx-mantis-1-waist-pack,Weight: 165g / 5.8 oz,
Arc'teryx,Mantis 16 Backpack,Backpack,,volume_l=16,,pack,700000,measured,https://footprintusa.co/products/arcteryx-mantis-16-backpack,Weight: 700g / 1 lb 8.7 oz,
Arc'teryx,Mantis 2 Waistpack,Fanny pack,,volume_l=2.5,,pack,190000,measured,https://footprintusa.co/products/arcteryx-mantis-2-waist-pack,Weight: 190g / 6.7 oz,
Arc'teryx,Mantis 20 Backpack,Backpack,,volume_l=20,,pack,930000,measured,https://www.everestgear.com/arma20babl.html,Weight: 930g / 2 lb 0.8 oz,
Arc'teryx,Mantis 26 Backpack,Backpack,,volume_l=26,,pack,840000,measured,https://footprintusa.co/products/arcteryx-mantis-26-backpack,Weight: 840g / 1 lb 13.6 oz,
Arc'teryx,Mantis 30 Backpack,Backpack,,volume_l=30,,pack,1200000,measured,https://footprintusa.co/products/arcteryx-mantis-30-backpack,Weight: 1.2kg / 2 lb 10.3 oz,
Atom Packs,The Atom,Backpack,"30L, Medium torso",torso=M; volume_l=30,,pack,408000,manufacturer,https://atompacks.co.uk/products/the-atom-custom,The Atom 30L: Weight 408.0 g ... 14.4 oz,
Atom Packs,The Atom,Backpack,"40L, Medium torso",torso=M; volume_l=40,,pack,438000,manufacturer,https://atompacks.co.uk/products/the-atom-custom,The Atom 40L: Weight 438.0 g ... 15.4 oz,
Atom Packs,The Prospector,Backpack,"40L, Medium torso",torso=M; volume_l=40,,pack,890000,manufacturer,https://atompacks.co.uk/products/the-prospector-custom,Weight: 890.0 g / 31.4 oz,
Atom Packs,The Pulse,Backpack,"EP50, Medium torso",torso=M; volume_l=50,,pack,675000,manufacturer,https://atompacks.co.uk/products/the-pulse-ep50-black,"Weight: 675 g, 23.8 oz",
Black Diamond,Beta Light 30,Backpack,,volume_l=30,,pack,698000,manufacturer,https://www.garagegrowngear.com/products/beta-light-30-by-black-diamond,Weight: 24.6oz | 698g,
Black Diamond,Beta Light 45,Backpack,,volume_l=45,,pack,936000,manufacturer,https://www.garagegrowngear.com/products/beta-light-45-by-black-diamond,Weight: 33oz | 936g,
Black Diamond,Distance 15,Backpack,Medium,torso=M; volume_l=15,,pack,330000,manufacturer,https://blackdiamondequipment.com/products/distance-15-backpack,Weight: 330 g,
Black Diamond,Distance 22,Backpack,Medium,torso=M; volume_l=22,,pack,400000,manufacturer,https://blackdiamondequipment.com/products/distance-22-backpack,Weight: 400 g,
Black Diamond,Distance 8,Running vest,,volume_l=8,,pack,314000,manufacturer,https://blackdiamondequipment.com/products/distance-8-backpack,Weight: 314 g,
Bonfus,Aerus 55L,Backpack,Medium,torso=M; volume_l=55,,pack,795000,manufacturer,https://www.garagegrowngear.com/products/aerus-55l-by-bonfus,Weight: 28oz | 795g (Medium*),
Bonfus,Fastus 23L,Backpack,,volume_l=23,,pack,360000,manufacturer,https://www.garagegrowngear.com/products/fastus-23l-by-bonfus,Weight: 13.9oz | 360g,
Bonfus,Framus 48,Backpack,"Ultra 200X, Medium",torso=M; volume_l=48,,pack,760000,manufacturer,https://bonfus.com/product/framus-48l/,Ultra 200X (Medium) - 760g | 27oz,
Bonfus,Framus 58,Backpack,"Ultra 200X, Medium",torso=M; volume_l=58,,pack,795000,manufacturer,https://bonfus.com/product/framus-58l/,Ultra 200X (Medium) - 795g | 28oz,
Bonfus,Iterus 38L,Backpack,no hipbelt,volume_l=38,,pack,380000,manufacturer,https://www.garagegrowngear.com/products/iterus-38l-by-bonfus,No hipbelt: 13.4oz | 380g,
Bonfus,Iterus 38L,Backpack,with hipbelt,volume_l=38,,pack,415000,manufacturer,https://www.garagegrowngear.com/products/iterus-38l-by-bonfus,With hip belt: 14.6oz | 415g,
Bonfus,Saccus 48L,Backpack,Large,torso=L; volume_l=48,,pack,490000,manufacturer,https://www.garagegrowngear.com/products/saccus-48l-by-bonfus,Large: 17.3oz | 490g,
Bonfus,Saccus 48L,Backpack,Medium,torso=M; volume_l=48,,pack,480000,manufacturer,https://www.garagegrowngear.com/products/saccus-48l-by-bonfus,Medium: 16.9oz | 480g,
BullMoose Softgoods Co.,L.T.F.P.,Fanny pack,,,volume_l,pack,99000,manufacturer,https://www.garagegrowngear.com/products/l-t-f-p-by-bullmoose-softgoods,Weight: 3.5oz | 99g,
BullMoose Softgoods Co.,Mini Sling Bag,Sling bag,,,,pack,71000,manufacturer,https://www.garagegrowngear.com/products/mini-sling-bag-by-bullmoose-softgoods,Weight: 2.5oz | 71g,
BullMoose Softgoods Co.,Triangle Sling Bag,Sling bag,,,,pack,50000,manufacturer,https://www.garagegrowngear.com/products/triangle-sling-bag-by-bull-moose-softgoods-co,Weight: 1.75oz | 50g,
CAYL,Chopee Cordura,Daypack,20L,volume_l=20,,pack,340000,manufacturer,https://cayl.co.kr/product/chopee-cordura-chopee-black/3304/,weight: 340 g,
CAYL,Race Bag,Duffel,,,,pack,716000,manufacturer,https://cayl.co.kr/product/race-bag-cayl-grid-black/3209/,weight: 716 g,
Durston,Kakwa 40,Backpack,"Ultra 200X, Large",torso=L; volume_l=40,,pack,819301,manufacturer,https://durstongear.com/products/kakwa-40-backpack,"Complete Pack (oz) Ultra 200X: 27.1 oz (S), 28.0 oz (M), 28.9 oz (L) - Complete Pack (g) Ultra 200X: 770 g (S), 795 g (M), 820 g (L).",
Durston,Kakwa 40,Backpack,"Ultra 200X, Medium",torso=M; volume_l=40,,pack,793787,manufacturer,https://durstongear.com/products/kakwa-40-backpack,"27.1 oz (S), 28.0 oz (M), 28.9 oz (L)",
Durston,Kakwa 40,Backpack,"Ultra 200X, Small",torso=S; volume_l=40,,pack,768272,manufacturer,https://durstongear.com/products/kakwa-40-backpack,"Complete Pack (oz) Ultra 200X: 27.1 oz (S), 28.0 oz (M), 28.9 oz (L) - Complete Pack (g) Ultra 200X: 770 g (S), 795 g (M), 820 g (L).",
Durston,Kakwa 40,Backpack,"UltraGrid, Large",torso=L; volume_l=40,,pack,858991,manufacturer,https://durstongear.com/products/kakwa-40-backpack,"Complete Pack (oz) UltraGrid: 28.9 oz (S), 29.6 oz (M), 30.3 oz (L) - Complete Pack (g) UltraGrid: 820g (S), 840 g (M), 860 g (L).",
Durston,Kakwa 40,Backpack,"UltraGrid, Medium",torso=M; volume_l=40,,pack,839146,manufacturer,https://durstongear.com/products/kakwa-40-backpack,"28.9 oz (S), 29.6 oz (M), 30.3 oz (L)",
Durston,Kakwa 40,Backpack,"UltraGrid, Small",torso=S; volume_l=40,,pack,819301,manufacturer,https://durstongear.com/products/kakwa-40-backpack,"Complete Pack (oz) UltraGrid: 28.9 oz (S), 29.6 oz (M), 30.3 oz (L) - Complete Pack (g) UltraGrid: 820g (S), 840 g (M), 860 g (L).",
Durston,Kakwa 55,Backpack,"Ultra 200X, Large",torso=L; volume_l=55,,pack,918525,manufacturer,https://durstongear.com/products/kakwa-55,"Complete Pack (oz) Ultra 200X : 30.1 oz (S), 31.5 oz (M), 32.4 oz (L) - Complete Pack (g) Ultra 200X : 855 (S), 895 (M), 920g (L). (Durston omits the unit on the first two figures: 855 g (S), 895 g (M), 920 g (L).)",
Durston,Kakwa 55,Backpack,"Ultra 200X, Medium",torso=M; volume_l=55,,pack,893010,manufacturer,https://durstongear.com/products/kakwa-55,31.5 oz (M),
Durston,Kakwa 55,Backpack,"Ultra 200X, Small",torso=S; volume_l=55,,pack,853321,manufacturer,https://durstongear.com/products/kakwa-55,"Complete Pack (oz) Ultra 200X : 30.1 oz (S), 31.5 oz (M), 32.4 oz (L) - Complete Pack (g) Ultra 200X : 855 (S), 895 (M), 920g (L). (Durston omits the unit on the first two figures: 855 g (S), 895 g (M), 920 g (L).)",
Durston,Kakwa 55,Backpack,"UltraGrid, Large",torso=L; volume_l=55,,pack,887340,manufacturer,https://durstongear.com/products/kakwa-55,"Complete Pack (oz) UltraGrid : 29.2 oz (S), 30.6 oz (M), 31.3 oz (L) - Complete Pack (g) UltraGrid : 830g (S), 870g (M), 890g (L).",
Durston,Kakwa 55,Backpack,"UltraGrid, Medium",torso=M; volume_l=55,,pack,867495,manufacturer,https://durstongear.com/products/kakwa-55,30.6 oz (M),
Durston,Kakwa 55,Backpack,"UltraGrid, Small",torso=S; volume_l=55,,pack,827806,manufacturer,https://durstongear.com/products/kakwa-55,"Complete Pack (oz) UltraGrid : 29.2 oz (S), 30.6 oz (M), 31.3 oz (L) - Complete Pack (g) UltraGrid : 830g (S), 870g (M), 890g (L).",
Durston,Wapta 30,Backpack,Large,torso=L; volume_l=30,,pack,535806,manufacturer,https://durstongear.com/products/wapta-30-ultralight-backpack,WEIGHT Complete Pack S: 17.8oz / 500 g M: 18.3 oz / 520 g L: 18.9 oz / 540 g.,
Durston,Wapta 30,Backpack,Medium,torso=M; volume_l=30,,pack,518796,manufacturer,https://durstongear.com/products/wapta-30-ultralight-backpack,M: 18.3 oz / 520 g,
Durston,Wapta 30,Backpack,Small,torso=S; volume_l=30,,pack,504622,manufacturer,https://durstongear.com/products/wapta-30-ultralight-backpack,WEIGHT Complete Pack S: 17.8oz / 500 g M: 18.3 oz / 520 g L: 18.9 oz / 540 g.,
Fjällräven,Keb Hike 30,Backpack,,volume_l=30,,pack,1440000,manufacturer,https://www.fjallraven.com/us/en-us/bags-gear/backpacks-bags/trekking-backpacks/keb-hike-30,Weight 1440 g,
Gnuhr,Sling 1 v3.0,Sling bag,,,,pack,26000,manufacturer,https://www.gnuhr.com/products/sling-1-v3-0,Sling 1 weighs 26 g.,
Gnuhr,Sling 2 v3.0,Sling bag,,,,pack,49000,manufacturer,https://www.gnuhr.com/products/sling-2-v3-0,Sling 2 weighs 49 g.,
Gnuhr,Sling One,Sling bag,,,,pack,23000,manufacturer,https://www.gnuhr.com/products/sling-1,"weight 23g, dimensions 16cm x 28 cm",
Goldwin,Star Trail Pack,Backpack,JP 3,size=JP 3,volume_l,pack,178000,manufacturer,https://usshop.goldwin-global.com/products/gm95181,Approx. 178g (The weight for size 3),
Gossamer Gear,Cima 15,Backpack,,volume_l=15,,pack,505000,manufacturer,https://www.garagegrowngear.com/products/cima-15-by-gossamer-gear,Weight: 17.8oz | 505g,
Gossamer Gear,Elixir 20 Daypack,Daypack,,volume_l=20,,pack,178000,manufacturer,https://www.garagegrowngear.com/products/elixir-20-daypack-by-gossamer-gear,Weight: 6.2oz | 178g (total),
Gossamer Gear,Fast Kumo 36,Backpack,S/M,torso=S/M; volume_l=36,,pack,586000,manufacturer,https://www.gossamergear.com/products/fast-kumo,Total 20.7 oz / 586 g,
Gossamer Gear,G4-20 Ultralight 42,Backpack,Large,torso=L; volume_l=42,,pack,635000,manufacturer,https://www.garagegrowngear.com/products/g4-20-ultralight-42-by-gossamer-gear,Large: 22.4oz | 635g  (pack),
Gossamer Gear,G4-20 Ultralight 42,Backpack,Medium,torso=M; volume_l=42,,pack,615185,manufacturer,https://www.garagegrowngear.com/products/g4-20-ultralight-42-by-gossamer-gear,Medium: 21.7oz,
Gossamer Gear,G4-20 Ultralight 42,Backpack,Small,torso=S; volume_l=42,,pack,578000,manufacturer,https://www.garagegrowngear.com/products/g4-20-ultralight-42-by-gossamer-gear,Small: 20.4oz | 578g (pack),
Gossamer Gear,Gorilla 50,Backpack,Medium,torso=M; volume_l=50,,pack,904350,manufacturer,https://www.gossamergear.com/products/gorilla-50,Total with M Straight belt 31.9 oz / 905 g,
Gossamer Gear,Grit 28,Backpack,,volume_l=28,,pack,459000,manufacturer,https://www.garagegrowngear.com/products/grit-28-by-gossamer-gear,Weight: 16.2oz | 459g (total),
Gossamer Gear,Kumo 36,Backpack,Medium,torso=M; volume_l=36,,pack,566990,manufacturer,https://www.gossamergear.com/products/kumo-36-superlight-backpack,Total 20 oz / 567 g,
Gossamer Gear,Loris 25 Daypack,Daypack,,volume_l=25,,pack,553000,manufacturer,https://www.garagegrowngear.com/products/loris-25-daypack-by-gossamer-gear,Weight: 19.5oz | 553g (total),
Gossamer Gear,Mariposa 60,Backpack,"Medium, Medium Straight hipbelt",torso=M; volume_l=60,,pack,969554,manufacturer,https://www.gossamergear.com/products/mariposa-60-lightweight-backpack,Total with M Straight belt 34.2 oz / 968 g,
Gossamer Gear,Minimalist 19 Daypack,Daypack,,volume_l=19,,pack,329000,manufacturer,https://www.garagegrowngear.com/products/minimalist-19-daypack-by-gossamer-gear,Weight: 11.6oz | 329g (total),
Gossamer Gear,Mirage 40,Backpack,,volume_l=40,,pack,530000,manufacturer,https://www.garagegrowngear.com/products/mirage-40-by-gossamer-gear,Weight: 18.7oz | 530g (total),
Gossamer Gear,Murmur 36,Backpack,,volume_l=36,,pack,223961,manufacturer,https://www.gossamergear.com/products/murmur-36-hyperlight-backpack,Total 7.9 oz / 225 g,
Gossamer Gear,Piku Fanny Pack,Fanny pack,,,volume_l,pack,252000,manufacturer,https://www.garagegrowngear.com/products/piku-fanny-pack-by-gossamer-gear,Weight: 8.9oz | 252g (total),
Gossamer Gear,Sidequest,Fanny pack,,volume_l=4,,pack,108000,manufacturer,https://www.garagegrowngear.com/products/sidequest-by-gossamer-gear,Weight: 3.8oz | 108g,
Gossamer Gear,Skala 38,Backpack,,volume_l=38,,pack,578000,manufacturer,https://www.garagegrowngear.com/products/skala-38-by-gossamer-gear,Weight: 20.4oz | 578g (total),
Gossamer Gear,Vetta 20L Daypack,Daypack,,volume_l=20,,pack,411000,manufacturer,https://www.garagegrowngear.com/products/vetta-20l-daypack-by-gossamer-gear,Weight: 14.5oz | 411g (total),
Granite Gear,Blaze 60,Backpack,Regular torso,torso=Regular; volume_l=60,,pack,1360777,manufacturer,https://www.granitegear.com/blaze-60-unisex.html,3 lbs without lid (lid 0.18 lbs),
Granite Gear,Blaze 60,Backpack,"Women's, Regular torso",fit=Women's; torso=Regular; volume_l=60,,pack,1360000,manufacturer,https://www.granitegear.com/blaze-60-women-s-fit.html,Weight (Kilograms): 1.36 kg; Weight (Pounds): 3 lbs without lid (lid 0.18 lbs),
Granite Gear,Crown3 60,Backpack,Regular torso,torso=Regular; volume_l=60,,pack,1088622,manufacturer,https://www.granitegear.com/crown3-60-pack.html,2.4 lbs without lid (lid 0.18 lbs),
Granite Gear,Crown3 60,Backpack,"Women's, Regular torso",fit=Women's; torso=Regular; volume_l=60,,pack,1080000,manufacturer,https://www.granitegear.com/crown3-60-pack-3902.html,Weight (Kilograms): 1.08 kg; Weight (Pounds): 2.4 lbs without lid (lid 0.18 lbs),
Granite Gear,Virga3 26,Backpack,,volume_l=26,,pack,571526,manufacturer,https://www.granitegear.com/virga3-26-unisex.html,The Virga3 26 weighs in at 1.26 lbs (stripped weight: 1.16 lb),
Gregory,Baltoro 65,Backpack,,volume_l=65,,pack,2230000,manufacturer,https://www.alpinetrek.co.uk/gregory-baltoro-65-walking-backpack/,"Weight: 2,230 g",
Gregory,Deva 60,Backpack,,volume_l=60,,pack,2100000,manufacturer,https://www.alpinetrek.co.uk/gregory-womens-deva-60-walking-backpack/,"Weight: 2,100 g",
Gregory,Facet 45,Backpack,Medium,torso=M; volume_l=45,,pack,1188412,manufacturer,https://web.archive.org/web/20230402060031/https://www.gregorypacks.com/packs-bags/backpacking-packs/facet-45-141FAC45.html,2.62 lbs. / 1.19 kg,
Gregory,Facet 55,Backpack,Medium,torso=M; volume_l=55,,pack,1206556,manufacturer,https://web.archive.org/web/20220527185240/https://www.gregorypacks.com/packs-bags/backpacking-packs/facet-55-141FAC55.html,2.66 lbs. / 1.21 kg,
Gregory,Focal 48,Backpack,Medium,torso=M; volume_l=48,,pack,1179340,manufacturer,https://web.archive.org/web/20230201031741/https://www.gregorypacks.com/packs-bags/backpacking-packs/focal-48-141FOC48.html,2.6 lbs. / 1.18 kg,
Gregory,Focal 58,Backpack,Medium,torso=M; volume_l=58,,pack,1202020,manufacturer,https://web.archive.org/web/20230914192326/https://www.gregorypacks.com/packs-bags/backpacking-packs/focal-58-141FOC58.html,2.65 lbs. / 1.2 kg,
Gregory,Maven 45,Backpack,S/M,torso=S/M,,pack,1500000,manufacturer,https://www.snowcountry.eu/gregory-maven-45-8258.html,Weight: 1.50 kg,
Gregory,Paragon 48,Backpack,M/L,torso=M/L,,pack,1600000,manufacturer,https://www.snowcountry.eu/gregory-paragon-48-1416.html,Weight: 1.60 kg,
Hanchor,COBBLE Multi-day Backpack,Backpack,,volume_l=52,,pack,810000,manufacturer,https://www.hanchor.com/products/Outdoor%20Series/COBBLE_Multi-day_backpack?locale=en,Backpack: 810g,
Hanchor,MARBLE Hiking Backpack,Backpack,"Regular torso, Small hipbelt",torso=Regular,volume_l,pack,1160000,manufacturer,https://www.hanchor.com/products/Outdoor%20Series/MARBLE_Hiking_Backpack?locale=en,Total (torso R/hipbelt S): 1160g,
Hanchor,MARL Hiking Backpack,Backpack,"Regular torso, Small hipbelt",torso=Regular,volume_l,pack,1053000,manufacturer,https://www.hanchor.com/products/Outdoor%20Series/MARL_Hiking_Backpack?locale=en,Total (torso R/hipbelt S): 1053g,
High Tail Designs,Ultralight Fanny Pack,Fanny pack,,volume_l=1,,pack,51000,manufacturer,https://www.garagegrowngear.com/products/ultralight-fanny-pack-by-high-tail-designs,Weight: 1.8oz | 51g,
Hyperlite Mountain Gear,Aero 28,Backpack,Medium,torso=M; volume_l=28,,pack,506000,manufacturer,https://www.garagegrowngear.com/products/aero-28-by-hyperlite-mountain-gear,Weight: 17.8oz | 506g (medium),
Hyperlite Mountain Gear,Contour 35,Backpack,Medium,torso=M; volume_l=35,,pack,459000,manufacturer,https://www.garagegrowngear.com/products/contour-35-by-hyperlite-mountain-gear,Weight: 16.2oz | 459g (medium),
Hyperlite Mountain Gear,Junction 2400,Backpack,40L,volume_l=40,,pack,833476,manufacturer,https://hyperlitemountaingear.com/products/junction,29.4 oz | 832.7 g*,
Hyperlite Mountain Gear,Junction 3400,Backpack,55L,volume_l=55,,pack,867495,manufacturer,https://hyperlitemountaingear.com/products/junction,30.6 oz | 866.4 g*,
Hyperlite Mountain Gear,Junction 40,Backpack,Medium,torso=M; volume_l=40,,pack,833000,manufacturer,https://www.garagegrowngear.com/products/junction-40-by-hyperlite-mountain-gear,Weight: 29.4oz | 833g (medium),
Hyperlite Mountain Gear,Junction 55,Backpack,Medium,torso=M; volume_l=55,,pack,866000,manufacturer,https://www.garagegrowngear.com/products/junction-55-by-hyperlite-mountain-gear,Weight: 30.6oz | 866g (medium),
Hyperlite Mountain Gear,Legacy Junction 40,Backpack,Medium,torso=M; volume_l=40,,pack,879000,manufacturer,https://www.garagegrowngear.com/products/original-junction-40-by-hyperlite-mountain-gear,White: 31oz | 879g (medium),
Hyperlite Mountain Gear,Legacy Southwest 40,Backpack,Medium,torso=M; volume_l=40,,pack,873000,manufacturer,https://www.garagegrowngear.com/products/original-southwest-40-by-hyperlite-mountain-gear,White in size medium: 30.8oz | 873g,
Hyperlite Mountain Gear,Legacy Windrider 40,Backpack,Medium,torso=M; volume_l=40,,pack,845000,manufacturer,https://www.garagegrowngear.com/products/2025-windrider-40-by-hyperlite-mountain-gear,White Medium: 29.8oz | 845g,
Hyperlite Mountain Gear,Pemi 15,Backpack,Medium,torso=M; volume_l=15,,pack,351534,manufacturer,https://www.hyperlitemountaingear.com/products/pemi-15,Weight: 12.4 oz | 352 g,
Hyperlite Mountain Gear,Southwest 2400,Backpack,40L,volume_l=40,,pack,841981,manufacturer,https://hyperlitemountaingear.com/products/southwest,29.7 oz | 841.7 g*,
Hyperlite Mountain Gear,Southwest 3400,Backpack,55L,volume_l=55,,pack,873165,manufacturer,https://hyperlitemountaingear.com/products/southwest,30.8 oz | 874 g*,
Hyperlite Mountain Gear,Southwest 40,Backpack,Medium,torso=M; volume_l=40,,pack,841700,manufacturer,https://www.garagegrowngear.com/products/2400-southwest-by-hyperlite-mountain-gear,Weight: 29.7oz | 841.7g (medium),
Hyperlite Mountain Gear,Southwest 55,Backpack,Medium,torso=M; volume_l=55,,pack,874000,manufacturer,https://www.garagegrowngear.com/products/3400-southwest-by-hyperlite-mountain-gear,Weight: 30.8oz | 874g (medium),
Hyperlite Mountain Gear,Unbound 40,Backpack,40L,volume_l=40,,pack,839146,manufacturer,https://hyperlitemountaingear.com/products/unbound,29.6oz | 839g,
Hyperlite Mountain Gear,Unbound 55,Backpack,Medium,torso=M; volume_l=55,,pack,856000,manufacturer,https://www.garagegrowngear.com/products/unbound-55l-by-hyperlite-mountain-gear,White Medium: 30.2oz | 856g,
Hyperlite Mountain Gear,Vice Versa Fanny Pack,Fanny pack,,volume_l=1.3,,pack,77000,manufacturer,https://www.garagegrowngear.com/products/vice-versa-fanny-pack-by-hyperlite-mountain-gear,Weight: 2.7oz | 77g,
Hyperlite Mountain Gear,Windrider 2400,Backpack,40L,volume_l=40,,pack,839146,manufacturer,https://hyperlitemountaingear.com/products/windrider,29.6 oz | 840.1 g*,
Hyperlite Mountain Gear,Windrider 3400,Backpack,55L,volume_l=55,,pack,881670,manufacturer,https://hyperlitemountaingear.com/products/windrider,31.1 oz | 880.1 g*,
Hyperlite Mountain Gear,Windrider 40,Backpack,Medium,torso=M; volume_l=40,,pack,844000,manufacturer,https://www.garagegrowngear.com/products/windrider-2400-pack-by-hyperlite-mountain-gear,Weight: 29.6oz | 844g (medium),
Hyperlite Mountain Gear,Windrider 55,Backpack,Medium,torso=M; volume_l=55,,pack,880000,manufacturer,https://www.garagegrowngear.com/products/windrider-3400-pack-by-hyperlite-mountain-gear,Weight: 31.1oz | 880g (medium),
Kelty,Redwing 50,Backpack,,volume_l=50,,pack,1474175,manufacturer,https://www.rei.com/product/895781/kelty-redwing-50-pack-mens,Weight: 3 lb 4 oz / 1.47 kg,
Kelty,Redwing 50,Backpack,Women's,fit=Women's; volume_l=50,,pack,1389127,manufacturer,https://web.archive.org/web/20250423010959/https://www.kelty.com/womens-redwing-50/,Weight: 3 lbs 1 oz / 1.39 kg,
Klättermusen,Bure 2.0 Backpack,Backpack,20L,volume_l=20,,pack,550000,manufacturer,https://www.klattermusen.com/en-us/backpacks/new-arrivals/10167-bure-2-0-backpack-20l-dark-hights/,Bure 2.0 Backpack 20L — Technical Performance: Weight 550 g,
Klättermusen,Eldner 2.0 Lumbarpack,Hip pack,2L,volume_l=2,,pack,156000,manufacturer,https://www.klattermusen.com/en-us/backpacks/new-arrivals/eldner-20-lumbarpack-dark-straw/,Eldner 2.0 Lumbarpack 2L — Technical Performance: Weight 156 g,
Klättermusen,Fimmafäng 4.0 Lumbarpack,Hip pack,7L,volume_l=7,,pack,350000,manufacturer,https://www.klattermusen.com/en-us/backpacks/new-arrivals/fimmaf%C3%A4ng-40-lumbarpack-dark-straw/,Fimmafäng 4.0 Lumbarpack 7L — Technical Performance: Weight 350 g,
Klättermusen,Fjörm Backpack,Backpack,18L,volume_l=18,,pack,448000,manufacturer,https://www.klattermusen.com/en-us/10557-fjorm-backpack-18l-raven/,Fjörm Backpack 18L — Technical Performance: Weight 448 g,
Klättermusen,Gebo Bag 23L,Tote bag,,,,pack,127000,manufacturer,https://www.klattermusen.com/en-eu/40409u01-gebo-bag-23l-raven/,Weight 127 g,
Klättermusen,Gilling Backpack,Backpack,26L,volume_l=26,,pack,840000,manufacturer,https://www.klattermusen.com/en-us/backpacks/new-arrivals/gilling-backpack-dark-teal/,Gilling Backpack 26L — Technical Performance: Weight 840 g,
Klättermusen,Gungne Backpack,Backpack,43L,volume_l=43,,pack,1700000,manufacturer,https://www.klattermusen.com/en-us/backpacks/new-arrivals/gungne-backpack-jade-green/,Gungne Backpack 43L — Technical Performance: Weight 1700 g,
Klättermusen,Skrymner Backpack,Backpack,20L,volume_l=20,,pack,440000,manufacturer,https://www.klattermusen.com/en-us/backpacks/all-backpacks/skrymner-backpack-dark-teal/,Skrymner Backpack 20L — Technical Performance: Weight 440 g,
Klättermusen,Tjalve 2.0 Backpack,Backpack,10L,volume_l=10,,pack,320000,manufacturer,https://www.klattermusen.com/en-us/backpacks/new-arrivals/10166-tjalve-2-0-backpack-10l-cloud-berry/,Tjalve 2.0 Backpack 10L — Technical Performance: Weight 320 g,
Klättermusen,Ull Backpack,Backpack,30L,volume_l=30,,pack,798000,manufacturer,https://www.klattermusen.com/en-us/backpacks/all-backpacks/ull-backpack-jade-green/,Ull Backpack 30L — Technical Performance: Weight 798 g,
Klättermusen,Vide Backpack,Backpack,30L,volume_l=30,,pack,1140000,manufacturer,https://www.klattermusen.com/en-us/backpacks/all-backpacks/vide-backpack-silver-creme/,Vide Backpack 30L — Technical Performance: Weight 1140 g,
LITE WERKS,The Daily Dose 55L,Backpack,Medium,torso=M; volume_l=55,,pack,1247000,manufacturer,https://www.garagegrowngear.com/products/the-daily-dose-55l-by-lite-werks-1,Weight: 44oz | 1247g (medium),
LiteAF,Curve 30,Backpack,"Dyneema, frameless",volume_l=30,,pack,368544,manufacturer,https://liteaf.com/product/dyneema-30l-curve-frameless-custom-ultralight-backpack/,13/19 Oz. | 368/538 Grams (weight will vary due to torso size and other options),
LiteAF,Feather Weight Fanny Pack,Fanny pack,,volume_l=1.5,,pack,65000,manufacturer,https://www.garagegrowngear.com/products/feather-weight-fanny-pack-by-liteaf,Weight: 2.3oz | 65g,
LiteAF,Full Suspension 46,Backpack,UltraWeave,volume_l=46,,pack,708738,manufacturer,https://liteaf.com/product/ultra-46l-curve-full-suspension/,25/36 Oz. | 708/907 Grams (torso size and hip belt size will cause the weight to vary),
LiteAF,Multi-Day 35L Pack,Backpack,Large,torso=L; volume_l=35,,pack,476000,manufacturer,https://www.garagegrowngear.com/products/multi-day-35l-pack-by-liteaf,Large: 16.8oz | 476g,
LiteAF,Multi-Day 35L Pack,Backpack,Medium,torso=M; volume_l=35,,pack,476000,manufacturer,https://www.garagegrowngear.com/products/multi-day-35l-pack-by-liteaf,Medium: 16.8oz | 476g,
LiteAF,Multi-Day 35L Pack,Backpack,Small,torso=S; volume_l=35,,pack,473000,manufacturer,https://www.garagegrowngear.com/products/multi-day-35l-pack-by-liteaf,Small: 16.7oz | 473g,
LiteAF,Ultra 40L Curve Full Suspension,Backpack,Large,torso=L; volume_l=40,,pack,907000,manufacturer,https://www.garagegrowngear.com/products/curve-x35l-by-liteaf,Large: 32oz | 907g,
LiteAF,Ultra 40L Curve Full Suspension,Backpack,Medium,torso=M; volume_l=40,,pack,879000,manufacturer,https://www.garagegrowngear.com/products/curve-x35l-by-liteaf,Medium: 31oz | 879g,
LiteAF,Ultra 40L Curve Full Suspension,Backpack,X-Small,torso=XS; volume_l=40,,pack,805000,manufacturer,https://www.garagegrowngear.com/products/curve-x35l-by-liteaf,X-Small: 28.4oz | 805g,
Liteway,Elementum Pack Ultra,Backpack,"Ultra, 50L",volume_l=50,,pack,565000,manufacturer,https://liteway.equipment/elementum-pack-ultra-50l,Weight: 565 grams without straps and cords / full weight 640 grams,
Liteway,Gramless Pack Ultra,Backpack,"Ultra, 35L",volume_l=35,,pack,345000,manufacturer,https://liteway.equipment/gramless-pack-ultra-35l,Weight: 345 grams without straps and cords / full about 410 grams,
Mammut,Ducan 30,Backpack,,volume_l=30,,pack,920000,manufacturer,https://www.tradeinn.com/trekkinn/en/mammut-ducan-30l-backpack/137425020/p,Weight: 920 g,
Mammut,Lithium 30,Backpack,,volume_l=30,,pack,930000,manufacturer,https://www.mammut.com/us/en/products/2530-03152/lithium-30,930 g,
Mammut,Lithium 30,Backpack,Women's,fit=Women's; volume_l=30,,pack,910000,manufacturer,https://www.mammut.com/us/en/products/2530-00740/lithium-30-women,Weight: 910 g; Actual volume: 30 L,
Mammut,Trion 35,Backpack,,volume_l=35,,pack,1480000,manufacturer,https://www.tradeinn.com/trekkinn/en/mammut-trion-35l-backpack/136990389/p,Weight: 1480 g,
Matador,Beast28 Ultralight Technical Backpack,Backpack,,volume_l=28,,pack,680000,manufacturer,https://www.matadorequipment.com/products/beast28-ultralight-technical-backpack,Weight: 1lb 8oz (680g),
Matador,Freefly16 Packable Backpack,Backpack,,volume_l=16,,pack,190000,manufacturer,https://www.matadorequipment.com/products/freefly16-2,Weight: 6.7oz (190g),
Matador,Freerain Waterproof Packable Hip Pack,Hip pack,,,,pack,115000,manufacturer,https://www.matadorequipment.com/products/freerain-hippack,Weight: 4.1oz (115g),
Matador,Freerain22 Waterproof Packable Backpack,Backpack,,volume_l=22,,pack,300000,manufacturer,https://www.matadorequipment.com/products/freerain22,Weight: 10.6oz (300g),
Matador,GlobeRider35 Travel Backpack,Backpack,with hipbelt,volume_l=35,,pack,1560000,manufacturer,https://www.matadorequipment.com/products/globerider35-travel-backpack,"3lb 7oz (1560g) with hip belt, 3lb 1oz (1390g) without hip belt",
Matador,GlobeRider45 Travel Backpack,Backpack,,volume_l=45,,pack,2041000,manufacturer,https://www.matadorequipment.com/products/globerider45-travel-backpack,Weight: 4lb 8oz (2041g),
Matador,ReFraction Packable Backpack,Backpack,,,,pack,225000,manufacturer,https://www.matadorequipment.com/products/refraction-packable-backpack,Weight: 8oz (225g),
Matador,ReFraction Packable Duffle,Duffel,,,,pack,225000,manufacturer,https://www.matadorequipment.com/products/refraction-packable-duffle,Weight: 8oz (225g),
Matador,ReFraction Packable Sling,Sling bag,,,,pack,115000,manufacturer,https://www.matadorequipment.com/products/refraction-packable-sling,Weight: 4oz (115g),
Matador,SEG28 Backpack,Backpack,,volume_l=28,,pack,1044000,manufacturer,https://www.matadorequipment.com/products/seg28-backpack,Weight: 2lb 6oz (1044g),
Matador,SEG45 Travel Pack,Backpack,,volume_l=45,,pack,998000,manufacturer,https://www.matadorequipment.com/products/seg45-travel-pack,Weight: 2lb 3oz (998g),
Montane,Gecko VP+,Running vest,Medium,size=M,volume_l,pack,167000,manufacturer,https://montane.com/products/montane-gecko-vp,Weight: 167 g,
Montane,Trailblazer 32L,Backpack,,volume_l=32,,pack,920000,manufacturer,https://montane.com/products/montane-trailblazer-r-32l-backpack,Weight: 920 g,
Montane,Trailblazer LT 28L,Backpack,,volume_l=28,,pack,390000,manufacturer,https://montane.com/products/montane-trailblazer-lt-28l-backpack,Weight: 390 g,
MooseTrack Packs,MTP 35L Backpacking Rucksack,Backpack,,volume_l=35,,pack,567000,manufacturer,https://www.garagegrowngear.com/products/mtp-35l-backpacking-rucksack-by-moose-track-packs,Weight: 20oz | 567g,
Mountain Hardwear,After Six Sacoche Eco,Sling bag,,,,pack,117000,manufacturer,https://www.mountainhardwear.jp/shop/g/gOE8004010--OZS000/,重量(g) (目安) 117g,
Mountain Hardwear,Alakazam 45L Ultralight Backpack,Backpack,M/L,torso=M/L; volume_l=45,,pack,860000,manufacturer,https://www.mountainhardwear.com/p/alakazam-45l-backpack-2149971.html,Approx. Pack Weight M/L*: 1 lb 14.3 oz / 860 g,
Mountain Hardwear,Alakazam 45L Ultralight Backpack,Backpack,S/M,torso=S/M; volume_l=45,,pack,820000,manufacturer,https://www.mountainhardwear.com/p/alakazam-45l-backpack-2149971.html,Approx. Pack Weight S/M*: 1 lb 12.9 oz / 820 g,
Mountain Hardwear,Alakazam 45L Ultralight Backpack,Backpack,XS/S,torso=XS/S; volume_l=45,,pack,800000,manufacturer,https://www.mountainhardwear.com/p/alakazam-45l-ultralight-backpack-2149971.html,Approx. Pack Weight XS/S*: 1 lb 12.2 oz / 800 g,
Mountain Hardwear,Alakazam 60L Ultralight Backpack,Backpack,M/L,torso=M/L; volume_l=60,,pack,900000,manufacturer,https://www.mountainhardwear.com/p/alakazam-60l-ultralight-backpack-2149981.html,Approx. Pack Weight M/L*: 1 lb 15.7 oz / 900 g,
Mountain Hardwear,Alakazam 60L Ultralight Backpack,Backpack,S/M,torso=S/M; volume_l=60,,pack,860000,manufacturer,https://www.mountainhardwear.com/p/alakazam-60l-ultralight-backpack-2149981.html,Approx. Pack Weight S/M*: 1 lb 14.3 oz / 860 g,
Mountain Hardwear,Alakazam 60L Ultralight Backpack,Backpack,XS/S,torso=XS/S; volume_l=60,,pack,840000,manufacturer,https://www.mountainhardwear.com/p/alakazam-60l-ultralight-backpack-2149981.html,Approx. Pack Weight XS/S*: 1 lb 13.6 oz / 840 g,
Mountain Hardwear,Alpine Light 35L Backpack,Backpack,M/L,torso=M/L; volume_l=35,,pack,973000,manufacturer,https://www.mountainhardwear.com/p/alpine-light-35l-backpack-2094661.html,Approx. Pack Weight M/L*: 2 lb 2.3 oz / 973 g,
Mountain Hardwear,Alpine Light 35L Backpack,Backpack,S/M,torso=S/M; volume_l=35,,pack,963000,manufacturer,https://www.mountainhardwear.com/p/alpine-light-35l-backpack-2094661.html,Approx. Pack Weight S/M*: 2 lb 2 oz / 963 g,
Mountain Hardwear,Alpine Light 50 Backpack,Backpack,M/L,torso=M/L; volume_l=50,,pack,1168000,manufacturer,https://www.mountainhardwear.com/p/alpine-light-50-backpack-2094671.html,Approx. Pack Weight M/L*: 2 lb 9.2 oz / 1168 g,
Mountain Hardwear,Alpine Light 50 Backpack,Backpack,S/M,torso=S/M; volume_l=50,,pack,1153000,manufacturer,https://www.mountainhardwear.com/p/alpine-light-50-backpack-2094671.html,Approx. Pack Weight S/M*: 2 lb 8.7 oz / 1153 g,
Mountain Hardwear,Alpine Light Roll Top 30L Backpack,Backpack,,volume_l=30,,pack,640000,manufacturer,https://www.mountainhardwear.jp/shop/g/gOU3877107--OZS000/,重量(g) (目安) 640 g,
Mountain Hardwear,Alpine Light Roll Top 45L Backpack,Backpack,M/L,torso=M/L; volume_l=45,,pack,1100000,manufacturer,https://www.mountainhardwear.com/p/alpine-light-roll-top-45l-backpack-2094681.html,Approx. Pack Weight M/L*: 2 lb 6.8 oz / 1100 g,
Mountain Hardwear,Alpine Light Roll Top 45L Backpack,Backpack,S/M,torso=S/M; volume_l=45,,pack,1085000,manufacturer,https://www.mountainhardwear.com/p/alpine-light-roll-top-45l-backpack-2094681.html,Approx. Pack Weight S/M*: 2 lb 6.3 oz / 1085 g,
Mountain Hardwear,AMG 105 Backpack,Backpack,M/L,torso=M/L; volume_l=105,,pack,2378000,manufacturer,https://www.mountainhardwear.com/p/amg-105-backpack-2109861.html,Approx. Pack Weight M/L*: 5 lb 3.9 oz / 2378 g,
Mountain Hardwear,AMG 105 Backpack,Backpack,S/M,torso=S/M; volume_l=105,,pack,2327000,manufacturer,https://www.mountainhardwear.com/p/amg-105-backpack-2109861.html,Approx. Pack Weight S/M*: 5 lb 2.1 oz / 2327 g,
Mountain Hardwear,AMG 75L Backpack,Backpack,M/L,torso=M/L; volume_l=75,,pack,2250000,manufacturer,https://www.mountainhardwear.com/p/amg-75l-backpack-2109851.html,Approx. Pack Weight M/L*: 4 lb 15.4 oz / 2250 g,
Mountain Hardwear,AMG 75L Backpack,Backpack,S/M,torso=S/M; volume_l=75,,pack,2186000,manufacturer,https://www.mountainhardwear.com/p/amg-75l-backpack-2109851.html,Approx. Pack Weight S/M*: 4 lb 13.1 oz / 2186 g,
Mountain Hardwear,Camp 4 Duffel 45,Duffel,,volume_l=45,,pack,899000,manufacturer,https://www.mountainhardwear.jp/shop/g/gOP7410257----S000/,重量(g) (目安) 899 g,
Mountain Hardwear,Camp 4 Duffel 65,Duffel,,volume_l=65,,pack,1055000,manufacturer,https://www.mountainhardwear.jp/shop/g/gOS7410257----M000/,重量(g) (目安) 1055 g,
Mountain Hardwear,Camp 4 Duffel 95,Duffel,,volume_l=95,,pack,1186000,manufacturer,https://www.mountainhardwear.jp/shop/g/gOU7410010----L000/,重量(g) (目安) 1186 g,
Mountain Hardwear,Camp 4 Hip Pack,Hip pack,,,,pack,240000,manufacturer,https://www.mountainhardwear.jp/shop/g/gOU7446010--OZS000/,重量(g) (目安) 240g,
Mountain Hardwear,Direttissima 55L Backpack,Backpack,M/L,torso=M/L; volume_l=55,,pack,2197000,manufacturer,https://www.mountainhardwear.com/p/direttissima-55l-backpack-2063701.html,Approx. Pack Weight M/L*: 4 lb 13.5 oz / 2197 g,
Mountain Hardwear,Direttissima 55L Backpack,Backpack,S/M,torso=S/M; volume_l=55,,pack,2134000,manufacturer,https://www.mountainhardwear.com/p/direttissima-55l-backpack-2063701.html,Approx. Pack Weight S/M*: 4 lb 11.3 oz / 2134 g,
Mountain Hardwear,Field Day 22L Backpack,Backpack,,volume_l=22,,pack,825000,manufacturer,https://www.mountainhardwear.jp/shop/g/gOU7680004--OZS000/,重量(g) (目安) 825 g,
Mountain Hardwear,Field Day 28L Backpack,Backpack,,volume_l=28,,pack,859000,manufacturer,https://www.mountainhardwear.jp/shop/g/gOU7679004--OZS000/,重量(g) (目安) 859 g,
Mountain Hardwear,Field Day Hip Pack,Hip pack,,,,pack,123000,manufacturer,https://www.mountainhardwear.jp/shop/g/gOU7678004--OZS000/,重量(g) (目安) 123 g,
Mountain Hardwear,Gnarwhal 18L Backpack,Backpack,,volume_l=18,,pack,842000,manufacturer,https://www.mountainhardwear.com/p/gnarwhal-18l-backpack-2165061.html,Approx. Pack Weight Regular*: 1 lb 13.7 oz / 842 g,
Mountain Hardwear,Kazam 45L Backpack,Backpack,M/L,torso=M/L; volume_l=45,,pack,1160000,manufacturer,https://www.mountainhardwear.com/p/kazam-45l-backpack-2151261.html,Approx. Pack Weight M/L*: 2 lb 8.9 oz / 1160 g,
Mountain Hardwear,Kazam 45L Backpack,Backpack,S/M,torso=S/M; volume_l=45,,pack,1140000,manufacturer,https://www.mountainhardwear.com/p/kazam-45l-backpack-2151261.html,Approx. Pack Weight S/M*: 2 lb 8.2 oz / 1140 g,
Mountain Hardwear,Kazam 45L Backpack,Backpack,XS/S,torso=XS/S; volume_l=45,,pack,1120000,manufacturer,https://www.mountainhardwear.com/p/kazam-45l-backpack-2151261.html,Approx. Pack Weight XS/S*: 2 lb 7.5 oz / 1120 g,
Mountain Hardwear,Kazam 60L Backpack,Backpack,M/L,torso=M/L; volume_l=60,,pack,1200000,manufacturer,https://www.mountainhardwear.com/p/kazam-60l-backpack-2151271.html,Approx. Pack Weight M/L*: 2 lb 10.3 oz / 1200 g,
Mountain Hardwear,Kazam 60L Backpack,Backpack,S/M,torso=S/M; volume_l=60,,pack,1180000,manufacturer,https://www.mountainhardwear.com/p/kazam-60l-backpack-2151271.html,Approx. Pack Weight S/M*: 2 lb 9.6 oz / 1180 g,
Mountain Hardwear,Kazam 60L Backpack,Backpack,XS/S,torso=XS/S; volume_l=60,,pack,1160000,manufacturer,https://www.mountainhardwear.com/p/kazam-60l-backpack-2151271.html,Approx. Pack Weight XS/S*: 2 lb 8.6 oz / 1160 g,
Mountain Hardwear,Lickety Split 20L Backpack,Backpack,,volume_l=20,,pack,609000,manufacturer,https://www.mountainhardwear.jp/shop/g/gOU7353318--OZS000/,重量(g) (目安) 609g,
Mountain Hardwear,Mountain Light 25L+5L,Backpack,,volume_l=30,,pack,1025000,manufacturer,https://www.mountainhardwear.jp/shop/g/gOE7812010--OZS000/,"重量(g) (目安) 1,025g",
Mountain Hardwear,Powabunga 32 Pack,Backpack,M/L,torso=M/L; volume_l=32,,pack,1457000,manufacturer,https://www.mountainhardwear.com/p/powabunga-32-pack-2097361.html,Approx. Pack Weight M/L*: 3 lb 3.4 oz / 1457 g,
Mountain Hardwear,Powabunga 32 Pack,Backpack,S/M,torso=S/M; volume_l=32,,pack,1401000,manufacturer,https://www.mountainhardwear.com/p/powabunga-32-pack-2097361.html,Approx. Pack Weight S/M*: 3 lb 1.4 oz / 1401 g,
Mountain Hardwear,Scrambler 25L Backpack,Backpack,,volume_l=25,,pack,849000,manufacturer,https://www.mountainhardwear.jp/shop/g/gOU7627010--OZS000/,重量(g) (目安) 849 g,
Mountain Hardwear,Scrambler 35L Backpack,Backpack,M/L,torso=M/L; volume_l=35,,pack,1202000,manufacturer,https://www.mountainhardwear.com/p/scrambler-35l-backpack-2110151.html,Approx. Pack Weight M/L*: 2 lb 10.4 oz / 1202 g,
Mountain Hardwear,Scrambler 35L Backpack,Backpack,S/M,torso=S/M; volume_l=35,,pack,1180000,manufacturer,https://www.mountainhardwear.com/p/scrambler-35l-backpack-2110151.html,Approx. Pack Weight S/M*: 2 lb 9.6 oz / 1180 g,
Mountain Hardwear,Snoskiwoski 30L Backpack,Backpack,M/L,torso=M/L; volume_l=30,,pack,1037000,manufacturer,https://www.mountainhardwear.com/p/snoskiwoski-30l-backpack-2077871.html,Approx. Pack Weight M/L*: 2 lb 4.6 oz / 1037 g,
Mountain Hardwear,Snoskiwoski 30L Backpack,Backpack,S/M,torso=S/M; volume_l=30,,pack,1007000,manufacturer,https://www.mountainhardwear.com/p/snoskiwoski-30l-backpack-2077871.html,Approx. Pack Weight S/M*: 2 lb 3.5 oz / 1007 g,
Mountain Hardwear,Snoskiwoski 40 Pack,Backpack,M/L,torso=M/L; volume_l=40,,pack,1193000,manufacturer,https://www.mountainhardwear.com/p/snoskiwoski-40-pack-2097371.html,Approx. Pack Weight M/L*: 2 lb 10.1 oz / 1193 g,
Mountain Hardwear,Snoskiwoski 40 Pack,Backpack,S/M,torso=S/M; volume_l=40,,pack,1052000,manufacturer,https://www.mountainhardwear.com/p/snoskiwoski-40-pack-2097371.html,Approx. Pack Weight S/M*: 2 lb 5.1 oz / 1052 g,
Mountain Hardwear,UL 20 Backpack,Backpack,,volume_l=20,,pack,303000,manufacturer,https://www.mountainhardwear.jp/shop/g/gOU7612004--OZS000/,重量(g) (目安) 303 g,
Mountain Hardwear,Ultra Lightweight 15,Backpack,,volume_l=15,,pack,192000,manufacturer,https://www.mountainhardwear.jp/shop/g/gOE7813010--REG000/,重量(g) (目安) 192 g,
Mountain Laurel Designs,Burn 38L,Backpack,,volume_l=38,,pack,467767,manufacturer,https://mountainlaureldesigns.com/product/burn-38l/,WEIGHT: 16.5oz | 467gm,
Mountain Laurel Designs,Exodus 57L,Backpack,,volume_l=57,,pack,510291,manufacturer,https://mountainlaureldesigns.com/product/exodus-57l/,WEIGHT: 18 oz | 510 gm,
Mountain Laurel Designs,Prophet 48L,Backpack,,volume_l=48,,pack,496117,manufacturer,https://mountainlaureldesigns.com/product/prophet-48l/,17.5oz | 495gm,
Mountainsmith,Scream 55,Backpack,,volume_l=55,,pack,1280000,measured,https://mountainsforeverybody.com/mountainsmith-scream-55-pack-review/,Weight: 2 lb 13 oz (1.28 kg).,
Mountainsmith,Zerk 40L Backpack,Backpack,,volume_l=40,,pack,822000,manufacturer,https://www.garagegrowngear.com/products/2021-zerk-40l-backpack-by-mountainsmith,With Accessories: 29oz | 822g,
Nashville Pack,Cutaway,Backpack,20L,volume_l=20,,pack,408233,manufacturer,https://nashvillepack.com/products/the-cutaway-pack,"20L: 14.4 oz, 25L total internal volume",
Nashville Pack,Cutaway,Backpack,30L,volume_l=30,,pack,436583,manufacturer,https://nashvillepack.com/products/the-cutaway-pack,"30L: 15.4 oz, 34L total internal volume",
Nashville Pack,Cutaway,Backpack,40L,volume_l=40,,pack,493282,manufacturer,https://nashvillepack.com/pages/cutaway-pack-specs,40L: 17.4 oz,
Nashville Pack,Hybrid Vest Straps,Shoulder straps,16in,length=16in,,pack,134000,manufacturer,https://www.garagegrowngear.com/products/vest-straps-by-nashville-pack,"16"": 4.7oz | 134g",
Nashville Pack,Hybrid Vest Straps,Shoulder straps,17.5in,length=17.5in,,pack,139000,manufacturer,https://www.garagegrowngear.com/products/vest-straps-by-nashville-pack,"17.5"": 4.9oz  | 139g",
Nashville Pack,Hybrid Vest Straps,Shoulder straps,19in,length=19in,,pack,142000,manufacturer,https://www.garagegrowngear.com/products/vest-straps-by-nashville-pack,"19"": 5.0oz  | 142g",
Nashville Pack,Hybrid Vest Straps,Shoulder straps,20.5in,length=20.5in,,pack,145000,manufacturer,https://www.garagegrowngear.com/products/vest-straps-by-nashville-pack,"20.5"": 5.1oz  | 145g",
Nashville Pack,Tiempo 15 Pack,Backpack,,volume_l=15,,pack,165000,manufacturer,https://www.garagegrowngear.com/products/the-tiempo-pack-by-nashville-pack,Pack body: 5.9oz | 165g,
Nathan,Crossover 15L,Hydration pack,,,,pack,327000,manufacturer,https://nathansport.eu/products/crossover-pack-15l-with-1-5l-bladder,Weight without bladder: 327 g,
Nathan,Pinnacle 12L,Running vest,,volume_l=12,,pack,184000,manufacturer,https://nathansports.com/products/pinnacle-12-liter-hydration-race-vest,Weight w/o bladder: 6.5oz/184g,
Nemo,Resolve 25L,Backpack,Men's,fit=Men's; volume_l=25,,pack,1077282,manufacturer,https://www.nemoequipment.com/products/resolve-mens-25-liter-endless-promise-daypack,Minimum Weight 2 lb 6 oz / 1.09 kg,
Nunatak,Bears Ears 50,Backpack,frameless,volume_l=50,,pack,793787,manufacturer,https://backpackinglight.com/bears-ears-50-review/,~28 ounces / 794 g,
OMM,Classic 25,Backpack,,volume_l=25,,pack,670000,manufacturer,https://theomm.com/product/classic-25/,FULL WEIGHT 670g,
OMM,Phantom 25,Backpack,,volume_l=25,,pack,725000,manufacturer,https://theomm.com/product/phantom-25/,FULL WEIGHT 725g,
Osprey,Aether 65,Backpack,"S/M, 65L",torso=S/M; volume_l=65,,pack,2230000,manufacturer,https://www.alpinetrek.co.uk/osprey-aether-65-walking-backpack/,"Weight: 2,230 g; Reference size: size S/M",
Osprey,Ariel 65,Backpack,"WM/L, 65L",fit=Women's; torso=M/L; volume_l=65,,pack,2220000,manufacturer,https://www.alpinetrek.co.uk/osprey-womens-ariel-65-walking-backpack/,"Weight: 2,220 g",
Osprey,Atmos AG 65,Backpack,"L/XL, 68L",torso=L/XL; volume_l=68,,pack,2180419,manufacturer,https://web.archive.org/web/2id_/https://www.osprey.com/atmos-ag-65-atmos65s22-415,VOLUME 68 L WEIGHT 4.807 LBS. WEIGHT 2.18 KG,
Osprey,Atmos AG 65,Backpack,"S/M, 65L",torso=S/M; volume_l=65,,pack,2092422,manufacturer,https://web.archive.org/web/2id_/https://www.osprey.com/atmos-ag-65-atmos65s22-415,VOLUME 65 L WEIGHT 4.613 LBS. WEIGHT 2.092 KG,
Osprey,Aura AG 65,Backpack,"WM/L, 65L",fit=Women's; torso=M/L; volume_l=65,,pack,2085164,manufacturer,https://web.archive.org/web/2id_/https://www.osprey.com/aura-ag-65-aura65s22-224,VOLUME 3967 IN 3 / 65 L WEIGHT 4.597 LBS. 2.085 KG,
Osprey,Aura AG 65,Backpack,"WXS/S, 62L",fit=Women's; torso=XS/S; volume_l=62,,pack,2026197,manufacturer,https://web.archive.org/web/2id_/https://www.osprey.com/aura-ag-65-aura65s22-224,VOLUME 3783 IN 3 / 62 L WEIGHT 4.467 LBS. 2.026 KG,
Osprey,Eja 48,Backpack,Women's M/L,fit=Women's; torso=M/L; volume_l=48,,pack,1288202,manufacturer,https://www.osprey.com/gb/media/user_manuals/OM_Exos_Eja_S22_ENG.pdf,EJA 48 WOMEN'S SPECS WXS/S WM/L ... Pounds 2.75 2.84 Kilograms 1.25 1.29,
Osprey,Eja 48,Backpack,Women's XS/S,fit=Women's; torso=XS/S; volume_l=45,,pack,1247379,manufacturer,https://www.osprey.com/gb/media/user_manuals/OM_Exos_Eja_S22_ENG.pdf,EJA 48 WOMEN'S SPECS WXS/S WM/L ... Pounds 2.75 2.84 Kilograms 1.25 1.29,
Osprey,Eja 58,Backpack,Women's M/L,fit=Women's; torso=M/L; volume_l=58,,pack,1315418,manufacturer,https://www.osprey.com/gb/media/user_manuals/OM_Exos_Eja_S22_ENG.pdf,EJA 58 WOMEN'S SPECS WXS/S WM/L ... Pounds 2.81 2.90 Kilograms 1.27 1.32,
Osprey,Eja 58,Backpack,Women's XS/S,fit=Women's; torso=XS/S; volume_l=55,,pack,1274595,manufacturer,https://www.osprey.com/gb/media/user_manuals/OM_Exos_Eja_S22_ENG.pdf,EJA 58 WOMEN'S SPECS WXS/S WM/L ... Pounds 2.81 2.90 Kilograms 1.27 1.32,
Osprey,Eja Pro 55,Backpack,"WM/L, 55L",fit=Women's; torso=M/L; volume_l=55,,pack,933947,manufacturer,https://www.osprey.com/eja-pro-55-ejapro55s23-483,WM/L VOLUME 3356 IN3 / 55 L … WEIGHT 2.059 LBS.,
Osprey,Eja Pro 55,Backpack,"WXS/S, 52L",fit=Women's; torso=XS/S; volume_l=52,,pack,874072,manufacturer,https://www.osprey.com/eja-pro-55-ejapro55s23-483,WXS/S VOLUME 3173 IN3 / 52 L … WEIGHT 1.927 LBS.,
Osprey,Exos 48,Backpack,L/XL,torso=L/XL; volume_l=51,,pack,1333562,manufacturer,https://www.osprey.com/gb/media/user_manuals/OM_Exos_Eja_S22_ENG.pdf,EXOS 48 MEN'S SPECS S/M L/XL ... Pounds 2.84 2.94 Kilograms 1.29 1.33,
Osprey,Exos 48,Backpack,S/M,torso=S/M; volume_l=48,,pack,1288202,manufacturer,https://www.osprey.com/gb/media/user_manuals/OM_Exos_Eja_S22_ENG.pdf,EXOS 48 MEN'S SPECS S/M L/XL ... Pounds 2.84 2.94 Kilograms 1.29 1.33,
Osprey,Exos 58,Backpack,L/XL,torso=L/XL; volume_l=61,,pack,1360777,manufacturer,https://www.osprey.com/gb/media/user_manuals/OM_Exos_Eja_S22_ENG.pdf,EXOS 58 MEN'S SPECS S/M L/XL ... Pounds 2.91 3.00 Kilograms 1.32 1.36,
Osprey,Exos 58,Backpack,S/M,torso=S/M; volume_l=58,,pack,1319954,manufacturer,https://www.osprey.com/gb/media/user_manuals/OM_Exos_Eja_S22_ENG.pdf,EXOS 58 MEN'S SPECS S/M L/XL ... Pounds 2.91 3.00 Kilograms 1.32 1.36,
Osprey,Exos Pro 55,Backpack,"L/XL, 58L",torso=L/XL; volume_l=58,,pack,982027,manufacturer,https://web.archive.org/web/2id_/https://www.osprey.com/exos-pro-55-exospro55s23-482,VOLUME 58 L WEIGHT 2.165 LBS.,
Osprey,Exos Pro 55,Backpack,"S/M, 55L",torso=S/M; volume_l=55,,pack,942111,manufacturer,https://web.archive.org/web/2id_/https://www.osprey.com/exos-pro-55-exospro55s23-482,VOLUME 55 L WEIGHT 2.077 LBS.,
Osprey,Kestrel 48,Backpack,"L/XL, 48L",torso=L/XL; volume_l=48,,pack,2090000,manufacturer,https://www.alpinetrek.co.uk/osprey-kestrel-48-walking-backpack/,"Weight: 2,090 g; L/XL: 48L, 79 x 40 x 30 cm, 2.09 kg",
Osprey,Kyte 48,Backpack,"WM/L, 49L",fit=Women's; torso=M/L; volume_l=49,,pack,1929128,manufacturer,https://www.osprey.com/kyte-48-kyte48s23-550,WM/L VOLUME 2990 IN3 / 49 L … WEIGHT 4.253 LBS.,
Osprey,Kyte 48,Backpack,"WXS/S, 48L",fit=Women's; torso=XS/S; volume_l=48,,pack,1849296,manufacturer,https://www.osprey.com/kyte-48-kyte48s23-550,WXS/S VOLUME 2929 IN3 / 48 L … WEIGHT 4.077 LBS.,
Osprey,Levity 45,Backpack,Medium,torso=M; volume_l=45,,pack,839146,measured,https://www.pctoregon.com/review-osprey-levity-45-ultralight-backpack/,WEIGHT: 1.8 lb (sm); 1.85 lb (med); 1.9 lb (lg),
Osprey,Levity 60,Backpack,Medium,torso=M; volume_l=60,,pack,830000,measured,https://www.adventure52.com/reviews/osprey-levity-60-rucsac-review/,The size M review rucsac I was sent weighs in at just 0.83 of a kilogram (that's 830 grams).,
Osprey,Lumina 45,Backpack,,volume_l=45,,pack,843682,measured,https://www.outdoorgearlab.com/reviews/camping-and-hiking/backpacks-womens/osprey-lumina-45,This pack weighs a total of 1.86 pounds,
Osprey,Lumina 60,Backpack,,volume_l=60,,pack,816466,measured,https://www.outdoorgearlab.com/reviews/camping-and-hiking/backpacks-womens/osprey-lumina-60,"At a mere 1.8 pounds, the Osprey Lumina is one of the very lightest women's packs on the market.",
Osprey,Talon 44,Backpack,"L/XL, 48L",torso=L/XL; volume_l=48,,pack,1619325,manufacturer,https://web.archive.org/web/2id_/https://www.osprey.com/talontm-8,VOLUME 48 L WEIGHT 3.57 LBS. WEIGHT 1.62 KG,
Osprey,Talon 44,Backpack,"S/M, 44L",torso=S/M; volume_l=44,,pack,1569430,manufacturer,https://web.archive.org/web/2id_/https://www.osprey.com/talontm-8,VOLUME 44 L WEIGHT 3.46 LBS. WEIGHT 1.57 KG,
Osprey,Talon Velocity 20,Backpack,S/M,torso=S/M; volume_l=20,,pack,870000,manufacturer,https://www.osprey.com/talontm-velocity-20,S/M — Weight: 0.87 KG,
Osprey,Talon Velocity 30,Backpack,S/M,torso=S/M; volume_l=30,,pack,960000,manufacturer,https://www.osprey.com/talontm-velocity-30,S/M — Weight: 0.96 KG,
Osprey,Tempest 40,Backpack,"WM/L, 40L",fit=Women's; torso=M/L; volume_l=40,,pack,1327665,manufacturer,https://web.archive.org/web/2id_/https://www.osprey.com/gb/osprey-tempest-40-2021,VOLUME 2441 IN 3 / 40 L WEIGHT 2.927 LBS. 1.328 KG,
Osprey,Tempest 40,Backpack,"WXS/S, 38L",fit=Women's; torso=XS/S; volume_l=38,,pack,1240575,manufacturer,https://web.archive.org/web/2id_/https://www.osprey.com/gb/osprey-tempest-40-2021,VOLUME 2319 IN 3 / 38 L WEIGHT 2.735 LBS. 1.241 KG,
Osprey,Tempest Velocity 20,Backpack,Women's M/L,fit=Women's; torso=M/L; volume_l=20,,pack,860000,manufacturer,https://www.osprey.com/tempest-velocity-20,WM/L — Weight: 0.86 KG,
Outdoor Vitals,Carbon Evo 50,Backpack,"Regular torso, Medium hipbelt",torso=Regular; volume_l=50,,pack,850486,manufacturer,https://outdoorvitals.com/products/carbon-evo-50-backpack-1,30 oz (size R with M hip belt),
Outdoor Vitals,Shadowlight Carbon 60 Backpack,Backpack,Regular,torso=Regular; volume_l=60,,pack,709000,manufacturer,https://www.garagegrowngear.com/products/shadowlight-carbon-60-backpack-by-outdoor-vitals,Regular: 25oz | 709g,
Outdoor Vitals,Shadowlight Carbon 60 Backpack,Backpack,Short,torso=Short; volume_l=60,,pack,652000,manufacturer,https://www.garagegrowngear.com/products/shadowlight-carbon-60-backpack-by-outdoor-vitals,Short: 23oz | 652g,
Outdoor Vitals,Shadowlight Carbon 60 Backpack,Backpack,Tall,torso=Tall; volume_l=60,,pack,737000,manufacturer,https://www.garagegrowngear.com/products/shadowlight-carbon-60-backpack-by-outdoor-vitals,Tall:  26oz | 737g,
Outdoor Vitals,Skyline 30 Fastpack,Fastpack,M/L,torso=M/L; volume_l=30,,pack,612000,manufacturer,https://www.garagegrowngear.com/products/skyline-30-fastpack-by-outdoor-vitals,Medium/Large:  21.6oz | 612g,
Outdoor Vitals,Skyline 30 Fastpack,Fastpack,S/M,torso=S/M; volume_l=30,,pack,584000,manufacturer,https://www.garagegrowngear.com/products/skyline-30-fastpack-by-outdoor-vitals,Small/Medium: 20.6oz | 584g,
Pa'lante,Desert Pack,Backpack,Gridstop,,volume_l,pack,532971,manufacturer,https://palantepacks.com/products/desert-pack,weight: gridstop - 18.8/19.2 oz; ultraweave - 20.9/21.6 oz,
Pa'lante,Desert Pack,Backpack,UltraWeave,,volume_l,pack,592505,manufacturer,https://palantepacks.com/products/desert-pack,weight: gridstop - 18.8/19.2 oz; ultraweave - 20.9/21.6 oz,
Pa'lante,Joey,Chest pack,Gridstop,,,pack,405398,manufacturer,https://palantepacks.com/products/joey,weight: gridstop - 14.3 oz; ultraweave - 14.4 oz,
Pa'lante,Joey,Chest pack,UltraWeave,,,pack,408233,manufacturer,https://palantepacks.com/products/joey,weight: gridstop - 14.3 oz; ultraweave - 14.4 oz,
Pa'lante,Mini Joey,Chest pack,Robic,,,pack,362874,manufacturer,https://palantepacks.com/products/mini-joey,weight: robic - 12.8 oz; ultraweave - 13.3 oz,
Pa'lante,Turtle Pack,Backpack,Robic,volume_l=5,,pack,351534,manufacturer,https://palantepacks.com/products/turtle-pack,weight: robic - 12.4 oz; ultraweave - 12.6 oz,
Pa'lante,Turtle Pack,Backpack,UltraWeave,volume_l=5,,pack,357204,manufacturer,https://palantepacks.com/products/turtle-pack,weight: robic - 12.4 oz; ultraweave - 12.6 oz,
Pa'lante,Ultralight Pack,Backpack,Gridstop,volume_l=26,,pack,416738,manufacturer,https://palantepacks.com/products/ultralight,The Ultralight pack weighs 14.7 oz (417 grams) in Gridstop.,
Pa'lante,Ultralight Pack,Backpack,Robic,volume_l=26,,pack,385554,manufacturer,https://palantepacks.com/products/ultralight,The Ultralight pack weighs 13.6 oz (386 grams) in 100D Robic nylon.,
Pa'lante,Ultralight Pack,Backpack,UltraWeave,volume_l=26,,pack,396893,manufacturer,https://palantepacks.com/products/ultralight,The Ultralight pack weighs 14 oz (397 grams) in UltraWeave.,
Pa'lante,V2,Backpack,"Gridstop, 16in / 19in",,volume_l,pack,501787,manufacturer,https://palantepacks.com/products/v2,Gridstop: 17.7/18.6 oz,
Pa'lante,V2,Backpack,UltraWeave,,volume_l,pack,513126,manufacturer,https://palantepacks.com/products/v2,weight: gridstop- 17.7/18.6 oz; ultraweave- 18.1/18.7 oz,
PaaGo Works,RUSH 20,Backpack,20L,volume_l=20,,pack,450000,manufacturer,https://www.paagoworks.com/en/products/rush20,Weight: 450g,
PaaGo Works,RUSH 30,Backpack,30L,volume_l=30,,pack,720000,manufacturer,https://www.paagoworks.com/en/products/rush30,Weight: 720g,
Patagonia,Slope Runner Exploration Pack 18L,Running vest,,volume_l=18,,pack,453592,manufacturer,https://wornwear.patagonia.com/products/slope-runner-exploration-pack-18l_49495_blk,Weight: 16.0 ounces,
Patagonia,Terravia Mini Hip Pack,Fanny pack,1L,volume_l=1,,pack,111000,manufacturer,https://www.patagonia.com/product/terravia-mini-hip-pack-1-liter/49448.html,111 g (3.9 oz),
Patagonia,Ultralight Black Hole Tote Pack,Tote bag,27L,volume_l=27,,pack,369961,manufacturer,https://wornwear.patagonia.com/products/ultralight-black-hole-tote-pack-27l_48809_huta,Weight 13.05 ounces (370 g),
Rab,Aeon LT 25,Backpack,,volume_l=25,,pack,610000,manufacturer,https://rab.equipment/ca/rab-aeon-lt-25l-lightweight-pack,0.61kg / 1lb 5oz,
Rab,Nitron 25,Backpack,M/L,torso=M/L; volume_l=25,,pack,640000,manufacturer,https://rab.equipment/us/rab-nitron-25l-lightweight-pack,1lb 7oz/0.64kg (M-L),
Rab,Veil 12,Running vest,with flasks,volume_l=12,,pack,363000,manufacturer,https://rab.equipment/us/rab-veil-12l-lightweight-running-vest,12oz/0.363kg with flasks,
Rab,Veil XP 20,Running vest,Medium,size=M; volume_l=20,,pack,476000,manufacturer,https://rab.equipment/us/rab-veil-xp-20l-waterproof-pack,1lb 1oz/0.476kg (Size M),
Rab,Veil XP 30L,Running vest,Medium,size=M; volume_l=30,,pack,553000,manufacturer,https://rab.equipment/us/rab-veil-xp-30l-waterproof-pack,1lb 4oz/0.553kg (Size M),
Raidlight,Responsiv 24L,Running vest,,volume_l=24,,pack,290000,manufacturer,https://www.sportsshoes.com/product/rai31/raidlight-responsiv-24l-vest,Weight - 290g,
Red Paw Packs,Flatiron 28L,Backpack,17in torso,torso=17in; volume_l=28,,pack,408233,manufacturer,https://redpawpacks.com/product/flatiron-pack-28l-in-stock/,Weight is 14.4 oz.,
Red Paw Packs,Flex Fanny Pack,Fanny pack,,,volume_l,pack,102000,manufacturer,https://www.garagegrowngear.com/products/flex-fanny-pack-by-red-paw-packs,Fanny Pack w/removable hipbelt: ~3.6oz | 102g (depending on fabric),
REI Co-op,Flash 18,Backpack,18L,volume_l=18,,pack,269320,manufacturer,https://www.rei.com/product/227900/rei-co-op-flash-18-pack,Weight 9.5 ounces (269 g),
REI Co-op,Flash 22 Pack,Backpack,,volume_l=22,,pack,396893,measured,https://www.adventurealan.com/product/rei-co-op-flash-22-pack/,Weight: 14 oz,
REI Co-op,Flash 55 Pack,Backpack,Men's Medium,fit=Men's; torso=M; volume_l=55,,pack,1275729,manufacturer,https://web.archive.org/web/20240601231228/https://www.rei.com/product/216571/rei-co-op-flash-55-pack-mens,"REI spec Weight: M: 2 lbs. 13 oz. (S: 2 lbs. 12 oz., L: 2 lbs. 14 oz.)",
REI Co-op,Flash 55 Pack,Backpack,Women's Medium,fit=Women's; torso=M; volume_l=55,,pack,1224699,measured,https://www.outdoorgearlab.com/reviews/camping-and-hiking/backpacks-womens/rei-co-op-flash-55-womens,2.7 lb,
REI Co-op,Flash Air 50,Backpack,,volume_l=50,,pack,850486,measured,https://www.adventurealan.com/product/rei-co-op-flash-air-50-review/,Weight: 30 oz,
Salomon,ADV Skin 12 Set,Running vest,,volume_l=12,,pack,247000,manufacturer,https://salomon.com.au/products/adv-skin-12-set-9,weight (g): 247,
Salomon,Trailblazer 20,Backpack,,volume_l=20,,pack,434000,manufacturer,https://salomon.com.au/products/trailblazer-20,weight (g): 434,
Sealson,M1 ECOYA Crossbody Bag,Sling bag,,,,pack,198900,manufacturer,https://sealson.co/products/m1-ecoya-crossbody-bag-black,Weight 198.9g,
Sealson,M2 Crossbody Bag,Sling bag,Ultra TX70,,,pack,145000,manufacturer,https://sealson.co/products/m2-crossbody-bag,Weight ECOPAK EPLX200: 152.5g Ultra 200X: 152 Ultra TX70: 145g,
Sealson,UNUS52 Backpack,Backpack,,volume_l=52,,pack,740000,manufacturer,https://sealson.co/products/unus52-backpack-1,Total Weight: 740g / 26oz,
Sierra Designs,Flex Capacitor 25-40,Backpack,S/M hipbelt,,volume_l,pack,1100000,measured,https://blog.outdoorprolink.com/proview-sierra-designs-flex-capacitor-25-40l/,Weight with S/M waist belt: 2 lbs 7 oz / 1.1 kg,
Sierra Designs,Flex Capacitor 40-60,Backpack,M/L torso,torso=M/L,volume_l,pack,1400000,manufacturer,https://sierradesigns.com/flex-capacitor-40-60/,Weight: 3 lbs 2 oz / 1.4 kg,
Sierra Designs,Flex Capacitor 40-60,Backpack,S/M torso,torso=S/M,volume_l,pack,1230000,manufacturer,https://sierradesigns.com/flex-capacitor-40-60/,Weight: 2 lbs 12 oz / 1.23 kg,
Six Moon Designs,Minimalist V2,Backpack,Robic,volume_l=59,,pack,1213360,manufacturer,https://www.sixmoondesigns.com/products/minimalist-v2-ultralight-backpack,Total Robic Weight 42.8 oz - 1212 g,
Six Moon Designs,Swift V,Backpack,,volume_l=56,,pack,1017748,manufacturer,https://www.sixmoondesigns.com/products/swift-v-hiking-backpack,Total Weight 35.9 oz | 1018 g,
Six Moon Designs,Swift X,Backpack,,volume_l=56,,pack,1099961,manufacturer,https://www.sixmoondesigns.com/products/swift-x-ultralight-backpack,38.8 oz / 1100 g,
Superior Wilderness Designs,Big Wild 70L,Backpack,Ultra 400X,volume_l=70,,pack,935534,manufacturer,https://www.swdbackpacks.com/product-page/big-wild-70l-ultra400,Minimum usable weight: 33oz for size medium.,
Superior Wilderness Designs,Long Haul 50L,Backpack,Ultra 200X,volume_l=50,,pack,810796,manufacturer,https://www.swdbackpacks.com/product-page/ultralight-long-haul-50l-internal-frame,Base weight of the pack : 28.6oz,
Superior Wilderness Designs,Long Haul 50L,Backpack,UltraGrid 200,volume_l=50,,pack,893010,manufacturer,https://www.swdbackpacks.com/product-page/long-haul-50-ultragrid-internal-frame,Average weight of the pack including all optional items listed below: 31.5oz,
Superior Wilderness Designs,Movement 40L,Backpack,UltraGrid,volume_l=40,,pack,765437,manufacturer,https://www.swdbackpacks.com/product-page/movement-40-ultragrid-internal-frame,Average weight of the pack including all optional items listed below: 27oz,
Superior Wilderness Designs,Superior 35,Backpack,Ultra 200X,volume_l=35,,pack,396893,manufacturer,https://www.swdbackpacks.com/product-page/superior35ultra,Pack body - 14oz ultra200X/13.5oz for ultra100X,
Symbiosis Gear,Huckleberry Fanny Pack,Fanny pack,pouch only,volume_l=1.31,,pack,45000,manufacturer,https://www.garagegrowngear.com/products/huckleberry-fanny-pack-by-symbiosis-gear,Pouch only: 1.6oz | 45g,
Symbiosis Gear,Huckleberry Fanny Pack,Fanny pack,pouch with waist belt,volume_l=1.31,,pack,91000,manufacturer,https://www.garagegrowngear.com/products/huckleberry-fanny-pack-by-symbiosis-gear,Pouch With Waist Belt: 3.2oz | 91g,
Symbiosis Gear,The Aspen Women's Backpack,Backpack,,volume_l=38,,pack,709000,manufacturer,https://www.garagegrowngear.com/products/the-aspen-by-symbiosis-gear,Weight: 25oz | 709g,
Tantrums,Crest 6 Hydration Pack,Running vest,Medium,size=M; volume_l=6,,pack,135000,manufacturer,https://tantrums.run/products/crest-6-hydration-pack,Weight: 135g (Size Medium),
Thrupack,Summit Bum Classic,Fanny pack,Comfy Strap,volume_l=2.5,,pack,133000,manufacturer,https://www.garagegrowngear.com/products/the-hiker-fanny-pack-by-thru,With Comfy Strap: 4.7oz | 133g,
Thrupack,Summit Bum Classic,Fanny pack,no strap,volume_l=2.5,,pack,71000,manufacturer,https://www.garagegrowngear.com/products/the-hiker-fanny-pack-by-thru,No Strap: 2.5oz | 71g,
Thrupack,Summit Bum Classic,Fanny pack,standard strap,volume_l=2.5,,pack,99000,manufacturer,https://www.garagegrowngear.com/products/the-hiker-fanny-pack-by-thru,With Standard Strap: 3.5oz | 99g,
Thrupack,Summit Bum Pocket,Fanny pack,standard strap,volume_l=2.5,,pack,105000,manufacturer,https://www.garagegrowngear.com/products/summit-bum-pocket-by-thrupack,With Standard Strap: 3.7oz | 105g,
Thrupack,The Comfy Strap,Shoulder straps,Medium,size=M,,pack,62000,manufacturer,https://www.garagegrowngear.com/products/the-comfy-strap-by-thru,Weight: 2.2oz | 62g (medium),
ULA Equipment,Catalyst,Backpack,,volume_l=75,,pack,1258719,manufacturer,https://www.ula-equipment.com/product/catalyst/,WEIGHT: 44.4 OZ | 1259 GM,
ULA Equipment,CDT,Backpack,UltraGrid,volume_l=50,,pack,768272,manufacturer,https://www.ula-equipment.com/product/cdt/,WEIGHT: 27.1 OZ | 768 GM,
ULA Equipment,Circuit,Backpack,,volume_l=68,,pack,1091457,manufacturer,https://www.ula-equipment.com/product/circuit/,"WEIGHT: 38.5 OZ | 1,092 GM",
ULA Equipment,Ohm 2.0,Backpack,UltraGrid,volume_l=55,,pack,861826,manufacturer,https://www.ula-equipment.com/product/ohm/,30.4 OZ | 862 GM,
ULA Equipment,Photon,Backpack,,volume_l=35,,pack,739923,manufacturer,https://www.ula-equipment.com/product/photon/,WEIGHT: 26.1 OZ | 740 GM,
Ultimate Direction,Fastpack 20,Fastpack,,volume_l=20,,pack,590000,manufacturer,https://ultimatedirection.com/fastpack-20/,Weight: 1.3 lbs. / 0.59 kg,
Ultimate Direction,Fastpack 30,Fastpack,,volume_l=30,,pack,690000,manufacturer,https://ultimatedirection.com/fastpack-30/,Weight: 1.52 lbs. / 0.69 kg,
Ultimate Direction,Fastpack 40,Fastpack,,volume_l=40,,pack,715000,manufacturer,https://ultimatedirection.com/fastpack-40/,Weight: 1.60 lbs. / 0.715 kg,
Ultimate Direction,FastpackHer 20 2.0,Fastpack,,volume_l=20,,pack,560000,manufacturer,https://ultimatedirection.com/fastpackher-20-2-0/,Weight: 19.8 oz / 560 g,
Ultimate Direction,FastpackHer 30 2.0,Fastpack,,volume_l=30,,pack,605000,manufacturer,https://ultimatedirection.com/fastpackher-30-2-0/,Weight: 21.3 oz / 605 g,
Ultimate Direction,Race Vest 6L,Running vest,,volume_l=6,,pack,175000,manufacturer,https://ultimatedirection.com/race-vest-6l/,Weight: 175 g (6.16 oz),
Ultimate Direction,Ultra Vest 6.0,Running vest,,volume_l=10.3,,pack,230000,manufacturer,https://ultimatedirection.com/ultra-vest-6-0/,Weight (without bottles): 230 g (8.11 oz),
UltraliteSacks,Recyclops Ultralight 35L Backpack,Backpack,,volume_l=35,,pack,440000,manufacturer,https://www.garagegrowngear.com/products/recyclops-ultralight-35l-backpack-by-ultralightsacks,Weight: 15.5oz | 440g (total),
UltrAspire,Basham Race Vest,Running vest,,volume_l=2,,pack,181000,manufacturer,https://ultraspire.com/products/basham-race-vest/,"Weight: 6.4 oz (181 g) without bottle, 9.4 oz (266 g) with bottle",
UltrAspire,Epic XT 3.0,Running vest,S/M,size=S/M; volume_l=35,,pack,907000,manufacturer,https://ultraspire.com/products/epic-xt-3-0-hydration-pack/,"SM/MD with Frame = 2lb (32oz, 907g)",
Virginia Foothill Designs,Ultralight 25L Pack,Backpack,,volume_l=25,,pack,346000,manufacturer,https://www.garagegrowngear.com/products/ultralight-25l-pack-by-virginia-foothill-designs,Weight: 12.2oz | 346g,
Virginia Foothill Designs,Ultralight 40L Pack,Backpack,,volume_l=40,,pack,390000,manufacturer,https://www.garagegrowngear.com/products/40l-with-standard-rigid-pockets-by-virginia-foothill-designs,Medium: 13.7 oz | 390 g,
Waymark Gear Co.,EVLV,Backpack,"35L, Ultra",volume_l=35,,pack,396893,manufacturer,https://backpackinglight.com/gear-swaps/waymark-evlv-ultra-backpack-35l-14-oz/,Waymark EVLV Ultra backpack 35L 14 oz,
Waymark Gear Co.,Lite 50,Backpack,"50L, framed",volume_l=50,,pack,1020583,manufacturer,https://backpackinglight.com/waymark-gear-framed-50-l/,claimed weight: 36 to 39 oz depending on options,
Waymark Gear Co.,Mile 28,Backpack,28L,volume_l=28,,pack,453592,manufacturer,https://backpackinglight.com/gear/waymark-gear-mile-28l-backpack/,16 oz (454g),
WEBO Gear,Thru Hip-Pack,Hip pack,,volume_l=1,,pack,74000,manufacturer,https://www.garagegrowngear.com/products/thru-hip-pack-by-webo-gear,Weight: 2.6 oz | 74g,
Yamatomichi,MINI,Backpack,Medium,torso=M,volume_l,pack,425000,manufacturer,https://www.yamatomichi.com/en/products/mini,Weight: Size M 425g (TS White: Size M 413g),
Yamatomichi,THREE,Backpack,"ECOPAK EPX200, Medium",torso=M; volume_l=40,,pack,682000,manufacturer,https://www.yamatomichi.com/en/products/three,Standard / Size M 682g (ECOPAK EPX200),
YAR.gear,Apex 28L Pack,Backpack,,volume_l=28,,pack,295000,manufacturer,https://www.garagegrowngear.com/products/apex-28l-pack-by-yar-gear,Weight: 10.4oz | 295g (minimum),
YAR.gear,Cadence 25L Pack,Backpack,17in torso,torso=17in; volume_l=25,,pack,397000,manufacturer,https://www.garagegrowngear.com/products/prototype-25l-pack-by-yar-gear,"17"" torso: 14oz | 397g",
YAR.gear,Cadence 25L Pack,Backpack,19in torso,torso=19in; volume_l=25,,pack,403000,manufacturer,https://www.garagegrowngear.com/products/prototype-25l-pack-by-yar-gear,"19"" torso: 14.2oz | 403g",
Zerogram,Lost Creek UL 40,Backpack,45L,volume_l=45,,pack,600000,manufacturer,https://www.amazon.co.jp/-/en/ZEROGRAM-Lightweight-Extendable-Activities-Overnight/dp/B0B6H9QDYZ,"Lightweight, 21.2 oz (600 g)",
Zpacks,Arc Blast 55L,Backpack,,volume_l=55,,pack,564156,manufacturer,https://zpacks.com/products/arc-blast-backpack,Weight 19.9 oz / 565 g,
Zpacks,Arc Haul 40L,Backpack,Medium torso,torso=M; volume_l=40,,pack,416000,manufacturer,https://www.garagegrowngear.com/products/arc-haul-40l-by-zpacks,Medium: 14.7oz | 416g,
Zpacks,Arc Haul 40L,Backpack,Tall torso,torso=Tall; volume_l=40,,pack,428000,manufacturer,https://www.garagegrowngear.com/products/arc-haul-40l-by-zpacks,Tall: 15.1oz | 428g,
Zpacks,Arc Haul 50L,Backpack,Medium torso,torso=M; volume_l=50,,pack,427000,manufacturer,https://www.garagegrowngear.com/products/arc-haul-50l-by-zpacks,Medium: 15oz | 427g,
Zpacks,Arc Haul 50L,Backpack,Tall torso,torso=Tall; volume_l=50,,pack,439000,manufacturer,https://www.garagegrowngear.com/products/arc-haul-50l-by-zpacks,Tall: 15.5oz | 439g,
Zpacks,Arc Haul 60L EPX,Backpack,Medium,torso=M; volume_l=60,,pack,482000,manufacturer,https://www.garagegrowngear.com/products/arc-haul-60l-epx-by-zpacks,Weight: Pack only Short: 16.6oz | 470g Medium: 17oz | 482g,
Zpacks,Arc Haul 60L EPX,Backpack,Short,torso=Short; volume_l=60,,pack,470000,manufacturer,https://www.garagegrowngear.com/products/arc-haul-60l-epx-by-zpacks,Weight: Pack only Short: 16.6oz | 470g,
Zpacks,Arc Haul Ultra 40L,Backpack,,volume_l=40,,pack,598175,manufacturer,https://zpacks.com/products/arc-haul-ultra-40l-backpack,Weight 21.1 oz / 597 g,
Zpacks,Arc Haul Ultra 40L,Backpack,Women's,fit=Women's; volume_l=40,,pack,575000,manufacturer,https://zpacks.com/products/womens-arc-haul-ultra-40l-backpack,Weight 20.3 oz / 575 g,
Zpacks,Arc Haul Ultra 50L,Backpack,,volume_l=50,,pack,606680,manufacturer,https://zpacks.com/products/arc-haul-ultra-50l-backpack,Weight 21.4 oz / 608 g,
Zpacks,Arc Haul Ultra 50L,Backpack,Women's,fit=Women's; volume_l=50,,pack,586000,manufacturer,https://zpacks.com/products/womens-arc-haul-ultra-50l-backpack,Weight 20.7 oz / 586 g,
Zpacks,Arc Haul Ultra 60L,Backpack,,volume_l=60,,pack,618020,manufacturer,https://zpacks.com/products/arc-haul-ultra-60l-backpack,Weight 21.8 oz / 619 g,
Zpacks,Arc Haul Ultra 60L,Backpack,Women's,fit=Women's; volume_l=60,,pack,597000,manufacturer,https://zpacks.com/products/womens-arc-haul-ultra-60l-backpack,Weight 21.1 oz / 597 g,
Zpacks,Arc Haul Ultra 70L,Backpack,,volume_l=70,,pack,629359,manufacturer,https://zpacks.com/products/arc-haul-ultra-70l-backpack,Weight 22.2 oz / 630 g,
Zpacks,Arc Haul Ultra 70L,Backpack,Women's,fit=Women's; volume_l=70,,pack,608000,manufacturer,https://zpacks.com/products/womens-arc-haul-ultra-70l-backpack,Weight 21.4 oz / 608 g,
Zpacks,Arc Zip Ultra 62L,Backpack,,volume_l=62,,pack,700233,manufacturer,https://zpacks.com/products/arc-zip-ultra-62l-backpack,Weight 24.7 oz / 700 g,
Zpacks,Arc Zip Ultra 62L,Backpack,Women's,fit=Women's; volume_l=62,,pack,678000,manufacturer,https://zpacks.com/products/womens-arc-zip-ultra-62l-backpack,Weight 23.9 oz / 678 g,
Zpacks,Bagger Ultra 25L,Backpack,,volume_l=25,,pack,351534,manufacturer,https://zpacks.com/products/bagger-ultra-25l-backpack,Weight 12.4 oz / 352 g,
Zpacks,Front Utility Pack Accessory,Chest pack,,,,pack,81000,manufacturer,https://zpacks.com/products/front-utility-pack-accessory,Weight 2.9 oz / 81 g,
Zpacks,Multi-Pack,Chest pack,,,,pack,86000,manufacturer,https://zpacks.com/products/multi-pack,Weight 3 oz / 86 g,
Zpacks,Nero Classic,Backpack,30L,volume_l=30,,pack,280660,manufacturer,https://zpacks.com/products/nero-classic-ultra-backpack,"Weight 9.9 oz / 281 g (30L, Standard Straps, No Belt)",
Zpacks,Nero Pro,Backpack,30L,volume_l=30,,pack,314680,manufacturer,https://zpacks.com/products/nero-pro-ultra-backpack,Weight 11.1 oz / 315 g,
Zpacks,Super Nero Ultra 50L,Backpack,,volume_l=50,,pack,379000,manufacturer,https://zpacks.com/products/super-nero-ultra-50l-backpack,"Manufacturer-listed weight 379 g (13.4 oz) for the base configuration (Small/Women's Straps, Webbing Belt); 552 g with Vest Straps and Padded Belt",
Adotec,Ultralight Fold-Flat Funnel,Funnel,,,,cook,5000,manufacturer,https://www.garagegrowngear.com/products/ultralight-fold-flat-funnel-by-adotec,Weight: 0.17oz | 5g,
AeroPress,Go,Coffee maker,,,,cook,323185,manufacturer,https://aeropress.com/products/aeropress-go-travel-coffee-press,"When fully packed up in the mug with the lid on top, the AeroPress Go, its accessories, and the 20 paper filters that fit into the travel filter holder weigh 11.4 oz. (323 g) altogether.",
Alpenglow Gear,Alpenflow Fuel Transfer Valve,Fuel transfer valve,,,,cook,2400,manufacturer,https://www.garagegrowngear.com/products/alpenflow-fuel-transfer-device-by-alpenglow-gear,Weight: 0.09oz | 2.4g,
Alpkit,Koro Mountaineering Stove,Stove,,fuel=isobutane,,cook,124000,manufacturer,https://alpkit.com/products/koro,Vital stats … Weight: 124g,
BIC,J25 Mini Lighter,Lighter,"Mini, J25",size=Mini,,cook,13000,manufacturer,https://www.bicgraphic.com/gb/bic-j25-lighter-3460002360.html,Weight: 13 g,
BioLite,CampStove 2+,Stove,,fuel=wood,,cook,935000,manufacturer,https://www.bioliteenergy.com/products/campstove-2-plus,2.06 lbs (935g),
Brautigam Expedition Works,Long Titanium Spoon,Spoon,,,,cook,17000,manufacturer,https://www.garagegrowngear.com/products/long-titanium-spoon-by-brautigam-expedition-works,Weight: 0.6oz | 17g,
Brautigam Expedition Works,Long Titanium Spork,Spork,,,,cook,17000,manufacturer,https://www.garagegrowngear.com/products/long-titanium-spork-by-brautigam-expedition-works,Weight: 0.6oz | 17g,
Brautigam Expedition Works,Mini Titanium Spatula,Spatula,,,,cook,16000,manufacturer,https://www.garagegrowngear.com/products/mini-titanium-spatula-by-brautigam-expedition-works,Weight: 0.6oz | 16g,
Brautigam Expedition Works,Stubby Titanium Spoon,Spoon,,,,cook,9000,manufacturer,https://www.garagegrowngear.com/products/long-titanium-spoon-by-brautigam-expedition-works-copy,Weight: 0.32oz | 9g,
Brautigam Expedition Works,Stubby Titanium Spork,Spork,,,,cook,9000,manufacturer,https://www.garagegrowngear.com/products/mini-stubby-titanium-spork-by-brautigam-expedition-works-copy,Weight: 0.32oz | 9g,
Brautigam Expedition Works,Titanium SporkSpat,Spork,,,,cook,22000,manufacturer,https://www.garagegrowngear.com/products/titanium-sporkspat-by-brautigam-expedition-works,Weight: 0.8oz | 22g,
BRS,3000T Ultralight Burner,Stove,,fuel=isobutane,,cook,26000,manufacturer,https://www.garagegrowngear.com/products/brs-3000-t-stove-by-brs-outdoor,BRS-3000T Stove: 0.88oz | 26g,
Cam's Backpacking Gear,Pot Knob for Toaks Pots,Lid knob,,,,cook,2500,manufacturer,https://www.garagegrowngear.com/products/backpacking-pot-knob-for-toaks-750ml-by-cams-backpacking-gear,Weight: 0.09oz | 2.5g,
CampingMoon,XD-2F,Stove,,fuel=isobutane,,cook,100000,manufacturer,https://www.campingmoon.com/products/portable-camping-gas-stove-with-ignitor-flow-regulator-campingmoon-xd-2f-lightweight-foldable-for-outdoor-adventures,Weight | 100 Grams,
Cowboy Camping,Pot Wrangler,Pot cozy,550ml,volume_l=0.55,,cook,12000,manufacturer,https://www.garagegrowngear.com/products/pot-wrangler-by-cowboy-camping,550ml: 0.4oz | 12g,
Cowboy Camping,Pot Wrangler,Pot cozy,650ml,volume_l=0.65,,cook,12000,manufacturer,https://www.garagegrowngear.com/products/pot-wrangler-by-cowboy-camping,650ml: 0.4oz | 12g,
Cowboy Camping,Pot Wrangler,Pot cozy,750ml,volume_l=0.75,,cook,14000,manufacturer,https://www.garagegrowngear.com/products/pot-wrangler-by-cowboy-camping,750ml: 0.5oz | 14g,
Deadwood Gear Co.,Beehive Pot Lid,Pot lid,,,,cook,9000,manufacturer,https://www.garagegrowngear.com/products/beehive-pot-lid-by-deadwood-gear-co,Weight: 0.3oz | 9g,
Evernew,Ti Cup 400FD,Cup,"EBY265, single wall",volume_l=0.4,,cook,60101,manufacturer,https://www.evernewamerica.com/ti-mugs/,"Ti Cup 400FD (EBY265), Single Wall Mug with Folding Handle: '2.12oz/60g'. NOTE: the requested 'ECA278' is Evernew's Ti UL Stacking SET (750ml pot + 400ml cup + sack, 180g/6.3oz total), not a standalone 400ml single-wall mug; EBY265 is the standalone single-wall 400ml mug. The other single-wall 400ml standalone is Ti Mug 400 (EBY262) at 2.4oz/67g.",
Evernew,Titanium NS Pot 0.9L,Pot,ECA422,volume_l=0.9,,cook,140000,manufacturer,https://evernew-global.com/products/titanium/ECA422.html,"TITANIUM NS POT 0.9 L, 900ml (with scale), Weight: 140g (4.93oz). (Non-stick/ceramic-coated Ti pot.)",
Fire Maple,Petrel G2 Ultralight Pot,Pot,"750ml, pot only",volume_l=0.75,,cook,185000,manufacturer,https://firemaplegear.com/products/petrel-ultralight-pot-750ml,"Weight 185 g (Fire Maple product .json, all variants).",
Fire Maple,Petrel Ultralight G3 HX Pot,Pot,600ml,volume_l=0.6,,cook,162000,manufacturer,https://firemaplegear.com/products/petrel-ultralight-pot-600ml,Weight: 5.7 oz (162 g),
Fire Maple,Sunflower Grill Plate,Grill plate,,,,cook,221000,manufacturer,https://firemaplegear.com/products/sunflower-grill-plate,Total Weight (including tongs): 7.8 oz (221 g),
Fire Maple,Sunflower X,Stove,,fuel=isobutane,,cook,1000000,manufacturer,https://firemaplegear.com/products/sunflower-x-gas-camping-stove,Weight: 2.2 lb (1.0 kg),
Flat Cat Gear,Ocelot 3.8 Windscreen,Windscreen,BRS,,,cook,32000,manufacturer,https://www.garagegrowngear.com/products/toaks-ocelot-windscreen-by-flat-cat-gear,1.1oz | 32g,
Flat Cat Gear,Ocelot 6.0 Windscreen,Windscreen,Soto WindMaster 4 Flex,,,cook,37000,manufacturer,https://www.garagegrowngear.com/products/ocelot-6-windscreen-by-flat-cat-gear,1.3oz | 37g,
Flat Cat Gear,Ocelot Windscreen 4.2,Windscreen,,,,cook,34000,manufacturer,https://www.garagegrowngear.com/products/ocelot-windscreens-by-flat-cat-gear,1.2oz | 34g,
FlipFuel,Fuel Transfer Device,Fuel transfer valve,,,,cook,43000,manufacturer,https://www.garagegrowngear.com/products/flipfuel-fuel-transfer-device-by-flipfuel-co,Weight: 1.5oz | 43g,
Fozzils,Snapfold Bowl,Bowl,,,,cook,40000,measured,https://the-high-route.com/review-fozzils-snapfold-bowl/,It weighs 40 g. (per-bowl; corroborated by Coghlan's Snapfold Bowls 2-pack at 2.4 oz / 80.08 g ~= 40 g each),
Fozzils,Snapfold Bowl,Bowl,X-Large,size=XL,,cook,119068,manufacturer,https://jrifecompany.com/products/fozzils-snapfold%E2%84%A2-bowl-xl,4.2 oz / 120 g ... Approx. Volume: 74.3 fl oz / 2200 ml,
Fozzils,Snapfold Solo Pack,Cookset,,,,cook,113000,manufacturer,https://www.garagegrowngear.com/products/snapfold-solo-pack-by-fozzils,Full Set: 4oz | 113g,
Garage Grown Gear,Plastic Flask with Funnel,Flask,,,,cook,7000,manufacturer,https://www.garagegrowngear.com/products/plastic-flasks-with-funnel-by-ggg,Flask: 0.2oz | 7g,
Garage Grown Gear,Snap-Cap Bottle,Squeeze bottle,1oz,volume_l=0.03,,cook,9000,manufacturer,https://www.garagegrowngear.com/products/squeeze-bottles,Weight: 0.3oz | 9g,
Gnuhr,Lighter,Lighter,,,,cook,11000,manufacturer,https://www.gnuhr.com/products/gnuhr-lighter,Weight: ~11 grams (0.39 oz),
humangear,GoBite Duo Spoon & Fork,Utensils,,,,cook,22000,manufacturer,https://www.humangear.com/shop/p/duo,Dry Weight .78 oz (22g),
humangear,GoBite Spin Spoon & Fork,Utensils,,,,cook,14000,manufacturer,https://www.garagegrowngear.com/products/spin-spoon-fork-gobite-by-humangear,Weight: 0.5oz | 14g,
humangear,GoBite Uno Spoon & Fork,Utensils,Long,size=Long,,cook,18000,manufacturer,https://www.garagegrowngear.com/products/gobite-uno-spoon-fork-by-humangear,Long: 0.63oz | 18g,
humangear,GoBite Uno Spoon & Fork,Utensils,Regular,size=Regular,,cook,15000,manufacturer,https://www.garagegrowngear.com/products/gobite-uno-spoon-fork-by-humangear,Regular: 0.6oz | 15g,
HydraPak,SpeedCup,Cup,200ml,volume_l=0.2,,cook,10000,manufacturer,https://www.hydrapak.com/products/speedcup%E2%84%A2-2-pack-2026,10 g / 0.4 oz,
HYKLYF,Genius Sticker,Sticker,,,,cook,1000,manufacturer,https://www.garagegrowngear.com/products/bottle-genius-sticker-by-hyklyf,Weight: 0.035oz | 1g,
HYKLYF,Pika Bowl,Bowl,,,,cook,7000,manufacturer,https://www.garagegrowngear.com/products/pika-bowl-by-hyklyf,Weight: 0.25oz | 7g,
Igneous,Pot Hopper,Pot stand,,,,cook,4500,manufacturer,https://www.garagegrowngear.com/products/pot-gripper-by-igneous,Weight: 0.16oz | 4.5g,
Igneous,Universal Fuel Stand,Canister stand,,,,cook,7000,manufacturer,https://www.garagegrowngear.com/products/universal-fuel-stand-by-igneous,Weight: 0.25oz | 7g,
Jereko Gear,Dragon's Head Fuel Stand,Canister stand,,,,cook,10000,manufacturer,https://www.garagegrowngear.com/products/dragons-head-fuel-stand-by-jereko-gear,Weight: 0.35oz | 10g,
Jereko Gear,Pot Protector,Pot cozy,Plus,,,cook,24000,manufacturer,https://www.garagegrowngear.com/products/pot-protector-by-jereko-gear,Pot Protector Plus (8oz/16oz): 0.8oz | 24g,
Jereko Gear,Pot Protector,Pot cozy,Regular,size=Regular,,cook,12000,manufacturer,https://www.garagegrowngear.com/products/pot-protector-by-jereko-gear,Pot Protector Regular (4oz): 0.4oz | 12g,
Jetboil,Flash Cooking System,Stove system,1.0L,volume_l=1,,cook,371039,manufacturer,https://jetboil.johnsonoutdoors.com/us/shop/stoves-systems/flash-10l-fast-boil-system,13.088 oz | 371 g (System weight excludes fuel stabilizer),
Jetboil,MicroMo Cooking System,Stove system,0.8L,volume_l=0.8,,cook,340000,manufacturer,https://jetboil.johnsonoutdoors.com/us/shop/stoves-systems/micromo-cooking-system,12 oz | 340 g,
Jetboil,MiniMo Cooking System,Stove system,,,,cook,414130,manufacturer,https://jetboil.johnsonoutdoors.com/us/shop/stoves-systems/minimo-cooking-system/mnmcb,14.608 oz | 415 g (excludes fuel stabilizer),
Jetboil,Stash Cooking System,Stove system,0.8L,volume_l=0.8,,cook,201282,manufacturer,https://jetboil.johnsonoutdoors.com/us/shop/stoves-systems/stash-cooking-system,7.1 oz | 201.282 g,
Jetboil,Zip Fast Boil System,Stove system,0.8L,volume_l=0.8,,cook,324000,manufacturer,https://jetboil.johnsonoutdoors.com/us/shop/stoves-systems/zip-08l-fast-boil-system,Weight: 11.36 oz | 324 g,
JoGo,Brew Straw,Coffee straw,,,,cook,28000,manufacturer,https://www.garagegrowngear.com/products/jogo-brew-straw-for-coffee-and-tea-by-jogo,Straw: 1oz | 28g,
LD Mods,Silicone Handle Pot Modification Kit,Handle grips,,,,cook,4000,manufacturer,https://www.garagegrowngear.com/products/silicone-handle-pot-modification-kit-by-ldmods,Weight: 0.14oz | 4g,
MSR,PocketRocket 2 Stove,Stove,,fuel=isobutane,,cook,73709,manufacturer,https://cascadedesigns.com/products/pocketrocket-2-stove,Minimum Weight 2.6 oz (73 g),
MSR,PocketRocket Deluxe Stove,Stove,,fuel=isobutane,,cook,82214,manufacturer,https://cascadedesigns.com/products/pocketrocket-deluxe-stove,Minimum Weight 2.9 oz (83 g),
MSR,Titan Kettle,Kettle,900ml,volume_l=0.9,,cook,126000,manufacturer,https://cascadedesigns.com/products/titan-kettle-900ml,Weighs a mere 4.4 oz (126 g); titanium is half the weight of steel and twice the strength of aluminum.,
MSR,Titan Long Spoon,Spoon,,,,cook,19845,manufacturer,https://cascadedesigns.com/products/titan-long-spoon,Weight 0.7 oz (0.02 kg). Ultralight titanium long-handled utensil (a.k.a. MSR Titan Spoon).,
MSR,WhisperLite International Stove,Stove,,fuel=white gas,,cook,318000,manufacturer,https://cascadedesigns.com/products/whisperlite-international-stove,Minimum Weight 11.2 oz (318 g),
MSR,WindBurner Personal Stove System,Stove system,,,,cook,433000,manufacturer,https://cascadedesigns.com/products/windburner-personal-stove-system,Minimum Weight 15.3 oz (433 g),
One Bottle Hydration,Insulating Tube Cover,Tube insulator,,,,cook,14000,manufacturer,https://www.garagegrowngear.com/products/insulating-tube-cover-by-one-bottle-hydration,Weight: 0.5oz | 14g,
Pika Outdoors,Pika Lid,Pot lid,,,,cook,27000,manufacturer,https://www.garagegrowngear.com/products/pika-lid-by-pika-outdoors,Weight: 0.97oz | 27g,
QiWiz UL Gear,Adjustable Titanium Windscreen,Windscreen,,,,cook,30500,manufacturer,https://www.garagegrowngear.com/products/titanium-windscreen-by-qiwiz-ul-gear,Weight: 1.1oz | 30.5g,
Sawyer,Cleaning Coupling,Cleaning coupling,,,,cook,5700,manufacturer,https://www.garagegrowngear.com/products/cleaning-coupling-by-sawyer,Weight: 0.2oz | 5.7g,
Sea to Summit,Alpha Light Spoon,Spoon,,,,cook,9000,manufacturer,https://goinggear.com/products/sea-to-summit-alpha-light-aluminum-spoon,Alpha Light Spoon: 0.3 oz / 9 g,
Sea to Summit,Camp Cutlery Spoon,Spoon,,,,cook,12000,manufacturer,https://seatosummit.com/products/camp-spoon,Weight: 12 g / 0.4 oz; Material: Polypropylene with 30% glass fibre; 18.5 cm,
Sea to Summit,Frontier UL Collapsible Cup,Cup,400ml,volume_l=0.4,,cook,53000,manufacturer,https://seatosummit.com/products/frontier-collapsible-cup,"Frontier Ultralight Collapsible Cup — 53g (1.9 oz), 400ml",
Sea to Summit,Frontier Ultralight Collapsible Bowl,Bowl,Large,size=L,,cook,82000,manufacturer,https://www.garagegrowngear.com/products/frontier-ultralight-collapsible-bowl-by-sea-to-summit,Large: 2.9oz | 82g,
Sea to Summit,Frontier Ultralight Collapsible Bowl,Bowl,Medium,size=M,,cook,62000,manufacturer,https://www.garagegrowngear.com/products/frontier-ultralight-collapsible-bowl-by-sea-to-summit,Medium: 2.2oz | 62g,
Sea to Summit,X-Mug,Mug,,,,cook,70874,manufacturer,https://seatosummit.com/products/x-mug-16oz-with-cool-grip-used,2.5 oz | 72 g,
SilverAnt,Titanium 3 Piece Cookset,Cookset,,,,cook,312000,manufacturer,https://www.garagegrowngear.com/products/titanium-3-piece-cookset-by-silverant,Weight: 11oz | 312g (total including pot stuff sack),
SilverAnt,Titanium 3 Piece Cutlery Set,Utensils,,,,cook,43000,manufacturer,https://www.garagegrowngear.com/products/titanium-3-piece-cutlery-set-knife-fork-and-spoon-by-silverant,Cutlery: 1.5oz | 43g,
SilverAnt,Titanium Funnel,Funnel,,,,cook,6000,manufacturer,https://www.garagegrowngear.com/products/titanium-funnel-by-silverant,Weight: 0.22oz | 6g,
Snow Peak,3 Piece Titanium Cookset,Cookset,,,,cook,200000,manufacturer,https://www.snowpeak.com/products/3-piece-titanium-cookset,7.1 oz (200 g),
Snow Peak,GigaPower Lantern Auto,Lantern,,,,cook,128000,manufacturer,https://www.snowpeak.com/products/gigapower-lantern-auto-gl-100a,Weight 4.5 oz (128 g),
Snow Peak,GigaPower Stove,Stove,Manual,,fuel,cook,75000,manufacturer,https://www.snowpeak.com/products/giga-power-stove-manual-renewed2,2.64 oz (75 g),
Snow Peak,GigaPower Stove 2.0,Stove,Auto,,fuel,cook,120000,manufacturer,https://www.snowpeak.com/products/gigapower-stove-2-0-auto,4.23 oz (120 g),
Snow Peak,Hot Lips 2 Piece Set,Lip guards,,,,cook,8000,manufacturer,https://www.garagegrowngear.com/products/hotlips-2-piece-set-by-snow-peak,Weight: 0.3oz | 8g (each),
Snow Peak,Kettle No.1,Kettle,,,,cook,290000,manufacturer,https://www.snowpeak.com/products/kettle-no-1-cs-068,10.2 oz (290 g),
Snow Peak,LiteMax Titanium Stove,Stove,,,fuel,cook,53864,manufacturer,https://www.snowpeak.com/products/litemax-titanium-stove,Weight: 1.9 oz (56 g),
Snow Peak,Ti-Double 450 Mug,Mug,,,,cook,104000,manufacturer,https://www.snowpeak.com/products/titanium-double-450-mug,Weight: 3.6 oz (104 g),
Snow Peak,Ti-Mini Solo Combo 2.0,Cookset,,,,cook,190000,manufacturer,https://www.snowpeak.com/products/ti-mini-solo-combo-scs-004t,6.7 oz (190 g),
Snow Peak,Ti-Single 450 Anodized Cup,Cup,,volume_l=0.45,,cook,70000,manufacturer,https://www.garagegrowngear.com/products/ti-single-450-anodized-cup-by-snow-peak,Weight: 2.4oz | 70g,
Snow Peak,Ti-Single 450 Cup,Cup,,volume_l=0.45,,cook,70000,manufacturer,https://www.snowpeak.com/products/titanium-single-450-cup-mg-043,2.4 oz (70 g),
Snow Peak,Ti-Single 600 Cup,Cup,,volume_l=0.6,,cook,88000,manufacturer,https://www.snowpeak.com/products/titanium-single-600-wall-cup-mg-044,2.8 oz (88 g),
Snow Peak,Titanium Chopsticks,Chopsticks,,,,cook,22000,manufacturer,https://www.snowpeak.com/products/titanium-chopsticks,Weight 0.77 oz (22 g),
Snow Peak,Titanium French Press,French press,,,,cook,200000,manufacturer,https://www.garagegrowngear.com/products/titanium-french-press-by-snow-peak,Weight: 6.3oz | 200g,
Snow Peak,Titanium Spork,Spork,,,,cook,16000,manufacturer,https://www.garagegrowngear.com/products/titanium-spork-by-snow-peak,Weight: 0.6oz | 16g,
Snow Peak,Titanium Trek Combo,Cookset,,,,cook,370000,manufacturer,https://www.snowpeak.com/products/trek-combo-titanium-scs-010t,13 oz ( 370 g),
Snow Peak,Trek 1400 Titanium,Pot,1400ml,volume_l=1.4,,cook,210000,manufacturer,https://www.snowpeak.com/products/trek-1400-titanium-cookset,7.4 oz (210 g),
Snow Peak,Trek 700 Titanium,Pot,700ml,volume_l=0.7,,cook,136078,manufacturer,https://www.snowpeak.com/products/trek-700-titanium,Weight: 4.8 oz (136 g),
Snow Peak,Trek 900 Titanium Cookset,Cookset,,,,cook,175000,manufacturer,https://www.garagegrowngear.com/products/trek-900-titanium-cookset-by-snow-peak,Weight: 6.2oz | 175g,
SOL,All-Weather Matches,Matches,,,,cook,90700,manufacturer,https://www.garagegrowngear.com/products/all-weather-matches-by-sol,Weight: 3.2oz | 90.7g,
Soto,Amicus Stove with Igniter,Stove,,fuel=isobutane,,cook,82214,manufacturer,https://sotooutdoors.com/product/amicus-stove-with-igniter/,Weight: 2.9 oz (81g),
Soto,Butane Gas Filling Adaptor,Fuel transfer valve,,,,cook,25000,manufacturer,https://sotooutdoors.com/product/fill-adapter/,Weight: 25 g (.88 oz),
Soto,Helix Coffee Maker,Coffee maker,,,,cook,51000,manufacturer,https://www.garagegrowngear.com/products/copy-of-micro-lifter-by-soto-outdoors,Coffee maker: 1.8oz | 51g,
Soto,Micro Lifter,Pot lifter,,,,cook,13000,manufacturer,https://www.garagegrowngear.com/products/micro-lifter-by-soto-outdoors,Weight: 0.5oz | 13g,
Soto,Pocket Torch with Refillable Lighter,Lighter,,,,cook,51000,manufacturer,https://www.garagegrowngear.com/products/pocket-torch-with-refillable-lighter-by-soto-outdoors,Weight: 1.8oz | 51g (without disposable lighter),
Soto,Pocket Torch XT,Lighter,,,,cook,51000,manufacturer,https://www.garagegrowngear.com/products/pocket-torch-xt-extended-by-soto-outdoors,Weight: 1.8oz | 51g,
Soto,ThermoLite Cook Set,Cookset,,,,cook,161000,manufacturer,https://www.garagegrowngear.com/products/thermolite-cook-set-by-soto-outdoors,Weight: 5.7oz | 161g (total),
Soto,Titanium Pot 1100ml,Pot,,volume_l=1.1,,cook,110000,manufacturer,https://www.garagegrowngear.com/products/titanium-pot-1100ml-by-soto-outdoors,"Weight: 3.9oz | 110g (pot, lid, pot lifter)",
Soto,Titanium Pot 750ml,Pot,,volume_l=0.75,,cook,90000,manufacturer,https://www.garagegrowngear.com/products/titanium-pot-750ml-by-soto-outdoors,"Weight: 3.2oz | 90g (pot, lid, pot lifter)",
Soto,Ultralight Mug Lid,Mug lid,,,,cook,17000,manufacturer,https://www.garagegrowngear.com/products/ultralight-mug-lid-by-soto-outdoors,Weight: 0.6oz | 17g,
Soto,WindMaster Stove,Stove,with 4Flex,fuel=isobutane,,cook,85049,manufacturer,https://sotooutdoors.com/product/windmaster-stove-with-4flex/,3.0. oz.(87g) with the 4Flex pot support; 2.3 oz.(67g) with the optional TriFlex pot support; 2.12 oz. (60g) with no pot support,
Soto,WindMaster Stove,Stove,with TriFlex,fuel=isobutane,,cook,65204,manufacturer,https://sotooutdoors.com/product/windmaster-stove-with-4flex/,3.0. oz.(87g) with the 4Flex pot support; 2.3 oz.(67g) with the optional TriFlex pot support; 2.12 oz. (60g) with no pot support,
Suluk 46,Miksa Pot Lifter,Pot lifter,"Aluminum, Large",size=L,,cook,11000,manufacturer,https://www.garagegrowngear.com/products/miksa-pot-lifter-by-suluk-46,Large: 0.39oz | 11g,
Suluk 46,Miksa Pot Lifter,Pot lifter,"Aluminum, Small",size=S,,cook,4900,manufacturer,https://www.garagegrowngear.com/products/miksa-pot-lifter-by-suluk-46,Aluminum: 0.18oz | 4.9g,
Suluk 46,Miksa Pot Lifter,Pot lifter,"Carbon, Small",size=S,,cook,3200,manufacturer,https://www.garagegrowngear.com/products/miksa-pot-lifter-by-suluk-46,Carbon: 0.11oz | 3.2g,
Suluk 46,Miksa Pot Lifter,Pot lifter,"Carbon, X-Large",size=XL,,cook,19000,manufacturer,https://www.garagegrowngear.com/products/miksa-pot-lifter-by-suluk-46,X-Large Carbon: 0.66oz | 19g,
Toaks,Alcohol Stove Combo Set,Stove,,fuel=alcohol,,cook,151000,manufacturer,https://www.garagegrowngear.com/products/alcohol-stove-windscreen-stand-pot-750-combo-by-toaks,Weight: 5.3oz | 151g (total),
Toaks,Pot Cozy,Pot cozy,Large,size=L,,cook,27000,manufacturer,https://www.garagegrowngear.com/products/pot-pocket-by-toaks,Large: 0.9oz | 27g,
Toaks,Pot Cozy,Pot cozy,Medium,size=M,,cook,20000,manufacturer,https://www.garagegrowngear.com/products/pot-pocket-by-toaks,Medium: 0.7oz | 20g,
Toaks,Stove Frame,Pot stand,,,,cook,23000,manufacturer,https://www.garagegrowngear.com/products/stove-frame-by-toaks,Weight: 0.8oz | 23g,
Toaks,Titanium 1100ml Pot,Pot,,volume_l=1.1,,cook,124738,manufacturer,https://www.toaksoutdoor.com/products/pot-1100,Pot only: 3.5 oz; Pot with lid: 4.4 oz (125g) (POT-1100),
Toaks,Titanium 1300ml Pot,Pot,,volume_l=1.3,,cook,130000,manufacturer,https://www.garagegrowngear.com/products/titanium-1300ml-pot-by-toaks,Pot with Lid: 4.6oz | 130g,
Toaks,Titanium 1350ml Pot,Pot,,volume_l=1.35,,cook,147000,manufacturer,https://www.garagegrowngear.com/products/titanium-1350ml-pot-by-toaks,Pot with Lid: 5.2oz | 147g,
Toaks,Titanium 1600ml Pot,Pot,,volume_l=1.6,,cook,196000,manufacturer,https://www.garagegrowngear.com/products/titanium-1600ml-pot-by-toaks,Pot with Lid: 6.9oz | 196g,
Toaks,Titanium 375ml Cup,Cup,,volume_l=0.375,,cook,62000,manufacturer,https://www.garagegrowngear.com/products/titanium-375ml-cup-by-toaks,Weight: 2.2oz | 62g,
Toaks,Titanium 450ml Cup,Cup,,volume_l=0.45,,cook,76000,manufacturer,https://www.toaksoutdoor.com/products/cup-450,Weight: 2.7 oz (76 g),
Toaks,Titanium 550ml Pot,Pot,Ultralight,volume_l=0.55,,cook,73709,manufacturer,https://www.toaksoutdoor.com/products/pot-550-l,"Weight: 2.6 oz (72g), 2.1 oz (60g) without lid (SKU: CUP-550-L)",
Toaks,Titanium 650ml Pot,Pot,Light,volume_l=0.65,,cook,79379,manufacturer,https://www.toaksoutdoor.com/products/pot-650-l,2.8 oz (80g); 2.1 oz (70g) without lid (CUP-650-L),
Toaks,Titanium 700ml Pot,Pot,Ultralight,volume_l=0.7,,cook,91000,manufacturer,https://www.garagegrowngear.com/products/titanium-700ml-pot-by-toaks,Pot with Lid: 3.2oz | 91g,
Toaks,Titanium 750ml Pot,Pot,,volume_l=0.75,,cook,102058,manufacturer,https://www.toaksoutdoor.com/products/pot-750,"Pot only: 3oz (86g), Pot with lid: 3.6oz (103g) (POT-750)",
Toaks,Titanium 900ml D115mm Pot,Pot,,volume_l=0.9,,cook,116233,manufacturer,https://www.toaksoutdoor.com/products/pot-900-d115,Pot with Lid: 4.1 oz (116g); Pot only: 3.2 oz (92g) (POT-900-D115),
Toaks,Titanium 900ml D130mm Pot,Pot,,volume_l=0.9,,cook,105000,manufacturer,https://www.garagegrowngear.com/products/titanium-900ml-d130mm-pot-by-toaks,Pot with Lid: 3.7oz | 105g,
Toaks,Titanium Backpacking Wood Burning Stove,Stove,"Small, STV-12",size=S; fuel=wood,,cook,151000,manufacturer,https://www.garagegrowngear.com/products/titanium-backpacking-wood-burning-stove-small-by-toaks,Weight: 5.4oz | 151g,
Toaks,Titanium Backpacking Wood Burning Stove,Stove,STV-11,fuel=wood,,cook,225000,manufacturer,https://www.garagegrowngear.com/products/titanium-backpacking-wood-burning-stove-by-toaks,Weight: 7.9oz | 225g,
Toaks,Titanium Folding Fork,Fork,,,,cook,14000,manufacturer,https://www.garagegrowngear.com/products/titanium-folding-fork-by-toaks,Weight: 0.5oz | 14g,
Toaks,Titanium Folding Spoon,Spoon,,,,cook,18000,manufacturer,https://www.garagegrowngear.com/products/titanium-folding-spoon-by-toaks,Weight: 0.6oz | 18g,
Toaks,Titanium Folding Spork,Spork,,,,cook,18000,manufacturer,https://www.garagegrowngear.com/products/titanium-folding-spork-by-toaks,Weight: 0.6oz | 18g,
Toaks,Titanium Frying Pan,Frying pan,D115mm,,,cook,45000,manufacturer,https://www.garagegrowngear.com/products/titanium-frying-pan-by-toaks,D115mm Pan:1.6oz | 45g,
Toaks,Titanium Frying Pan,Frying pan,D130mm,,,cook,60000,manufacturer,https://www.garagegrowngear.com/products/titanium-frying-pan-by-toaks,D130mm Pan: 2.1oz | 60g,
Toaks,Titanium Frying Pan,Frying pan,D145mm,,,cook,71000,manufacturer,https://www.garagegrowngear.com/products/titanium-frying-pan-by-toaks,D145mm Pan: 2.5oz | 71g,
Toaks,Titanium Long Handle Spoon,Spoon,,,,cook,18427,manufacturer,https://www.toaksoutdoor.com/products/slv-03,0.65 oz (19 g) (SLV-03),
Toaks,Titanium Long Handle Spork with Polished Bowl,Spork,,,,cook,19000,manufacturer,https://www.garagegrowngear.com/products/titanium-long-handle-spork-with-polished-bowl-by-toaks,Weight: 0.65oz | 19g,
Toaks,Titanium Plate,Plate,,,,cook,65000,manufacturer,https://www.garagegrowngear.com/products/titanium-plate-by-toaks,Weight: 2.1oz | 65g,
Toaks,Titanium Siphon Alcohol Stove,Stove,,fuel=alcohol,,cook,20000,manufacturer,https://www.garagegrowngear.com/products/titanium-siphon-alcohol-stove-by-toaks,Weight: 0.7oz | 20g,
Toaks,Titanium Windscreen,Windscreen,,,,cook,14000,manufacturer,https://www.garagegrowngear.com/products/titanium-windscreen-by-toaks,Weight: 0.5oz | 14g,
Toaks,TITONGS Set,Tongs,,,,cook,34000,manufacturer,https://www.garagegrowngear.com/products/titongs-set-by-toaks,Weight: 1.2oz | 34g,
Trangia,Spirit Burner,Stove,,fuel=alcohol,,cook,110000,manufacturer,https://trangia.se/en/support/guides/all-about-our-burners/guide-spirit-burner/,Weight (g) 110,
Trangia,Stove 27-2 UL,Stove,27-2 UL with kettle,fuel=alcohol,,cook,825000,manufacturer,https://trangia.se/en/shop/trangia-stove-27-2-ul/,Weight (g): 825,
Uline,Flip-Top Squeeze Bottle,Squeeze bottle,1oz,volume_l=0.03,,cook,9000,manufacturer,https://www.garagegrowngear.com/products/squeeze-bottles-by-uline,1oz: 0.3oz | 9g,
Uline,Flip-Top Squeeze Bottle,Squeeze bottle,2oz,volume_l=0.059,,cook,17000,manufacturer,https://www.garagegrowngear.com/products/squeeze-bottles-by-uline,2oz: 0.6oz | 17g,
Uline,Mini Jar,Jar,0.5oz,volume_l=0.015,,cook,6000,manufacturer,https://www.garagegrowngear.com/products/mini-jars-by-uline,0.5oz: 0.2oz | 6g,
Uline,Mini Jar,Jar,16oz,volume_l=0.473,,cook,47000,manufacturer,https://www.garagegrowngear.com/products/mini-jars-by-uline,16oz: 1.65oz | 47g,
Uline,Mini Jar,Jar,2oz,volume_l=0.059,,cook,14000,manufacturer,https://www.garagegrowngear.com/products/mini-jars-by-uline,2oz: 0.5oz | 14g,
Uline,Mini Jar,Jar,4oz,volume_l=0.118,,cook,20000,manufacturer,https://www.garagegrowngear.com/products/mini-jars-by-uline,4oz: 0.7oz | 20g,
Uline,Mini Jar,Jar,8oz,volume_l=0.237,,cook,37000,manufacturer,https://www.garagegrowngear.com/products/mini-jars-by-uline,8oz: 1.3oz | 37g,
Vargo,Alcohol Fuel Bottle,Fuel bottle,,,,cook,28000,manufacturer,https://www.garagegrowngear.com/products/alcohol-fuel-bottle-by-vargo-outdoors,Weight: 1oz | 28g,
Vargo,Aluminum Windscreen,Windscreen,,,,cook,37000,manufacturer,https://www.garagegrowngear.com/products/aluminum-windscreen-by-vargo-outdoors,Weight: 1.3oz | 37g,
Vargo,BOT 1L,Pot,,volume_l=1,,cook,147000,manufacturer,https://www.garagegrowngear.com/products/bot-1l-by-vargo-outdoors,Weight: 5.2oz | 147g,
Vargo,BOT 700,Pot,700ml,volume_l=0.7,,cook,136078,manufacturer,https://vargooutdoors.com/products/bot-700,Weight: 4.8 ounces (138 grams),
Vargo,BOT HD,Pot,,volume_l=1,,cook,156000,manufacturer,https://www.garagegrowngear.com/products/bot-hd-by-vargo-outdoors,Weight: 5.5oz | 156g,
Vargo,BOT XL,Pot,,volume_l=1.1,,cook,156000,manufacturer,https://www.garagegrowngear.com/products/bot-xl-by-vargo-outdoors,Weight: 5.5oz | 156g,
Vargo,Hexagon Stove Baseplate,Stove base,,,,cook,43000,manufacturer,https://www.garagegrowngear.com/products/hexagon-stove-baseplate-by-vargo-outdoors,Weight: 1.5oz | 43g,
Vargo,Titanium Chopsticks,Chopsticks,,,,cook,20000,manufacturer,https://www.garagegrowngear.com/products/titanium-chopstix-by-vargo-outdoors,Chopsticks: 0.7oz | 20g,
Vargo,Titanium Converter Stove,Stove,,,fuel,cook,37000,manufacturer,https://www.garagegrowngear.com/products/hexagon-wood-stove-by-vargo-outdoors,Weight: 1.3oz | 37g,
Vargo,Titanium Fork-N-Spoon,Utensils,,,,cook,23000,manufacturer,https://www.garagegrowngear.com/products/titanium-fork-n-spoon-by-vargo-outdoors,Weight: 0.8oz | 23g,
Vargo,Titanium Hexagon Wood Stove,Stove,,fuel=wood,,cook,116000,manufacturer,https://www.garagegrowngear.com/products/titanium-hexagon-wood-stove-by-vargo-outdoors,Weight: 4.1oz | 116g,
Vargo,Titanium Long-Handle Spoon,Spoon,,,,cook,14000,manufacturer,https://www.garagegrowngear.com/products/titanium-long-handle-spoon-by-vargo-outdoors,Weight: 0.5oz | 14g,
Vargo,Titanium Sierra Cup 300ml,Cup,,volume_l=0.3,,cook,43000,manufacturer,https://www.garagegrowngear.com/products/titanium-sierra-cup-300ml-by-vargo-outdoors,Cup: 1.5oz | 43g,
Vargo,Titanium Sierra Cup 450ml,Cup,,volume_l=0.45,,cook,55000,manufacturer,https://www.garagegrowngear.com/products/titanium-sierra-cup-450ml-by-vargo-outdoors,Cup: 1.95oz | 55g,
Vargo,Titanium Spork ULV,Spork,,,,cook,11000,manufacturer,https://www.garagegrowngear.com/products/titanium-spork-by-vargo-outdoors,Weight: 0.38oz | 11g,
Vargo,Titanium Travel Coffee Filter,Coffee filter,,,,cook,36000,manufacturer,https://www.garagegrowngear.com/products/titanium-travel-coffee-filter-by-vargo-outdoors,Filter: 1.27oz | 36g,
Vargo,Titanium Triad Multi-Fuel Stove,Stove,,fuel=alcohol,,cook,30000,manufacturer,https://www.garagegrowngear.com/products/triad-multi-fuel-stove,Weight: 1oz | 30g,
Zpacks,Titanium Trail Spoon,Spoon,,,,cook,11100,manufacturer,https://zpacks.com/products/zpacks-titanium-trail-spoon,Weight 0.39 oz / 11.1 g,
Aquamira,Water Treatment Drops,Water treatment,1oz,volume_l=0.03,,water,85049,measured,https://www.cleverhiker.com/backpacking/aquamira-water-purification-drops-review/,Weight: 3 oz.,
Aquatabs,Water Purification Tablets,Water treatment,sleeve of 10,,,water,2000,manufacturer,https://www.garagegrowngear.com/products/aqua-tabs,Weight: 0.07oz | 2g per sleeve of 10,
Black Diamond,Distance Flask,Soft flask,500ml,volume_l=0.5,,water,42000,manufacturer,https://blackdiamondequipment.com/products/distance-flask-500-ml,Weight: 42 g,
CamelBak,Chute Mag Bottle,Water bottle,1L Tritan,volume_l=1,,water,192777,measured,https://www.packhacker.com/travel-gear/camelbak/chute-mag-1l-bottle/,6.8 oz (192.8 g),
CamelBak,Crux Reservoir,Water reservoir,3L,volume_l=3,,water,235000,manufacturer,https://www.excelsports.com/camelbak-crux-3l-reservoir,235 grams,
CNOC,Hydriam Collapsible Flask,Soft flask,"500ml, 28mm",volume_l=0.5,,water,25500,manufacturer,https://www.garagegrowngear.com/products/500ml-hydriam-collapsible-flask-by-cnoc-outdoors,28mm: 0.9oz | 25.5g,
CNOC,Hydriam Collapsible Flask,Soft flask,"500ml, 42mm",volume_l=0.5,,water,31000,manufacturer,https://www.garagegrowngear.com/products/500ml-hydriam-collapsible-flask-by-cnoc-outdoors,42mm: 1.1oz | 31g,
CNOC,Hydriam Collapsible Flask,Soft flask,"750ml, 28mm",volume_l=0.75,,water,28000,manufacturer,https://www.garagegrowngear.com/products/750ml-hydriam-collapsible-flask-by-cnoc-outdoors,28mm: 1oz | 28g,
CNOC,Hydriam Collapsible Flask,Soft flask,"750ml, 42mm",volume_l=0.75,,water,36000,manufacturer,https://www.garagegrowngear.com/products/750ml-hydriam-collapsible-flask-by-cnoc-outdoors,42mm: 1.25oz | 36g,
CNOC,QuickConnect Cap,Bottle cap,28mm,,,water,25500,manufacturer,https://www.garagegrowngear.com/products/quickcap-by-cnoc-outdoors,28mm: 0.9oz | 25.5g,
CNOC,QuickConnect Cap,Bottle cap,42mm,,,water,31000,manufacturer,https://www.garagegrowngear.com/products/quickcap-by-cnoc-outdoors,42mm: 1.1oz | 31g,
CNOC,QuickHose 40,Hose,,,,water,61000,manufacturer,https://www.garagegrowngear.com/products/quickstraw-40-by-cnoc-outdoors,Weight: 1.9oz | 61g,
CNOC,QuickStraw,Straw,2in,length=2in,,water,15700,manufacturer,https://www.garagegrowngear.com/products/quickstraw-by-cnoc-outdoors,"2"": 0.55oz | 15.7g",
CNOC,QuickStraw,Straw,4in,length=4in,,water,18000,manufacturer,https://www.garagegrowngear.com/products/quickstraw-by-cnoc-outdoors,"4"": 0.63oz | 18g",
CNOC,QuickStraw,Straw,6in,length=6in,,water,19700,manufacturer,https://www.garagegrowngear.com/products/quickstraw-by-cnoc-outdoors,"6"": 0.69oz | 19.7g",
CNOC,ThruBottle,Water bottle,1000,volume_l=1,,water,63000,manufacturer,https://www.garagegrowngear.com/products/thrubottle-by-cnoc-outdoors,ThruBottle 1000: 2.2oz | 63g,
CNOC,ThruBottle,Water bottle,V1,volume_l=1,,water,90000,manufacturer,https://www.garagegrowngear.com/products/thrubottle-by-cnoc-outdoors,ThruBottle V1: 3.18oz | 90g,
CNOC,Vecto Water Container,Water reservoir,"2L, 28mm",volume_l=2,,water,76000,manufacturer,https://www.sixmoondesigns.com/products/vecto-2l-water-container-28mm,Weight: 76 g / 2.6 oz,
CNOC,Vecto Water Container,Water reservoir,"3L, 28mm",volume_l=3,,water,84000,manufacturer,https://www.sixmoondesigns.com/products/vecto-3l-water-container-28mm,Weight: 84 g / 2.9 oz,
CNOC,VectoX Water Container,Water reservoir,2L,volume_l=2,,water,92000,manufacturer,https://www.garagegrowngear.com/products/2l-vectox-water-container-by-cnoc-outdoors,Weight: 3.25oz | 92g,
CNOC,VectoX Water Container,Water reservoir,3L,volume_l=3,,water,105000,manufacturer,https://www.garagegrowngear.com/products/3l-vectox-water-container-by-cnoc-outdoors,Weight: 3.7oz | 105g,
CNOC,Vesica Collapsible Water Bottle,Water bottle,1L,volume_l=1,,water,60000,manufacturer,https://www.garagegrowngear.com/products/vesica-water-bottle-1l-by-cnoc,Weight: 2.11oz | 60g,
Garage Grown Gear,Plastic Water Bottle,Water bottle,16oz,volume_l=0.473,,water,34000,manufacturer,https://www.garagegrowngear.com/products/standard-cap-squeeze-bottles,16oz: 1.2oz | 34g,
Garage Grown Gear,Plastic Water Bottle,Water bottle,32oz,volume_l=0.946,,water,57000,manufacturer,https://www.garagegrowngear.com/products/standard-cap-squeeze-bottles,32oz: 2oz | 57g,
Garage Grown Gear,Water Bottle Sport Cap,Bottle cap,,,,water,5000,manufacturer,https://www.garagegrowngear.com/products/water-bottle-sport-caps,Weight: 0.1oz | 5g,
Glaceau,Smartwater Bottle,Water bottle,1L,volume_l=1,,water,39689,measured,https://www.adventurealan.com/hard-ultralight-water-bottles/,Smartwater 1L bottle weighs 1.4 oz,
Gnuhr,Nalgene 16oz,Water bottle,,volume_l=0.473,,water,92000,manufacturer,https://www.gnuhr.com/products/gnuhr-nalgene-16oz,Weight: 3.25 oz (92 g),
Gnuhr,OEM Soft Flask 500 ml,Soft flask,500ml,volume_l=0.5,,water,32000,manufacturer,https://www.gnuhr.com/products/oem-r-soft-flask-500-ml,weight is ~32g,
Grayl,GeoPress Purifier Bottle,Water filter,24 fl oz,volume_l=0.71,,water,450757,manufacturer,https://grayl.com/pages/geopress-tech-specs,15.9 oz (450 g),
Grayl,GeoPress Ti,Water filter,24 fl oz,volume_l=0.71,,water,570000,manufacturer,https://grayl.com/products/24oz-geopress-ti-purifier-black-edition,Weight: 20.125 oz (570 g),
Grayl,UltraPress Purifier Bottle,Water filter,16.9 fl oz,volume_l=0.5,,water,309010,manufacturer,https://grayl.com/pages/ul-specs,10.9 oz (309 g),
HydraPak,28mm Filter Kit,Water filter,filter only,,,water,47000,manufacturer,https://www.hydrapak.com/products/28mm-inline-filter,47 g / 1.6 oz (filter only),
HydraPak,42mm Filter Cap,Filter cap,,,,water,57000,manufacturer,https://www.hydrapak.com/products/42mm-filter-cap,57 G / 2.0 oz,
HydraPak,ArcticFusion Tube,Hose,,,,water,99000,manufacturer,https://www.hydrapak.com/products/arcticfusion%E2%84%A2-tube,99 g / 3.5 oz,
HydraPak,Camp Tap,Bottle cap,,,,water,29000,manufacturer,https://www.hydrapak.com/products/camp-tap,29 g / 1 oz,
HydraPak,Contour Lumbar Reservoir,Water reservoir,1.5L,volume_l=1.5,,water,128000,manufacturer,https://www.hydrapak.com/products/contour%E2%84%A2-lumbar-1-5l,128 g / 4.5 oz,
HydraPak,Contour Reservoir,Water reservoir,2L,volume_l=2,,water,142000,manufacturer,https://www.hydrapak.com/products/contour%E2%84%A2-2l-reservoir,142 g / 5 oz,
HydraPak,Contour Reservoir,Water reservoir,3L,volume_l=3,,water,155000,manufacturer,https://www.hydrapak.com/products/contour%E2%84%A2-3l-reservoir,155 g / 5.5 oz,
HydraPak,Expedition Water Bag,Water reservoir,8L,volume_l=8,,water,257000,manufacturer,https://www.hydrapak.com/products/expedition-8-liter,257 g / 9 oz,
HydraPak,Flux Collapsible Bottle,Water bottle,1.5L,volume_l=1.5,,water,122000,manufacturer,https://www.hydrapak.com/products/flux%E2%84%A2-1-5l,122 g / 4.3 oz,
HydraPak,Flux Collapsible Bottle,Water bottle,1L,volume_l=1,,water,102000,manufacturer,https://www.hydrapak.com/products/flux%E2%84%A2-1l,102 g / 3.6 oz,
HydraPak,Flux Collapsible Bottle,Water bottle,750ml,volume_l=0.75,,water,92000,manufacturer,https://www.hydrapak.com/products/flux%E2%84%A2-750ml-2025,92 g / 3.2 oz,
HydraPak,Flux+ Collapsible Bottle,Water filter,1.5L,volume_l=1.5,,water,143000,manufacturer,https://www.hydrapak.com/products/flux-1-5l-filter,143 g / 5.0 oz,
HydraPak,Force DSL Reservoir,Water reservoir,3L,volume_l=3,,water,183000,manufacturer,https://www.hydrapak.com/products/force%E2%84%A2-dsl-3l,183 g / 6.5 oz,
HydraPak,Force Reservoir,Water reservoir,2L,volume_l=2,,water,165000,manufacturer,https://www.hydrapak.com/products/force%E2%84%A2-2-l,165 g / 5.8 oz,
HydraPak,Force Reservoir,Water reservoir,3L,volume_l=3,,water,178000,manufacturer,https://www.hydrapak.com/products/force%E2%84%A2-3-l,178 g / 6.3 oz,
HydraPak,FuelFlask,Soft flask,150ml,volume_l=0.15,,water,21000,manufacturer,https://www.hydrapak.com/products/fuelflask-150ml-2-pack,21 g / 0.7 oz,
HydraPak,FuelFlask,Soft flask,250ml,volume_l=0.25,,water,24000,manufacturer,https://www.hydrapak.com/products/fuelflask%E2%84%A2-250ml-2-pack,24 g / 0.9 oz,
HydraPak,HydraFlex Tube,Hose,,,,water,51000,manufacturer,https://www.hydrapak.com/products/hydraflex%E2%84%A2-tube,51 g / 1.8 oz,
HydraPak,HydraFusion Tube,Hose,,,,water,66000,manufacturer,https://www.hydrapak.com/products/hydrafusion%E2%84%A2-tube,66 g / 2.3 oz,
HydraPak,HydraSleeve Reservoir,Water reservoir,3L,volume_l=3,,water,308000,manufacturer,https://www.hydrapak.com/products/hydrasleeve-reservoir,308 g / 10.8 oz,
HydraPak,Mountain Stow Collapsible Bottle,Water bottle,350ml,volume_l=0.35,,water,34900,manufacturer,https://www.trailrunnerstore.com/products/hydrapak-stow%E2%84%A2-350ml-mountains-limited-edition,WEIGHT 34.9 g / 1.2 oz,
HydraPak,Mountain Stow Collapsible Bottle,Water bottle,500ml,volume_l=0.5,,water,45000,manufacturer,https://www.hydrapak.com/products/mountain-stow%E2%84%A2-500ml,45 g / 1.6 oz,
HydraPak,PackFlask,Soft flask,500ml,volume_l=0.5,,water,79000,manufacturer,https://www.hydrapak.com/products/packflask%E2%84%A2-500ml,79 g / 2.8 oz,
HydraPak,PackFlask,Soft flask,750ml,volume_l=0.75,,water,93000,manufacturer,https://www.hydrapak.com/products/packflask%E2%84%A2-750ml,93 g / 3.3 oz,
HydraPak,PackFlask+,Water filter,750ml,volume_l=0.75,,water,116000,manufacturer,https://www.hydrapak.com/products/packflask-%E2%84%A2-750ml,116 g / 4.1 oz,
HydraPak,Pioneer Water Bag,Water reservoir,10L,volume_l=10,,water,360000,manufacturer,https://www.hydrapak.com/products/pioneer-10l,360 g / 12.7 oz,
HydraPak,Pioneer Water Bag,Water reservoir,6L,volume_l=6,,water,310000,manufacturer,https://www.hydrapak.com/products/pioneer-6l,310 g / 10.9 oz,
HydraPak,PocketFlask,Soft flask,500ml,volume_l=0.5,,water,32000,manufacturer,https://www.hydrapak.com/products/pocketflask%E2%84%A2-500ml,32 g / 1.1 oz,
HydraPak,Recon Clip & Carry Bottle,Water bottle,1L,volume_l=1,,water,172400,manufacturer,https://www.hydrapak.com/products/recon-clip-carry-32oz-1l,172.4 g / 6 oz,
HydraPak,Recon Clip & Carry Bottle,Water bottle,750ml,volume_l=0.75,,water,146400,manufacturer,https://www.hydrapak.com/products/recon%E2%84%A2-clip-carry-25oz-750ml,146.4 g / 5.1 oz,
HydraPak,Seeker Water Bag,Water reservoir,10L,volume_l=10,,water,261000,manufacturer,https://www.hydrapak.com/products/seeker%E2%84%A2-10l,261 g / 9.2 oz,
HydraPak,Seeker Water Bag,Water reservoir,2L,volume_l=2,,water,76000,manufacturer,https://www.hydrapak.com/products/seeker-2-liter-2021,76 g / 2.7 oz,
HydraPak,Seeker Water Bag,Water reservoir,3L,volume_l=3,,water,92000,manufacturer,https://www.hydrapak.com/products/seeker-3-liter-2021,92 g / 3.2 oz,
HydraPak,Seeker Water Bag,Water reservoir,4L,volume_l=4,,water,104000,manufacturer,https://www.hydrapak.com/products/seeker%E2%84%A2-4l-2025,104 g / 3.7 oz,
HydraPak,Seeker Water Bag,Water reservoir,6L,volume_l=6,,water,194000,manufacturer,https://www.valhallatactical.com.au/products/hydrapak-seeker-bottle-6l,Weight: 194 g,
HydraPak,Seeker+ Gravity Filter Kit,Water filter,6L,volume_l=6,,water,524000,manufacturer,https://www.hydrapak.com/products/seeker-%E2%84%A2-6l-gravity-filter-kit,524 g / 18.5 oz,
HydraPak,Seeker+ Water Bag,Water filter,3L,volume_l=3,,water,127000,manufacturer,https://bikepacking.com/gear/hydrapak-seeker-filter-review/,Weight: 127g (4.5 oz),
HydraPak,Seeker+ Water Bag,Water filter,6L,volume_l=6,,water,241000,manufacturer,https://www.hydrapak.com/products/seeker%E2%84%A2-6-l-2,241 g / 8.5 oz,
HydraPak,SkyFlask Made For Hydrogel,Soft flask,350ml,volume_l=0.35,,water,64000,manufacturer,https://www.hydrapak.com/products/hydrapak-skyflask-made-for-hydrogel,64 g / 2.2 oz,
HydraPak,SkyFlask Speed,Soft flask,350ml,volume_l=0.35,,water,59800,manufacturer,https://www.hydrapak.com/products/skyflask%E2%84%A2-speed-350ml,59.8 g / 2.1 oz,
HydraPak,SkyFlask Speed,Soft flask,500ml,volume_l=0.5,,water,64500,manufacturer,https://www.hydrapak.com/products/skyflask%E2%84%A2-speed-500ml-1,64.5 g / 2.3 oz,
HydraPak,SkyFlask Speed IT,Soft flask,500ml,volume_l=0.5,,water,77000,manufacturer,https://www.hydrapak.com/products/skyflask%E2%84%A2-speed-it-500ml,77 g / 2.7 oz,
HydraPak,SoftFlask,Soft flask,150ml,volume_l=0.15,,water,19000,manufacturer,https://www.hydrapak.com/products/softflask%E2%84%A2-150ml-2-pack,19 g / 0.7 oz,
HydraPak,SoftFlask,Soft flask,250ml,volume_l=0.25,,water,27000,manufacturer,https://www.hydrapak.com/products/softflask%E2%84%A2-250ml-2-pack,27 g / 1.0 oz,
HydraPak,SoftFlask Speed,Soft flask,500ml,volume_l=0.5,,water,46000,manufacturer,https://www.hydrapak.com/products/softflask%E2%84%A2-speed-500ml,46 g / 1.6 oz,
HydraPak,Stow Collapsible Bottle,Water bottle,1L,volume_l=1,,water,51000,manufacturer,https://www.hydrapak.com/products/stow%E2%84%A2-1l,51 g / 1.8 oz,
HydraPak,Stow Collapsible Bottle,Water bottle,350ml,volume_l=0.35,,water,35000,manufacturer,https://www.hydrapak.com/products/stow%E2%84%A2-350ml,35 g / 1.2 oz,
HydraPak,Stow Collapsible Bottle,Water bottle,500ml,volume_l=0.5,,water,40000,manufacturer,https://www.hydrapak.com/products/stow%E2%84%A2-500ml,40 g / 1.4 oz,
HydraPak,Tempo Bottle,Water bottle,525ml,volume_l=0.525,,water,51000,manufacturer,https://www.hydrapak.com/products/tempo-bottle-3-pack-525ml,51 g / 1.8 oz,
HydraPak,Tempo Pro Bottle,Water bottle,400ml,volume_l=0.4,,water,56000,manufacturer,https://www.hydrapak.com/products/tempo-pro-400ml,56 g / 2.0 oz,
HydraPak,Tempo Pro Bottle,Water bottle,525ml,volume_l=0.525,,water,62000,manufacturer,https://www.hydrapak.com/products/tempo-pro-525ml,62 g / 2.2 oz,
HydraPak,UltraFlask Speed,Soft flask,500ml,volume_l=0.5,,water,42000,manufacturer,https://www.hydrapak.com/products/ultraflask-speed,42 g / 1.4 oz,
HydraPak,UltraFlask+,Water filter,500ml,volume_l=0.5,,water,65000,manufacturer,https://www.hydrapak.com/products/ultraflask,65 g / 2.3 oz,
HydraPak,UltraFlask+ Filter Cap,Filter cap,,,,water,36000,manufacturer,https://www.hydrapak.com/products/ultraflask-filter-cap,36 g / 1.3 oz,
HydraPak,Velocity IT Reservoir,Water reservoir,1.5L,volume_l=1.5,,water,169000,manufacturer,https://www.hydrapak.com/products/velocity%E2%84%A2-it-1-5l,169 g / 6.0 oz,
HydraPak,Velocity IT Reservoir,Water reservoir,2L,volume_l=2,,water,187000,manufacturer,https://www.hydrapak.com/products/velocity%E2%84%A2-it-2l,187 g / 6.6 oz,
HydraPak,Velocity Reservoir,Water reservoir,1.5L,volume_l=1.5,,water,125000,manufacturer,https://www.hydrapak.com/products/velocity%E2%84%A2-1-5l,125 g / 4.4 oz,
HydraPak,Velocity Reservoir,Water reservoir,2L,volume_l=2,,water,130000,manufacturer,https://www.hydrapak.com/products/velocity%E2%84%A2-2l,130 g / 4.6 oz,
HydraPak,Velocity Reservoir,Water reservoir,3L,volume_l=3,,water,137000,manufacturer,https://www.hydrapak.com/products/velocity%E2%84%A2-3l,137 g / 4.8 oz,
HydroBlu,Versa Flow Water Filter,Water filter,,,,water,57000,manufacturer,https://www.garagegrowngear.com/products/versa-flow-lightweight-water-filter-by-hydroblu,Weight: 2oz | 57g,
Igneous,Bottle Cap & Tether,Bottle cap,,,,water,7000,manufacturer,https://www.garagegrowngear.com/products/bottle-cap-tether-by-igneous,Weight: 0.24oz | 7g,
Igneous,NOBO Bottle,Water bottle,"1L, HDPE",volume_l=1,,water,65000,manufacturer,https://igneousgear.com/products/nobo-bottle,Weight: 65 g (spec table; description paragraph says 64 g) — 1L HDPE bottle with Smartwater-compatible 28-410 threads.,
Katadyn,BeFree AC,Water filter,1.0L,volume_l=1,,water,75000,measured,https://www.test4outside.com/en/produit/katadyn-befree-filtre-ac-1-0l/,75 grammes,
Katadyn,BeFree Activated Carbon Flip Cap,Filter cap,,,,water,14000,manufacturer,https://www.garagegrowngear.com/products/befree-activated-carbon-flip-cap-by-katadyn,Weight: 0.5oz | 14g,
Katadyn,BeFree Gravity Water Filter,Water filter,3.0L,volume_l=3,,water,192777,manufacturer,https://www.bestglide.com/products/katadyn-befree-gravity-water-filtration-system-3-0l-usa,Weight: Approx 6.8 ounces (empty),
Katadyn,BeFree Replacement Filter,Water filter,,,,water,34000,manufacturer,https://www.garagegrowngear.com/products/befree-replacement-filter-by-katadyn,Weight: 1.2oz | 34g,
Katadyn,BeFree Water Filter,Water filter,0.6L,volume_l=0.6,,water,59534,manufacturer,https://www.bestglide.com/products/katadyn-befree-0-6l-us,59g/2.1oz (empty),
Katadyn,BeFree Water Filter,Water filter,1.0L,volume_l=1,,water,62369,manufacturer,https://zpacks.com/collections/katadyn-befree,BeFree 1.0L Microfilter: 2.2 oz (63 g),
LifeStraw,Peak Series Gravity Filter,Water filter,3L,volume_l=3,,water,228000,manufacturer,https://lifestraw.com/products/lifestraw-peak-series-gravity-3l,Weight: 8.1oz (228g),
LifeStraw,Peak Series Solo Filter,Water filter,,,,water,48194,manufacturer,https://lifestraw.com/products/lifestraw-peak-solo,Weight: 1.7oz / 48.2g,
LifeStraw,Peak Series Squeeze Bottle with Filter,Water filter,650ml,volume_l=0.65,,water,102000,manufacturer,https://lifestraw.com/products/lifestraw-peak-series-squeeze-bottle,Weight: 102 g (listed as 3.2 oz | 102 g),
LifeStraw,Personal Water Filter,Water filter,,,,water,46000,manufacturer,https://lifestraw.com/products/lifestraw,Weight: 1.6 oz (46 g),
Mazama Designs,M!GO Bottle,Water bottle,,volume_l=1,,water,132000,manufacturer,https://mazamadesigns.com/products/m-go-bottle,132 grams,
Nalgene,Wide Mouth Bottle,Water bottle,32oz / 1L,volume_l=1,,water,177185,manufacturer,https://nalgene.com/product/32oz-wide-mouth-bottle/,Weight: 6.25 oz (177.25 g),
Nalgene,Wide Mouth Ultralite Bottle,Water bottle,"32oz / 1L, HDPE",volume_l=1,,water,106250,manufacturer,https://nalgene.com/product/32oz-wide-mouth-ultralite-bottle/,"3.75 oz (106.25g) — HDPE Ultralite, distinct from the 177 g Tritan Wide Mouth already cataloged.",
One Bottle Hydration,Hydration System,Hose,28mm,,,water,79000,manufacturer,https://www.garagegrowngear.com/products/hydration-system-for-28mm-waterbottles-by-one-bottle-hydration,Weight: 2.8oz | 79g,
One Bottle Hydration,Magnetic Tube Clip,Tube clip,,,,water,14000,manufacturer,https://www.garagegrowngear.com/products/magnetic-tube-clip-by-one-bottle-hydration,Weight: 0.5oz | 14g,
One Bottle Hydration,Wide Mouth Flip-Top Lid,Bottle cap,,,,water,32000,manufacturer,https://www.garagegrowngear.com/products/wide-mouth-flip-top-lid-by-one-bottle-hydration,Weight: 1.1oz | 32g,
Osprey,Hydraulics Reservoir,Water reservoir,2L,volume_l=2,,water,208652,manufacturer,https://appoutdoors.com/products/hydraulics-2l-reservoir.json,"VOLUME 122 IN3 / 2 L  WEIGHT 0.46 LBS. (Osprey Hydraulics 2 L Reservoir, empty)",
Osprey,Hydraulics Reservoir,Water reservoir,3L,volume_l=3,,water,235868,manufacturer,https://appoutdoors.com/products/hydraulics-3l-reservoir.json,"WEIGHT 0.52 LBS. (Osprey Hydraulics 3 L Reservoir, empty)",
Osprey,Hydraulics Soft Flask,Soft flask,500ml,volume_l=0.5,,water,33000,manufacturer,https://wanderlustoutfitters.com/product/osprey/hydraulics-500ml-soft-flask/,Weight: 1.16 oz 33 g,
Pa'lante,Water Bottle,Soft flask,500ml,volume_l=0.5,,water,39300,manufacturer,https://palantepacks.com/products/water-bottle,weight:  39.3g,
Platypus,GravityWorks Water Filter System,Water filter,4L,volume_l=4,,water,326020,manufacturer,https://cascadedesigns.com/products/gravityworks-water-filter-system,11.5 oz. (326 g),
Platypus,Hoser Reservoir,Water reservoir,2L,volume_l=2,,water,102058,manufacturer,https://cascadedesigns.com/products/hoser-reservoir,2 L: 3.6 oz. (102 g),
Platypus,Platy 2L Collapsible Bottle,Water bottle,,volume_l=2,,water,37000,manufacturer,https://www.garagegrowngear.com/products/platy-2l-bottle-collapsible-bottle-by-platypus,Weight: 1.3oz | 37g,
Platypus,PlatyPreserve Collapsible Wine Bottle,Wine bottle,,,,water,23000,manufacturer,https://www.garagegrowngear.com/products/platypreserve-collapsible-wine-bottle-by-platypus,Weight: 0.8oz | 23g,
Platypus,QuickDraw Filter,Water filter,,,,water,82000,manufacturer,https://www.garagegrowngear.com/products/quickdraw-filter-by-platypus,Weight: 2.9oz | 82g,
Platypus,QuickDraw Microfilter,Water filter,,,,water,82214,manufacturer,https://cascadedesigns.com/products/quickdraw-filter,Total Weight 2.9 oz (83 g),
Platypus,QuickDraw Microfilter,Water filter,filter only,,,water,68039,manufacturer,https://cascadedesigns.com/products/quickdraw-filter,Minimum Weight: 2.4 oz (69 g),
Platypus,SoftBottle,Water bottle,1L,volume_l=1,,water,29000,manufacturer,https://cascadedesigns.com/products/softbottle,Weight: 1.0 oz. (29 g) — current closure-cap model (part 11530); older push-pull listings show 1.2 oz.,
Raidlight,EasyFlask Tube,Soft flask,600ml,volume_l=0.6,,water,50000,manufacturer,https://raidlight.com/en/products/easyflask-tube-600ml,Weight: 50g,
Salomon,Soft Flask,Soft flask,"250ml, 28mm",volume_l=0.25,,water,20000,manufacturer,https://www.runningwarehouse.com/Salomon_Soft_Flask_250ml_8oz_28/descpage-SASF252.html,Weight: 20 grams,
Salomon,Soft Flask,Soft flask,"500ml, 42mm",volume_l=0.5,,water,31000,manufacturer,https://www.runningwarehouse.com/Salomon_Soft_Flask_500ml_17oz_42/descpage-SASF422.html,Weight: 31 grams,
Sawyer,Micro Squeeze Water Filter,Water filter,,,,water,56699,manufacturer,https://www.sawyer.com/product/micro-squeeze-water-filtration-system,"With a total field weight of 2 ounces, this tiny filter fits in the palm of your hand.",
Sawyer,Micro Squeeze Water Filtration System with CNOC Premium 750ml Pouch,Water filter,,,,water,96000,manufacturer,https://www.garagegrowngear.com/products/micro-squeeze-water-filtration-system-with-cnoc-premium-470l-pouch-by-sawyer,Weight: 3.4oz | 96g (bladder and filter),
Sawyer,MINI Water Filter,Water filter,,,,water,39000,measured,https://faroutguides.com/sawyer-mini-micro-and-squeeze-compared/,"Sawyer MINI bare filter ~39 g dry (measured). Sawyer markets '2 oz' for both MINI and Micro, but the MINI is the lighter unit; 56.7 g was the Micro's weight.",
Sawyer,Squeeze Water Filter,Water filter,SP129,,,water,85049,manufacturer,https://www.sawyereurope.com/water-filtration/sawyer-sp129-squeeze-water-filtration-system,WEIGHT: 3 ounces,
Sawyer,Squeeze Water Filtration System with CNOC Premium 1L Bottle,Water filter,,,,water,139000,manufacturer,https://www.garagegrowngear.com/products/squeeze-water-filtration-system-with-cnoc-premium-1l-bottle-by-sawyer,Weight: 4.9oz | 139g (Filter and bladder),
Sawyer,Squeeze Water Filtration System with CNOC Premium 2L Bladder,Water filter,,,,water,167000,manufacturer,https://www.garagegrowngear.com/products/squeeze-water-filtration-system-with-cnoc-premium-2l-bladder-by-sawyer,Weight: 5.9oz | 167g (filter and bladder),
SilverAnt,Titanium 800ml Screw Top Clip Bottle,Water bottle,,volume_l=0.8,,water,167000,manufacturer,https://www.garagegrowngear.com/products/titanium-800ml-screw-top-clip-bottle-by-silverant,Weight: 5.9oz | 167g,
Snow Peak,Titanium Aurora Bottle,Water bottle,800ml,volume_l=0.8,,water,147418,manufacturer,https://www.snowpeak.com/products/ti-aurora-bottle,Weight: 5.2 oz,
Ultimate Direction,Body Bottle 450 Insulated,Soft flask,,volume_l=0.45,,water,51000,manufacturer,https://ultimatedirection.com/body-bottle-450-insulated/,Weight: 1.8 oz / 51.0 g,
Ultimate Direction,Body Bottle 500,Soft flask,,volume_l=0.5,,water,35000,manufacturer,https://ultimatedirection.com/body-bottle-500/,Weight: 1.2 oz / 35 g,
Ultimate Direction,Body Bottle 500 S,Soft flask,,volume_l=0.5,,water,40000,manufacturer,https://ultimatedirection.com/body-bottle-500-s/,Weight: 1.4 oz / 40 g,
3FULGEAR,Minimalist Rain Pant Legs,Rain chaps,Large,size=L,,clothing,90000,manufacturer,https://www.garagegrowngear.com/products/minimalist-rain-pants-by-3fulgear,Large: 3.17oz | 90g,
3FULGEAR,Minimalist Rain Pant Legs,Rain chaps,Medium,size=M,,clothing,79000,manufacturer,https://www.garagegrowngear.com/products/minimalist-rain-pants-by-3fulgear,Medium: 2.78oz | 79g,
3FULGEAR,Rain Poncho,Poncho,Large,size=L,,clothing,246000,manufacturer,https://www.garagegrowngear.com/products/rain-poncho-by-3fulgear,Large: 8.67oz | 246g,
3FULGEAR,Rain Poncho,Poncho,Medium,size=M,,clothing,229000,manufacturer,https://www.garagegrowngear.com/products/rain-poncho-by-3fulgear,Medium: 8oz | 229g,
Adotec,Rain Mitt Stuff Sacks,Rain mitts,,,,clothing,35000,manufacturer,https://www.garagegrowngear.com/products/rain-mitt-stuff-sacks-by-adotec,Weight: 1.2oz | 35g,
Alpine Fit,Bushwhacking Leggings,Leggings,Medium,size=M,,clothing,142000,manufacturer,https://www.garagegrowngear.com/products/womens-bushwhacking-leggings-by-alpine-fit,Weight: 5oz | 142g (Medium),
Alpine Fit,Merino Wool Balaclava,Balaclava,,,,clothing,40000,manufacturer,https://www.garagegrowngear.com/products/merino-wool-balaclava-by-alpine-fit,Weight: 1.4oz | 40g,
Alpine Fit,Merino Wool Lined Headband,Headband,,,,clothing,23000,manufacturer,https://www.garagegrowngear.com/products/merino-wool-lined-headband-by-alpine-fit,Weight: 0.8oz | 23g,
Alpine Fit,Nordic Anywhere Merino Wool Hat,Beanie,,,,clothing,40000,manufacturer,https://www.garagegrowngear.com/products/nordic-anywhere-merino-wool-hat-by-alpine-fit,Weight: 1.4oz | 40g,
Alpine Fit,Women's Fastpacker Alpha 90 Fleece,Fleece,Medium,size=M,,clothing,112000,manufacturer,https://www.garagegrowngear.com/products/womens-alpha-direct-hoodie-by-alpine-fit,Weight: 3.9oz | 112g (Medium),
Alpine Fit,Women's Rendezvous Ridge Long Sleeve,Base layer top,Medium,size=M,,clothing,184000,manufacturer,https://www.garagegrowngear.com/products/womens-rendezvous-ridge-long-sleeve-by-alpine-fit,Weight: 6.5oz | 184g (medium),
Altra,Lone Peak 9,Trail runners,Men's,fit=Men's; size=US 9,,clothing,590000,manufacturer,https://www.runningwarehouse.com/Altra_Lone_Peak_9/descpage-ALL9PM1.html,Weight: 10.4 oz 295 g per shoe | pair = 590 g (2× per-shoe),
Altra,Lone Peak 9,Trail runners,Women's,fit=Women's; size=US 8,,clothing,516000,manufacturer,https://www.runningwarehouse.com/Altra_Lone_Peak_9/descpage-ALL9PW1.html,Weight: 9.1 oz / 258 g per shoe | pair = 516 g (2× per-shoe),
Altra,Lone Peak 9+,Trail runners,Men's,fit=Men's; size=US 9,,clothing,607000,manufacturer,https://www.runningwarehouse.com/Altra_Lone_Peak_9/descpage-AMLP9M6.html,Weight: 10.7 oz | 303 g per shoe | pair = 607 g (2× per-shoe),
Altra,Lone Peak 9+,Trail runners,Women's,fit=Women's; size=US 8,,clothing,532000,manufacturer,https://www.runningwarehouse.com/Altra_Lone_Peak_9/descpage-AWLP9W8.html,Weight: 9.4 oz | 266 g per shoe | pair = 532 g (2× per-shoe),
Altra,Olympus 6,Trail runners,Men's,fit=Men's; size=US 9,,clothing,709000,manufacturer,https://www.runningwarehouse.com/Altra_Olympus_6/descpage-AL6OLM4.html,Weight: 12.5 oz 354 g per shoe | pair = 709 g (2× per-shoe),
Altra,Olympus 6,Trail runners,Women's,fit=Women's; size=US 8,,clothing,612000,manufacturer,https://www.runningwarehouse.com/Altra_Olympus_6/descpage-AL6OLW4.html,Weight: 10.8 oz | 306 g per shoe | pair = 612 g (2× per-shoe),
Altra,Timp 5,Trail runners,Men's,fit=Men's,,clothing,556000,manufacturer,https://www.runningwarehouse.com/Altra_Timp_5/descpage-AL5TIM2.html,Weight: 9.8 oz / 278 g per shoe | pair = 556 g (2× per-shoe),
Altra,Timp 5,Trail runners,Women's,fit=Women's,,clothing,470000,manufacturer,https://www.runningwarehouse.com/Altra_Timp_5/descpage-AL5TIW2.html,Weight: 8.3 oz | 235 g per shoe | pair = 470 g (2× per-shoe),
Altra,Trail Gaiter,Gaiters,,,,clothing,36854,manufacturer,https://trailful.com/products/altra-trail-gaiter,Weight: 1.3 ounces,
And Wander,2.5 Layer Hiker Rain Jacket,Rain jacket,,,,clothing,470000,manufacturer,https://haku-clothing.com/products/19219,Weight: 470g,
And Wander,3L UL Rain Jacket,Rain jacket,,,,clothing,200000,manufacturer,https://www.yardsstore.com/products/and-wander-3l-ul-rain-jacket-light-gray,200g,
And Wander,Pertex Printed Wind Jacket,Wind jacket,,,,clothing,200000,manufacturer,https://standardandstrange.com/products/pertex-printed-wind-jacket-black,Weighs approximately 200g / 7oz,
And Wander,Stretch Shell Jacket,Rain jacket,,,,clothing,700000,manufacturer,https://haku-clothing.com/products/21390,700g,
And Wander,Vent Pants,Hiking pants,,,,clothing,300000,manufacturer,https://haku-clothing.com/products/20514,Weight: 300g,
Appalachian Gear Company,All-Paca Fleece Hoodie,Fleece,Men's Medium,fit=Men's; size=M,,clothing,311845,manufacturer,https://appalachiangearcompany.com/products/mens-all-paca-fleece-hoodie,Medium - 11 oz / 312g,
Appalachian Gear Company,All-Paca Fleece Hoodie,Fleece,Women's Medium,fit=Women's; size=M,,clothing,283495,manufacturer,https://web.archive.org/web/20240424041601/https://www.garagegrowngear.com/products/womens-all-paca-fleece-hoodie-by-appalachian-gear-company,Weight: ~10oz (medium),
Arc'teryx,Atom Hoody,Synthetic jacket,Men's Medium,fit=Men's; size=M,,clothing,355000,manufacturer,https://web.archive.org/web/20260317104033id_/https://arcteryx.com/us/en/shop/mens/atom-hoody-9556,Weight: 355g / 12.5 oz,
Arc'teryx,Atom Hoody,Synthetic jacket,Women's,fit=Women's,size,clothing,320000,manufacturer,https://web.archive.org/web/20260424104740id_/https://arcteryx.com/us/en/shop/womens/atom-hoody-9452,Weight 320g / 11.3 oz,
Arc'teryx,Atom Vest,Vest,Women's,fit=Women's,,clothing,185000,measured,https://featheredfriends.com/products/arcteryx-atom-vest-womens,Extremely Lightweight - 6.5 oz (185 g),
Arc'teryx,Beta SV Jacket,Rain jacket,Men's,fit=Men's,,clothing,480000,measured,https://www.t3.com/active/outerwear/arcteryx-beta-sv-2026-severe-weather-jacket,weighing only 480g in a men's medium,
Arc'teryx,Beta SV Jacket,Rain jacket,Women's,fit=Women's,,clothing,429000,measured,https://featheredfriends.com/products/arcteryx-beta-sv-jacket-womens,15.1 oz (429 g),
Arc'teryx,Bird Head Toque,Beanie,,,,clothing,57000,manufacturer,https://www.scheels.com/p/arcteryx-bird-head-toque-beanie/5875-X000006756/,57g / 2 oz.,
Arc'teryx,Bird Trucker Curved Brim Hat,Hat,,,,clothing,60000,manufacturer,https://footprintusa.co/products/arcteryx-bird-trucker-curved-brim-hat,Weight 60g / 2.1 oz,
Arc'teryx,Cerium Hoody,Down jacket,Men's,fit=Men's,size,clothing,338000,manufacturer,https://arcteryx.com/us/en/shop/mens/cerium-hoody-0521,Weighing in at only 338g,
Arc'teryx,Cerium Hoody,Down jacket,Women's,fit=Women's,size,clothing,290000,manufacturer,https://web.archive.org/web/20260212102700id_/https://arcteryx.com/us/en/shop/womens/cerium-hoody-0554,Weight 290g / 10.2 oz,
Arc'teryx,Cerium SL Hoody,Down jacket,Men's Medium,fit=Men's; size=M,,clothing,215456,manufacturer,https://arcteryx.com/us/en/shop/mens/cerium-sl-hoody-1036,Cerium SL Hoody Men’s M — 7.6 oz / 215 g (arcteryx.com current spec),
Arc'teryx,Cerium SL Hoody,Down jacket,Women's,fit=Women's,,clothing,208000,manufacturer,https://web.archive.org/web/20250306101116id_/https://arcteryx.com/us/en/shop/womens/cerium-sl-hoody-9506,Weight 208g / 7.3 oz,
Arc'teryx,Cormac Hoody,Sun hoodie,Men's,fit=Men's,size,clothing,160000,manufacturer,https://mountainhighoutfitters.com/products/m-cormac-hoody,Weight 160g / 5.6 oz,
Arc'teryx,Rho LT Hoody,Base layer top,Men's,fit=Men's; size=M,,clothing,255000,manufacturer,https://www.bergfreunde.eu/arcteryx-rho-lt-hoody-synthetic-base-layer/,255 g,
Arc'teryx,Rho LT Hoody,Base layer top,Women's,fit=Women's; size=S,,clothing,215000,manufacturer,https://www.powder7.com/Arcteryx-Womens-Rho-LT-Hoody-Baselayer/sale,215g/7.5oz (size S),
Arc'teryx,Sinsola Cinch Cap,Hat,,,,clothing,36000,manufacturer,https://arcteryx.com/us/en/shop/sinsola-cinch-cap-0182,"Weight: 36g / 1.3 oz. A real current product, distinct from the Sinsola Hat.",
Arc'teryx,Sinsolo Bandana,Bandana,,,,clothing,28000,manufacturer,https://arcteryx.com/us/en/shop/sinsolo-bandana-0184,Weight: 28 g / 1 oz,
Arc'teryx,Taema Hoody,Sun hoodie,Women's,fit=Women's,,clothing,140000,manufacturer,https://outlet.arcteryx.com/us/en/shop/womens/taema-hoody,Weight 140g / 4.9 oz,
Arc'teryx Veilance,Isogon Hooded Jacket,Rain jacket,,,size,clothing,390000,manufacturer,https://www.altitude-sports.com/products/arcteryx-veilance-mens-isogon-hooded-jacket-llll-vlc-15643,Weight: 390g,
Arms of Andes,Alpaca Sun Hoodie,Sun hoodie,Men's Medium,fit=Men's; size=M,,clothing,192000,manufacturer,https://www.garagegrowngear.com/products/mens-alpaca-wool-sun-hoodie-by-arms-of-andes,Weight: 6.8oz | 192g (Medium),
Arms of Andes,Alpaca Sun Hoodie,Sun hoodie,Women's Small,fit=Women's; size=S,,clothing,138000,manufacturer,https://www.garagegrowngear.com/products/womens-alpaca-wool-sun-hoodie-by-arms-of-andes,Weight: 4.9oz | 138g (small),
Arms of Andes,Alpaca Wool Beanie,Beanie,,,,clothing,36000,manufacturer,https://www.garagegrowngear.com/products/alpaca-wool-beanie-by-arms-of-andes,Weight: 1.3 oz | 36 g,
Arms of Andes,Alpaca Wool Glove Liners,Glove liners,Medium,size=M,,clothing,25000,manufacturer,https://www.garagegrowngear.com/products/alpaca-wool-glove-liners-by-arms-of-andes,Weight: 0.9 oz | 25 g (medium),
Arms of Andes,Alpaca Wool Gloves,Gloves,Medium,size=M,,clothing,43000,manufacturer,https://www.garagegrowngear.com/products/alpaca-wool-gloves-by-arms-of-andes,Weight: 1.5 oz | 43 g (medium),
Arms of Andes,Alpaca Wool Neck Gaiter,Neck gaiter,,,,clothing,53000,manufacturer,https://www.garagegrowngear.com/products/alpaca-wool-neck-gaiter-by-arms-of-andes,Weight: 1.9 oz | 53 g,
Arms of Andes,Men's Alpaca Wool Boxer Briefs,Underwear,Medium,size=M,,clothing,62000,manufacturer,https://www.garagegrowngear.com/products/mens-alpaca-wool-boxer-briefs-by-arms-of-andes,Weight: 2.2oz | 62g (medium),
Arms of Andes,Women's Alpaca Boyshort Panties,Underwear,Small,size=S,,clothing,46000,manufacturer,https://www.garagegrowngear.com/products/womens-alpaca-wool-panties-by-arms-of-andes,Weight: 1.6 oz | 46 g (small),
Arms of Andes,Women's Alpaca Wool Pullover Hoodie,Hoodie,Medium,size=M,,clothing,326000,manufacturer,https://www.garagegrowngear.com/products/womens-alpaca-wool-pullover-hoodie-by-arms-of-andes,Weight: 11.5 oz | 326g (medium),
Arms of Andes,Women's Alpaca Wool Sports Bra,Sports bra,Small,size=S,,clothing,67000,manufacturer,https://www.garagegrowngear.com/products/alpaca-wool-sports-bra-by-arms-of-andes,Weight: 2.4 oz | 67 g (small),
Astral Designs,Nosobo Hiking Shoe,Hiking shoes,Men's US 9 / Women's US 10,fit=Unisex,size,clothing,312000,manufacturer,https://www.garagegrowngear.com/products/nosobo-trail-shoe-by-astral-designs,Weight: 11oz | 312g (M’s 9 | W’s 10 US),
Astral Designs,TR1 Mesh 2.0 Hiking Shoe,Hiking shoes,Men's US 9 / Women's US 10,fit=Unisex,size,clothing,304000,manufacturer,https://www.garagegrowngear.com/products/tr1-mesh-2-0-hiking-shoe-by-astral-designs,Weight: 10.7oz | 304g (M’s 9 | W’s 10 US),
Beaver Tail Outdoors,BuzzTek Laces,Laces,,,,clothing,26000,manufacturer,https://www.garagegrowngear.com/products/buzztek-boot-laces-by-beaver-tail-outdoors,Weight: 0.9oz | 26g (per pair),
Bedrock Sandals,Cairn Evo C,Sandals,Men's US 9,fit=Men's; size=US 9,,clothing,544000,manufacturer,https://www.garagegrowngear.com/products/cairn-evo-c-by-bedrock-sandals,"Weight per pair: 544 g | 19.2 oz (2× single sandal; single = 272 g / 9.6 oz, men's size 9)",
Beringia,Lightstream Full Zip Hoody,Synthetic jacket,Men's,fit=Men's; size=M,,clothing,345000,manufacturer,https://beringia.world/products/lightstream-insulated-fullzip-hoody,Size Medium weighs 345g / 12oz.,
Beringia,Octa Anorak,Fleece,Men's,fit=Men's; size=M,,clothing,195000,manufacturer,https://beringia.world/products/octa-anorak,"Lightweight and packable, size medium weighs 7oz / 195g.",
Black Diamond,Alpenglow Pro Hoody,Sun hoodie,Women's,fit=Women's,size,clothing,189000,manufacturer,https://blackdiamondequipment.com/products/womens-alpenglow-pro-hoody,Weight: 189 g (spec metafield on the live page; the 230-270 g per-size figures in the Shopify variant JSON are shipping weights).,
Black Diamond,Deploy Down Hoody,Down jacket,Men's Medium,fit=Men's; size=M,,clothing,148000,manufacturer,https://www.garagegrowngear.com/products/mens-deploy-down-hoody-by-black-diamond,Weight: 5.2oz | 148g (medium),
Black Diamond,Deploy Down Hoody,Down jacket,Women's Medium,fit=Women's; size=M,,clothing,138000,manufacturer,https://www.garagegrowngear.com/products/womens-deploy-down-hoody-by-black-diamond,Weight: 4.9oz | 138g (medium),
Black Diamond,Gridtech Storm Hood Gloves,Gloves,,,,clothing,60000,manufacturer,https://www.garagegrowngear.com/products/gridtech-storm-hood-gloves-by-black-diamond,Weight: 2.1oz | 60g (per pair),
Black Diamond,Lightweight Screentap Liners,Glove liners,Men's,fit=Men's,,clothing,37000,manufacturer,https://blackdiamondequipment.com/products/lightweight-screentap-liners,Weight: 37 g,
BRANWYN,Merino Wool Boyshort Underwear,Underwear,Medium,size=M,,clothing,54000,manufacturer,https://www.garagegrowngear.com/products/essential-boyshort-underwear-by-branwyn,Weight: 1.9oz | 54g (Medium),
BRANWYN,Merino Wool Bralette,Sports bra,Medium,size=M,,clothing,62000,manufacturer,https://www.garagegrowngear.com/products/essential-bralette-by-branwyn,Weight: 2.2oz | 62g (Medium),
BRANWYN,Merino Wool Compressive Short,Underwear,Medium,size=M,,clothing,157000,manufacturer,https://www.garagegrowngear.com/products/essential-compresive-short-by-branwyn,Weight: 5.5oz | 157g (Medium),
BRANWYN,Merino Wool Hipster Underwear,Underwear,Medium,size=M,,clothing,45000,manufacturer,https://www.garagegrowngear.com/products/essential-hipster-underwear-by-branwyn,Weight: 1.6oz | 45g (Medium),
BRANWYN,Merino Wool Racerback Sports Bra,Sports bra,Medium,size=M,,clothing,136000,manufacturer,https://www.garagegrowngear.com/products/essential-racerback-sports-bra-by-branwyn,Weight: 4.8oz | 136g (Medium),
Brooks,Cascadia 18,Trail runners,Men's,fit=Men's,,clothing,629000,manufacturer,https://www.brooksrunning.com/en_us/mens/shoes/trail-shoes/cascadia-18/110426.html,Men: 11.1 oz / 314g per shoe | pair = 629 g (2× per-shoe),
Brooks,Cascadia 18,Trail runners,Women's,fit=Women's,,clothing,561000,manufacturer,https://www.brooksrunning.com/en_us/womens/shoes/trail-shoes/cascadia-18/120416.html,Women: 9.9oz / 280.7g per shoe | pair = 561 g (2× per-shoe),
Brynje,Men's Super Thermo Boxer with Windcover,Underwear,Medium,size=M,,clothing,80000,manufacturer,https://www.garagegrowngear.com/products/mens-super-thermo-boxer-with-windcover-by-brynje,Weight: 2.8oz | 80g (medium),
Brynje,Men's Super Thermo Mesh Baselayer Pants,Base layer bottoms,Medium,size=M,,clothing,159000,manufacturer,https://www.garagegrowngear.com/products/super-thermo-long-base-layer-pants-with-inlay-and-fly-by-brynje,Weight: 5.6oz | 159g (medium),
Brynje,Super Thermo Long Sleeve Shirt Baselayer with Inlay,Base layer top,Medium,size=M,,clothing,209800,manufacturer,https://www.garagegrowngear.com/products/super-thermo-long-sleeve-shirt-base-layer-with-inlay-by-brynje,Weight: 7.4oz | 209.8g (medium size),
Brynje,Super Thermo T-Shirt Baselayer with Inlay,Base layer top,Medium,size=M,,clothing,116200,manufacturer,https://www.garagegrowngear.com/products/super-thermo-t-sleeve-shirt-base-layer-with-inlay-by-brynje,Weight: 4.1oz | 116.2g (medium size),
Brynje,Women's Super Thermo Long Sleeve Shirt Baselayer with Inlay,Base layer top,Medium,size=M,,clothing,141700,manufacturer,https://www.garagegrowngear.com/products/womens-super-thermo-long-sleeve-shirt-base-layer-with-inlay-by-brynje,Weight: 5.0 oz | 141.7g (medium),
Brynje,Women's Super Thermo Mesh Baselayer Pants,Base layer bottoms,Medium,size=M,,clothing,156000,manufacturer,https://www.garagegrowngear.com/products/womens-super-thermo-long-base-layer-pants-with-inlay-by-brynje,Weight: 5.5oz | 156g (medium size),
Brynje,Women's Super Thermo T-Shirt Baselayer with Inlay,Base layer top,Medium,size=M,,clothing,113400,manufacturer,https://www.garagegrowngear.com/products/womens-super-thermo-t-shirt-base-layer-with-inlay-by-brynje,Weight: 4.0 oz | 113.4g (medium size),
Brynje,Women's Wool Thermo Long Sleeve Baselayer with Inlay,Base layer top,Medium,size=M,,clothing,130000,manufacturer,https://www.garagegrowngear.com/products/womens-wool-thermo-long-sleeve-shirt-with-inlay-by-brynje,Weight: 4.6oz | 130g (medium),
Brynje,Women's Wool Thermo Mesh Baselayer Pants,Base layer bottoms,Medium,size=M,,clothing,140000,manufacturer,https://www.garagegrowngear.com/products/womens-wool-thermo-mesh-baselayer-pants-by-brynje,Weight: 4.9oz | 140g (medium size),
Brynje,Women's Wool Thermo Zip Polo,Base layer top,Medium,size=M,,clothing,140000,manufacturer,https://www.garagegrowngear.com/products/womens-wool-thermo-zip-polo-by-brynje,Weight: 4.9 oz | 140g (medium),
Brynje,Wool Thermo Long Sleeve Baselayer with Inlay,Base layer top,Medium,size=M,,clothing,140000,manufacturer,https://www.garagegrowngear.com/products/wool-thermo-long-sleeve-baselayer-with-inlay-by-brynje,Weight: 4.9oz | 140g (medium),
Brynje,Wool Thermo Mesh Baselayer Pants,Base layer bottoms,Medium,size=M,,clothing,150000,manufacturer,https://www.garagegrowngear.com/products/mens-wool-thermo-mesh-baselayer-pants-by-brynje,Weight: 5.3oz | 150g (medium),
Brynje,Wool Thermo Zip Polo Baselayer with Inlay,Base layer top,Medium,size=M,,clothing,180000,manufacturer,https://www.garagegrowngear.com/products/wool-thermo-zip-polo-baselayer-with-inlay-by-brynje,Weight: 6.3oz | 180g (medium),
Buff,CoolNet UV Multifunctional Neckwear,Neck gaiter,,,,clothing,34019,manufacturer,https://omcgear.com/products/buff-coolnet-uv-headwear,Weight: 1.2 ounces,
Buff,Original Multifunctional Headwear,Neck gaiter,,,,clothing,35000,measured,https://www.alexroddie.com/2017/03/review-original-buff-multifunctional-headwear/,It weighs 35g. That's seriously svelte by headwear standards,
Burgeon Outdoor,Alpha Direct Hoodie,Fleece,"120gsm, Medium",size=M,,clothing,193000,manufacturer,https://www.garagegrowngear.com/products/alpha-direct-hoodie-by-burgeon-outdoors,120gsm: 6.8oz | 193g,
Burgeon Outdoor,Alpha Direct Hoodie,Fleece,"90gsm, Medium",size=M,,clothing,128000,manufacturer,https://www.garagegrowngear.com/products/alpha-direct-hoodie-by-burgeon-outdoors,90gsm: 4.5oz | 128g,
Burgeon Outdoor,Men's Sunseeker Hoodie,Sun hoodie,Medium,size=M,,clothing,184000,manufacturer,https://www.garagegrowngear.com/products/mens-sunseeker-hoodie-by-burgeon-outdoor,Weight: 6.5oz | 184g (Size Medium),
Burgeon Outdoor,Women's Sunseeker Hoodie,Sun hoodie,Medium,size=M,,clothing,167000,manufacturer,https://www.garagegrowngear.com/products/womens-sunseeker-hoodie-by-burgeon-outdoor,Weight: 5.9oz | 167g (Size Medium),
CAYL,6 Pocket Hiking Pants,Hiking pants,Medium,size=M,,clothing,253000,manufacturer,https://cayl.co.kr/product/6-pocket-hiking-pants-black/1744/,weight: 253 g (M size),
CAYL,Light Conseal Zip Jacket,Wind jacket,Small,size=S,,clothing,153000,manufacturer,https://cayl.co.kr/product/light-conseal-zip-jacket-black/3269/,weight: 153 g (S size),
CAYL,Light Pointed Cap,Hat,,,,clothing,41000,manufacturer,https://cayl.co.kr/product/light-pointed-cap-black/3515/,weight: 41 g,
CAYL,Stripe B.L. Short Sleeve,Shirt,Small,size=S,,clothing,91000,manufacturer,https://cayl.co.kr/product/stripe-bl-short-sleeve-black/3485/,weight: 91 g (S size),
CAYL,Trail Air Jacket,Wind jacket,Small,size=S,,clothing,134000,manufacturer,https://cayl.co.kr/product/trail-air-jacket-black/3348/,weight: 134 g (S size),
Ciele,ALZCap SC,Hat,,,,clothing,54000,manufacturer,https://www.altitude-sports.com/p/ciele-alz-cap-sc-athletics-small-unisex-cie-clalzscas,Weight 54 grams.,
Ciele,GOCap Century,Hat,,,,clothing,62000,manufacturer,https://thefeed.com/products/ciele-gocap-century,Weight 62 Grams.,
Ciele,GOCap Comp,Hat,,,,clothing,50000,manufacturer,https://cieleathletics.com/products/gocap-comp-century-glade,weight 50 grams.,
Ciele,GOCap SC,Hat,,,,clothing,55000,manufacturer,https://thealpinistas.com/ciele-gocap-sc-grp,"a mere weight of 55 grams, this cap is tailored for people who run.",
Coghlan's,Mosquito Head Net,Head net,,,,clothing,29000,measured,https://riversportsman.com/product/coghlans-mosquito-head-net/,"Product weight ~0.029 kg / 29 g (retailer spec). The prior 41 g was the coghlans.com Shopify shipping-weight field, not the net product weight.",
Columbia,Midweight Stretch Long-Sleeve Baselayer Top,Base layer top,Women's,fit=Women's; size=XS,,clothing,198447,measured,https://www.backcountry.com/columbia-midweight-stretch-long-sleeve-baselayer-top-womens,Claimed Weight [x-small] 7oz,
CRISTGEE,"Foldable Sun Cap, Fishing Hat, UPF 50+ with Face Mask Neck Flap",Sun hat,,,,clothing,110563,manufacturer,https://www.amazon.com/Foldable-Fishing-Hats-Protection-Caps/dp/B0875ZFCH2,"Product Dimensions: 7.8 x 11.8 x 15.7 inches; 3.9 ounces ... The whole weight is about 4 OZ, comfortable for wearing",
Crocs,Classic Clog,Camp shoes,Men's,fit=Men's,size,clothing,317515,measured,https://www.cleverhiker.com/footwear/crocs-classic-clog-review/,Weight (Pair): 11.2 oz,
Cumulus,Incredilite Endurance,Down jacket,Men's,fit=Men's,size,clothing,365709,manufacturer,https://cumulus.equipment/en/ga/p/men-down-jacket-incredilite-endurance,WEIGHT 12.9 oz,
Cumulus,Incredilite Endurance,Down jacket,Women's,fit=Women's,size,clothing,325000,manufacturer,https://cumulus.equipment/us_en/women-down-jacket-incredilite-endurance-lady.html,MASA 325 g,
Danner,Mountain 600,Hiking boots,Men's,fit=Men's,size,clothing,1060272,measured,https://runrepeat.com/danner-mountain-600,Tipping the scale at 18.7 oz (529g) ... (per shoe) | pair = 1060 g (2× per-shoe),
Danner,Mountain 600,Hiking boots,Women's,fit=Women's,size,clothing,907185,manufacturer,https://www.danner.com/women-s-mountain-600-4-5-saddle-tan.html,Weight: 32 oz per pair,
Danner,Trail 2650,Hiking shoes,Men's,fit=Men's,size,clothing,680389,measured,https://www.cleverhiker.com/footwear/mens-danner-trail-2650-review/,Weight (Pair): 1 lb. 8 oz.,
Danner,Trail 2650,Hiking shoes,Women's,fit=Women's,size,clothing,510291,manufacturer,https://www.danner.com/women-s-trail-2650-3-bronze-wheat.html,Weight: 18 oz per pair,
Darn Tough,Hiker Boot Midweight,Socks,Men's,fit=Men's,size,clothing,73709,measured,https://www.outdoorgearlab.com/reviews/shoes-and-boots/hiking-socks/darn-tough-hiker-full-cushion,Measured Weight ... 2.6 oz,
Darn Tough,Light Hiker Quarter Lightweight Cushion,Socks,Men's,fit=Men's,size,clothing,59534,manufacturer,https://darntough.com/products/mens-merino-wool-light-hiker-quarter-cushioned-lightweight-hiking-socks,Weight: 2.1 oz (per pair),
Decathlon (Simond),MT100 Hooded Down Jacket,Down jacket,Men's Medium,fit=Men's; size=M,,clothing,292000,measured,https://www.outdoorgearlab.com/reviews/clothing-mens/down-jacket-men/decathlon-simond-mt100-hooded-puffer,"I weighed the men's Medium at just 10.3 ounces, making the MT100 one of the lightest jackets I tested.",
Decathlon (Simond),MT100 Hooded Down Jacket,Down jacket,Women's Large,fit=Women's; size=L,,clothing,320350,measured,https://www.outdoorgearlab.com/reviews/clothing-womens/down-jacket-womens/decathlon-simond-mt100-hooded-puffer-womens,Measured Weight: 11.3 oz (size L),
Diemme,Maggiore,Hiking boots,Men's US 9,fit=Men's; size=US 9,,clothing,960000,community,https://diemme.com/products/maggiore-black-suede-m,No published weight; community estimate for Men's US 9 (EU 42) | pair = 960 g (2× per-shoe),
Diemme,Possagno Mid,Hiking boots,Men's US 9,fit=Men's; size=US 9,,clothing,800000,community,https://diemme.com/products/possagno-mid-black,No published weight; community estimate for Men's US 9 (EU 42) | pair = 800 g (2× per-shoe),
Diemme,Roccia Vet,Hiking boots,Men's US 9,fit=Men's; size=US 9,,clothing,1040000,community,https://diemme.com/products/roccia-vet-black-full-grain,No published weight; community estimate for Men's US 9 (EU 42) | pair = 1040 g (2× per-shoe),
Dirty Girl,Gaiters,Gaiters,,,,clothing,39689,measured,https://www.outdoorgearlab.com/reviews/climbing/gaiters/dirty-girl-gaiter,Measured Weight (each) 0.7 oz,
éclipse Sun Products,Sun Gloves,Sun gloves,,,,clothing,10000,manufacturer,https://www.garagegrowngear.com/products/eclipse-sun-gloves-by-eclipse-sun-products,Weight: 0.35oz | 10g,
éclipse Sun Products,Sun Sleeves,Arm sleeves,Medium,size=M,,clothing,57000,manufacturer,https://www.garagegrowngear.com/products/eclipse-sun-sleeves-by-eclipse-sun-products,Weight: 2oz | 57g (medium),
Enlightened Equipment,Copperfield Wind Pants,Wind pants,Men's,fit=Men's,,clothing,37138,manufacturer,https://enlightenedequipment.com/mens-copperfield-wind-pants-cus/,1.31 oz (37.1g),
Enlightened Equipment,Copperfield Wind Pants,Wind pants,Women's,fit=Women's,,clothing,35100,manufacturer,https://enlightenedequipment.com/womens-copperfield-wind-pants-cus/,"With a weight starting at 1.24 oz (35.1g), there’s no reason not to take it.",
Enlightened Equipment,Torrid APEX Jacket,Synthetic jacket,Men's Medium,fit=Men's; size=M,,clothing,238136,manufacturer,https://www.adventurealan.com/enlightened-equipment-torrid-apex-jacket-review/,Weight: 8.4 ounces | 238 grams,
Enlightened Equipment,Torrid APEX Jacket,Synthetic jacket,Women's,fit=Women's,size,clothing,215000,manufacturer,https://enlightenedequipment.com/womens-torrid-jacket-cus/,"Designed to keep you warm while keeping your pack light, the jacket starts at just 7.60 ounces (215g).",
Etowah Outfitters,Ultralight Overmitts,Mittens,Medium,size=M,,clothing,34000,manufacturer,https://www.garagegrowngear.com/products/ultralight-overmitts-by-etowah-outfitters,Weight: 1.2oz | 34g (medium),
ExOfficio,Men's Give-N-Go 2.0 Boxer Brief,Underwear,Medium,size=M,,clothing,89900,manufacturer,https://www.campmor.com/products/exofficio-give-n-go-2-0-boxer-brief-mens,"Avg Wt. (89.9g) — site prints '17oz', a typo for 3.17 oz; corroborated at 3.2 oz by campsaver.com",
Farm to Feet,Cascade Locks American Trail 3/4 Crew Socks,Socks,Medium,size=M,,clothing,62000,manufacturer,https://www.garagegrowngear.com/products/cascade-locks-american-trail-3-4-crew-socks-by-farm-to-feet,Weight: 2.2oz | 62g (Medium),
Farm to Feet,Chester PCT American Trail 3/4 Crew Sock,Socks,Medium,size=M,,clothing,62000,manufacturer,https://www.garagegrowngear.com/products/chester-pct-american-trail-3-4-crew-socks-by-farm-to-feet,Weight: 2.2oz | 62g (Medium),
Farm to Feet,Gray's Peak CDT American Trail 3/4 Crew Socks,Socks,Medium,size=M,,clothing,62000,manufacturer,https://www.garagegrowngear.com/products/grays-peak-cdt-american-trail-3-4-crew-socks-by-farm-to-feet,Weight: 2.2oz | 62g (Medium),
Farm to Feet,Harpers Ferry AT American Trail 3/4 Crew Socks,Socks,Medium,size=M,,clothing,62000,manufacturer,https://www.garagegrowngear.com/products/harpers-ferry-at-american-trail-3-4-crew-socks-by-farm-to-feet,Weight: 2.2oz | 62g (Medium),
Farm to Feet,Max Patch American Trail 1/4 Crew Socks,Socks,Medium,size=M,,clothing,49000,manufacturer,https://www.garagegrowngear.com/products/american-trail-1-4-crew-socks-by-farm-to-feet,Weight: 1.7oz | 49g (Medium),
Farm to Feet,Max Patch American Trail 3/4 Crew Socks,Socks,Medium,size=M,,clothing,62000,manufacturer,https://www.garagegrowngear.com/products/american-trail-3-4-crew-socks-by-farm-to-feet,Weight: 2.2oz | 62g (Medium),
FarPointe Outdoor Gear,Alpha Camp Pants,Fleece pants,"60gsm, Medium",size=M,,clothing,91000,manufacturer,https://www.garagegrowngear.com/products/alpha-pants-by-farpointe-outdoor-gear,60gsm: 3.2oz | 91g (Medium),
FarPointe Outdoor Gear,Alpha Camp Pants,Fleece pants,"90gsm, Medium",size=M,,clothing,119000,manufacturer,https://www.garagegrowngear.com/products/alpha-pants-by-farpointe-outdoor-gear,90gsm: 4.2oz | 119g (Medium),
FarPointe Outdoor Gear,Alpha Camp Socks,Socks,,,size,clothing,25000,manufacturer,https://www.garagegrowngear.com/products/alpha-camp-socks-by-farpointe-outdoor-gear,Weight: 0.8oz | 25g,
FarPointe Outdoor Gear,Alpha Crewneck,Fleece,"120gsm, Medium",size=M,,clothing,181000,manufacturer,https://www.garagegrowngear.com/products/alpha-crewneck-by-farpointe-outdoor-gear,Weight: (Medium) 120gsm: 6.4oz | 181g,
FarPointe Outdoor Gear,Alpha Crewneck,Fleece,"60gsm, Medium",size=M,,clothing,82000,manufacturer,https://www.garagegrowngear.com/products/alpha-crewneck-by-farpointe-outdoor-gear,Weight: (Medium) 60gsm: 2.9oz | 82g,
FarPointe Outdoor Gear,Alpha Crewneck,Fleece,"90gsm, Medium",size=M,,clothing,99000,manufacturer,https://www.garagegrowngear.com/products/alpha-crewneck-by-farpointe-outdoor-gear,Weight: (Medium) 90gsm: 3.5oz | 99g,
FarPointe Outdoor Gear,Alpha Cruiser,Fleece,"60gsm, Medium",size=M,,clothing,113000,manufacturer,https://www.garagegrowngear.com/products/alpha-cruiser-by-farpointe-outdoor-gear,Alpha 60gsm: 4oz | 113g (Medium),
FarPointe Outdoor Gear,Alpha Cruiser,Fleece,"90gsm, Medium",size=M,,clothing,139000,manufacturer,https://www.garagegrowngear.com/products/alpha-cruiser-by-farpointe-outdoor-gear,Alpha 90gsm: 4.9oz | 139g (Medium),
FarPointe Outdoor Gear,Alpha Drifter Cap,Beanie,120gsm,,,clothing,20000,manufacturer,https://www.garagegrowngear.com/products/farpointe-alpha-hat-by-farpointe-outdoor-gear,120gsm: 0.7oz | 20g,
FarPointe Outdoor Gear,Alpha Drifter Cap,Beanie,60gsm,,,clothing,13000,manufacturer,https://www.garagegrowngear.com/products/farpointe-alpha-hat-by-farpointe-outdoor-gear,60gsm: 0.46oz | 13g,
FarPointe Outdoor Gear,Alpha Drifter Cap,Beanie,90gsm,,,clothing,16000,manufacturer,https://www.garagegrowngear.com/products/farpointe-alpha-hat-by-farpointe-outdoor-gear,90gsm: 0.56oz | 16g,
FarPointe Outdoor Gear,Alpha Drifter Cap,Beanie,"Alpha, Wool 150gsm",,,clothing,21000,manufacturer,https://www.garagegrowngear.com/products/farpointe-alpha-hat-by-farpointe-outdoor-gear,Alpha/Wool 150gsm: 0.74oz | 21g,
FarPointe Outdoor Gear,Sun Cruiser,Sun hoodie,"100gsm, Medium",size=M,,clothing,164000,manufacturer,https://www.garagegrowngear.com/products/merino-sun-cruiser-by-farpointe-outdoor-gear,100gsm: 5.8oz | 164g,
FarPointe Outdoor Gear,Sun Cruiser,Sun hoodie,"150gsm, Medium",size=M,,clothing,227000,manufacturer,https://www.garagegrowngear.com/products/merino-sun-cruiser-by-farpointe-outdoor-gear,150gsm: 8oz | 227g,
FarPointe Outdoor Gear,Super Cruiser,Hoodie,Medium,size=M,,clothing,184000,manufacturer,https://www.garagegrowngear.com/products/super-cruiser-by-farpointe-outdoor-gear,Weight: 6.5oz  | 184g (medium),
FarPointe Outdoor Gear,TecnoWool Cruiser,Hoodie,"120gsm, Medium",size=M,,clothing,176000,manufacturer,https://www.garagegrowngear.com/products/tecnowool-cruiser-by-farpointe-outdoor-gear,Weight: (Medium) 120gsm: 6.1oz | 176g,
FarPointe Outdoor Gear,TecnoWool Cruiser,Hoodie,"60gsm, Medium",size=M,,clothing,125000,manufacturer,https://www.garagegrowngear.com/products/tecnowool-cruiser-by-farpointe-outdoor-gear,Weight: (Medium) 60gsm: 4.4oz | 125g,
FarPointe Outdoor Gear,TecnoWool Cruiser,Hoodie,"90gsm, Medium",size=M,,clothing,162000,manufacturer,https://www.garagegrowngear.com/products/tecnowool-cruiser-by-farpointe-outdoor-gear,Weight: (Medium) 90gsm: 5.7oz | 162g,
finetrack,Elemental Layer Long Sleeve Crew,Base layer top,Men's,fit=Men's,size,clothing,56000,manufacturer,https://www.finetrackglobal.com/en_GB/shop_by_product/l1_elemental_layer/men's-elemental-layer-long-sleeve-crew/FUM0421-BK-S.html,Weight: 56g,
finetrack,Elemental Layer Long Sleeve Crew,Base layer top,Women's,fit=Women's,size,clothing,47000,manufacturer,https://www.finetrackglobal.com/en_US/shop_by_product/l1_elemental_layer/women's-elemental-layer-long-sleeve-crew/FUW0421.html,Weight 47g,
finetrack,Everbreath Photon Jacket,Rain jacket,Women's,fit=Women's,size,clothing,280000,manufacturer,https://www.finetrackglobal.com/en_US/shop_by_product/l5_outer_shell_layer/women's-everbreath-photon-jacket/FAW0331-AQUA-S.html,Weight: 280g / 9.9 oz,
finetrack,Polygon UL Jacket,Wind jacket,Men's Medium,fit=Men's; size=M,,clothing,185000,manufacturer,https://www.finetrackglobal.com/en_SE/shop_by_product/l3_mid_layer/men's-polygon-ul-jacket/FIM0311.html,Weight: 185g / 6.5oz,
finetrack,Polygon UL Jacket,Wind jacket,Women's Medium,fit=Women's; size=M,,clothing,165000,manufacturer,https://www.finetrackglobal.com/en_US/shop_by_product/l3_mid_layer/women's-polygon-ul-jacket/FIW0311-BLCK-S.html,Weight: 165g / 5.8oz,
FRACTEL,L-Series Winter Legionnaire Hat,Hat,,,,clothing,150000,manufacturer,https://www.garagegrowngear.com/products/l-series-winter-legionnaire-hat-sized-by-fractel,Weight: 5.3oz | 150g,
FRACTEL,M-Series Cap,Hat,,,,clothing,68000,manufacturer,https://www.garagegrowngear.com/products/m-series-cap-by-fractel,Weight: 2oz | 68g,
Frogg Toggs,Chilly Pro Cooling Neck Gaiter,Neck gaiter,,,,clothing,44000,manufacturer,https://www.garagegrowngear.com/products/chilly-pro-cooling-neck-gaiter-by-frogg-toggs,Weight: 1.6oz | 44g,
Frogg Toggs,Ultra-Lite2 Rain Suit,Rain suit,Men's,fit=Men's,,clothing,362874,manufacturer,https://www.froggtoggs.com/products/the-frogg-toggsr-ultra-lite2tm-4749,Net weight: 12.8 oz.,
Fulton,Athletic Insole,Insoles,Men's US 10,fit=Men's; size=US 10,,clothing,102000,manufacturer,https://www.garagegrowngear.com/products/the-athletic-insole-by-fulton,3.6oz | 102g(Men's size 10),
Fulton,Athletic Insole,Insoles,Women's US 8,fit=Women's; size=US 8,,clothing,94000,manufacturer,https://www.garagegrowngear.com/products/the-athletic-insole-by-fulton,Weight: 3.3oz | 94g (Women's size 8),
Gnuhr,Big Up Pants,Pants,4,size=4,,clothing,466000,manufacturer,https://www.gnuhr.com/products/big-up-pants,weight is ~ 466g for size 4,
Gnuhr,Big Up Shorts,Shorts,4,size=4,,clothing,343000,manufacturer,https://www.gnuhr.com/products/big-up-shorts,weight is ~343g for size 4,
Gnuhr,Breaker Skirt DCF,Rain skirt,,,size,clothing,57000,manufacturer,https://www.gnuhr.com/products/breaker-skirt-dcf,weight is ~ 57g,
Gnuhr,Breaker Wind Pants,Wind pants,4,size=4,,clothing,63000,manufacturer,https://www.gnuhr.com/products/breaker-wind-pants,weight is ~ 63g for size 4,
Gnuhr,Breaker Wind Shirt,Wind shirt,4,size=4,,clothing,71000,manufacturer,https://www.gnuhr.com/products/breaker-wind-shirt,weight is ~ 71g for size 4,
Gnuhr,Creeper Crew,Base layer top,4,size=4,,clothing,258000,manufacturer,https://www.gnuhr.com/products/creeper-crew,weight: size 4 is 258g; size: unisex 1(xs) - 6 (xxl),
Gnuhr,Creeper Crew Merino,Base layer top,4,size=4,,clothing,182000,manufacturer,https://www.gnuhr.com/products/creeper-crew-merino,weight is ~ 182g for size 4,
Gnuhr,Creeper Crew Merino v2.0,Base layer top,4,size=4,,clothing,172000,manufacturer,https://www.gnuhr.com/products/creeper-crew-merino-v2-0,weight is ~ 172g for size 4,
Gnuhr,Creeper Hood Merino,Base layer top,4,size=4,,clothing,200000,manufacturer,https://www.gnuhr.com/products/creeper-hood-merino,weight is ~ 200g for size 4,
Gnuhr,Explora Pants,Pants,4,size=4,,clothing,453000,manufacturer,https://www.gnuhr.com/products/explora-pants,weight is ~ 453g for size 4,
Gnuhr,Explora Shorts,Shorts,4,size=4,,clothing,299000,manufacturer,https://www.gnuhr.com/products/explora-shorts,weight is ~ 299g for size 4,
Gnuhr,Footprint Camp Sandal,Sandals,US 9,fit=Men's; size=US 9,,clothing,171800,manufacturer,https://www.gnuhr.com/products/gnuhr-footprint-camp-sandal,The weight of the Footprint Camp Sandal is ~171.8 grams for a pair sized 9.,
Gnuhr,Gno Cap,Hat,,,,clothing,75000,manufacturer,https://www.gnuhr.com/products/gno-cap,weight is ~ 75g,
Gnuhr,Heatwave Puffer Jacket,Insulated jacket,4,size=4,,clothing,308000,manufacturer,https://www.gnuhr.com/products/heatwave-puffer-jacket,weight is ~ 308g for size 4,
Gnuhr,Heatwave Puffer Jacket v1.5,Insulated jacket,4,size=4,,clothing,361000,manufacturer,https://www.gnuhr.com/products/heatwave-puffer-jacket-v1-5,weight is ~ 361g for size 4,
Gnuhr,Power Hoodie v1.5,Fleece,4,size=4,,clothing,545000,manufacturer,https://www.gnuhr.com/products/power-hoodie-v1-5,weight is ~ 545g for size 4,
Gnuhr,Power Pants,Pants,4,size=4,,clothing,389000,manufacturer,https://www.gnuhr.com/products/power-pants,weight is ~ 389g for size 4,
Gnuhr,Shag Hood,Fleece,,,size,clothing,33000,manufacturer,https://www.gnuhr.com/products/shag-hood,weight is ~33g,
Gnuhr,Shag Hoodie,Fleece,,,size,clothing,130500,manufacturer,https://www.gnuhr.com/products/shag-hoodie,weight is ~ 130.5g depending on size,
Gnuhr,Shag Hoodie v2.0,Fleece,4,size=4,,clothing,124000,manufacturer,https://www.gnuhr.com/products/shag-hoodie-v2-0,weight is ~ 124g for size 4,
Gnuhr,Shag Sweater,Fleece,,,size,clothing,130500,manufacturer,https://www.gnuhr.com/products/shag-sweater,weight is ~ 130.5g depending on size,
Gnuhr,Shag Sweater v2.0,Fleece,4,size=4,,clothing,100000,manufacturer,https://www.gnuhr.com/products/shag-sweater-v2-0,weight is ~ 100g for size 4,
Gnuhr,Shag T,Fleece,,,size,clothing,96000,manufacturer,https://www.gnuhr.com/products/shag-t,weight is ~ 96g depending on size,
Gnuhr,Shag T v2.0,Fleece,4,size=4,,clothing,79000,manufacturer,https://www.gnuhr.com/products/shag-t-v2-0,weight is ~ 79g for size 4,
Gnuhr,Shag Zip Hoodie,Fleece,4,size=4,,clothing,148000,manufacturer,https://www.gnuhr.com/products/shag-zip-hoodie,weight is ~148g for size 4,
Gnuhr,Tubular T,Shirt,4,size=4,,clothing,228000,manufacturer,https://www.gnuhr.com/products/tubular-t,Tubular T weight for size 4 is 228 g.,
Gnuhr,Tubular T Baseball,Shirt,4,size=4,,clothing,239000,manufacturer,https://www.gnuhr.com/products/tubular-t-baseball,Tubular T weight for size 4 is 239 g.,
Gnuhr,Warp Cargo Legging,Leggings,3-4,size=3-4,,clothing,235000,manufacturer,https://www.gnuhr.com/products/warp-cargo-legging,weight is ~ 235g for size 3-4,
Gnuhr,Warp Kit Vest,Vest,,,size,clothing,205000,manufacturer,https://www.gnuhr.com/products/warp-kit-vest,simplified construction / weight is ~205g,
Gnuhr,Warp Short Long,Shorts,4,size=4,,clothing,254000,manufacturer,https://www.gnuhr.com/products/warp-short-long,weight is ~254g for size 4,
Gnuhr,Warp Short Short,Shorts,4,size=4,,clothing,148000,manufacturer,https://www.gnuhr.com/products/warp-short-short,weight is ~148g for size 4,
Gnuhr,Warp Short Short Lined,Shorts,3-4,size=3-4,,clothing,197000,manufacturer,https://www.gnuhr.com/products/warp-short-short-lined,weight is ~197g for size 3-4,
Gnuhr,Warp T-Tank,Tank top,3-4,size=3-4,,clothing,208000,manufacturer,https://www.gnuhr.com/products/warp-t-tank,weight is ~ 208g for size 3-4,
Gnuhr,Wool Shag Beanie,Beanie,,,,clothing,35000,manufacturer,https://www.gnuhr.com/products/wool-shag-beanie,Wool Shag Beanie weighs 35 g.,
Gnuhr,Wool Shag Hoodie,Fleece,4,size=4,,clothing,227000,manufacturer,https://www.gnuhr.com/products/wool-shag-hoodie,weight is ~ 227g for size 4,
Gnuhr,Wool Shag Sweater,Fleece,4,size=4,,clothing,156000,manufacturer,https://www.gnuhr.com/products/wool-shag-sweater,weight is ~ 156g for size 4,
Gnuhr x Norda,Gnorda Dyneema Breaker Wind Pants,Wind pants,4,size=4,,clothing,102000,manufacturer,https://www.gnuhr.com/products/gnorda-dyneema-breaker-wind-pants,weight is ~ 102g for size 4,
Gnuhr x Norda,Gnorda Dyneema Breaker Wind Shirt,Wind shirt,4,size=4,,clothing,112000,manufacturer,https://www.gnuhr.com/products/gnorda-dyneema-breaker-wind-shirt,weight is ~ 112g for size 4,
Gnuhr x Norda,Gnorda Shag Zip Hoodie,Fleece,4,size=4,,clothing,141000,manufacturer,https://www.gnuhr.com/products/gnorda-shag-zip-hoodie,weight is ~ 141g for size 4,
Gnuhr x Norda,Gnorda Warp Cargo Legging,Leggings,3-4,size=3-4,,clothing,235000,manufacturer,https://www.gnuhr.com/products/gnorda-warp-cargo-legging,weight is ~ 235g for size 3-4,
Gnuhr x Norda,Gnorda Warp Short Short Lined,Shorts,3-4,size=3-4,,clothing,197000,manufacturer,https://www.gnuhr.com/products/gnorda-warp-short-short-lined,weight is ~ 197g for size 3-4,
Gnuhr x Norda,Gnorda Warp T-Tank,Tank top,3-4,size=3-4,,clothing,179000,manufacturer,https://www.gnuhr.com/products/gnorda-warp-t-tank,weight is ~ 179g for size 3-4,
Goldwin,Dry Mesh Jacket,Jacket,JP 3,size=JP 3,,clothing,250000,manufacturer,https://eushop.goldwin-global.com/products/gm35100,Approx. 250g (The weight for size 3),
Goldwin,Dual Layered L/S Hoodie,Hoodie,JP 3,size=JP 3,,clothing,257000,manufacturer,https://usshop.goldwin-global.com/products/gm35323,Approx. 257g (The weight for size 3),
Goldwin,GORE-TEX 3/4 Over Coat,Rain jacket,JP 3,size=JP 3,,clothing,500000,manufacturer,https://usshop.goldwin-global.com/products/gl05141,Approx. 500g (The weight for size 3),
Goldwin,GORE-TEX 3L Jacket,Rain jacket,JP 3,size=JP 3,,clothing,420000,manufacturer,https://usshop.goldwin-global.com/products/gl05140,Approx. 420g (The weight for size 3). User's 'Goldwin 0 3L' = Goldwin GORE-TEX 3L Jacket (3-layer shell).,
Goldwin,Light Warmer Kochi Jacket,Insulated jacket,JP 3,size=JP 3,,clothing,170000,manufacturer,https://eushop.goldwin-global.com/products/gmw25309,Approx. 170g (The weight for size 3),
Goldwin,Nylon Multi Purpose Jacket,Jacket,JP 3,size=JP 3,,clothing,510000,manufacturer,https://ukshop.goldwin-global.com/products/gl15143,Approx. 510g (The weight for size 3),
Goldwin,One Tuck Tapered Stretch Pants,Pants,JP 3,size=JP 3,,clothing,535000,manufacturer,https://usshop.goldwin-global.com/products/gl75177,Approx. 535g (The weight for size 3),
Goldwin,Pertex Shield Air Fast Run Jacket,Rain jacket,Large,size=L,,clothing,115000,manufacturer,https://www.goldwin-global.com/us/feature/trail-running-25ss/,"this 3-layer rain jacket is among the lightest in its class, weighing just 115g (size L).",
Goldwin,Pertex Shield Pro Fast Run Jacket,Rain jacket,JP 3,size=JP 3,,clothing,140000,manufacturer,https://eushop.goldwin-global.com/products/gm05333,Approx. 140g lightweight construction (size 3),
Goldwin,Pertex Shieldair A/L Jacket,Rain jacket,JP 3,size=JP 3,,clothing,104000,manufacturer,https://www.goldwin-global.com/us/feature/trail-running-24ss/,the lightest class of 3-layer rainwear at 104g for the jacket (size 3),
Goldwin,Relax Straight Easy Pants,Pants,JP 3,size=JP 3,,clothing,350000,manufacturer,https://usshop.goldwin-global.com/products/gl73179,Approx. 350g (The weight for size 3),
Goldwin,Rip-stop Hooded Jacket,Wind jacket,JP 3,size=JP 3,,clothing,320000,manufacturer,https://usshop.goldwin-global.com/products/gl15145,Approx. 320g (The weight for size 3),
Goldwin,Zip-up Floating Wind Shell Jacket,Wind jacket,JP 3,size=JP 3,,clothing,90000,manufacturer,https://www.goldwin-global.com/us/feature/trail-running-24ss/,Weighs only 90g (size 3),
Goosefeet Gear,Down Socks,Down socks,Medium,size=M,,clothing,57000,manufacturer,https://www.garagegrowngear.com/products/down-socks-by-goosefeet-gear,Weight: 2oz | 57g (medium),
Goosefeet Gear,Waterproof Over-Booties,Booties,"Robic, Medium",size=M,,clothing,56000,manufacturer,https://www.garagegrowngear.com/products/waterproof-over-booties-by-goosefeet-gear,Robic: 2oz | 56g (medium),
Goosefeet Gear,Waterproof Over-Booties,Booties,"Toughtek, Medium",size=M,,clothing,128000,manufacturer,https://www.garagegrowngear.com/products/waterproof-over-booties-by-goosefeet-gear,Toughtek: 4.5oz | 128g (medium),
Gramicci,G-Pant,Pants,Men's 32,fit=Men's; size=32,,clothing,500000,community,https://www.rei.com/product/252981/gramicci-gramicci-pants-mens,No published weight; community estimate for Men's 32 (organic cotton twill climbing pant),
Gramicci,G-Short,Shorts,Men's Medium,fit=Men's; size=M,,clothing,396893,manufacturer,https://www.backcountry.com/gramicci-g-short-mens,Claimed Weight: [medium] 14oz,
Gramicci,NN-Pant,Pants,Men's Medium,fit=Men's; size=M,,clothing,460000,community,https://gramicci.com/products/nn-pant,No published weight; community estimate for Men's M (organic stretch cotton twill),
High Tail Designs,Hiking Gaiter,Gaiters,,,,clothing,35000,manufacturer,https://www.garagegrowngear.com/products/hiking-gaiter-by-high-tail-designs,Weight: 1.25oz | 35g,
Hoka,Challenger 7,Trail runners,Men's,fit=Men's,size,clothing,504622,manufacturer,https://www.alpinetrek.co.uk/hoka-challenger-atr-7-trail-running-shoes/,"Weight (pair): 17.8 oz (men's), 14.6 oz (women's)",
Hoka,Challenger 7,Trail runners,Women's,fit=Women's,size,clothing,414000,manufacturer,https://www.bergfreunde.eu/hoka-womens-challenger-atr-7-trail-running-shoes/,Weight: 414 g | Reference size: medium-sized pair,
Hoka,Speedgoat 6,Trail runners,Men's,fit=Men's; size=UK 10,,clothing,555651,manufacturer,https://www.alpinetrek.co.uk/hoka-speedgoat-6-trail-running-shoes/,"Weight (pair): (men's), 9.8 oz (single) | pair = 556 g (2× per-shoe)",
Hoka,Speedgoat 6,Trail runners,Women's,fit=Women's; size=UK 8,,clothing,464000,manufacturer,https://www.alpinetrek.co.uk/hoka-womens-speedgoat-6-trail-running-shoes/,Weight: 464 g | Reference size: pair in size UK 8,
Hoka,Torrent 4,Trail runners,Men's,fit=Men's,,clothing,493000,manufacturer,https://www.runningwarehouse.eu/HOKA_Torrent_4/descpage-HTO4CGN-EN.html,Weight: 8.7 oz 248 grams per shoe | pair = 493 g (2× per-shoe),
Hoka,Torrent 4,Trail runners,Women's,fit=Women's,size,clothing,472000,manufacturer,https://www.alpinetrek.co.uk/hoka-womens-torrent-4-trail-running-shoes/,Weight: 472 g | Reference size: medium-sized pair,
Hollow Socks,Trail Socks,Socks,"Ankle, Medium",size=M,,clothing,62000,manufacturer,https://www.garagegrowngear.com/products/trail-socks-by-hollow-socks,Ankle: 2.2oz | 62g (Medium),
Hollow Socks,Trail Socks,Socks,"Crew, Medium",size=M,,clothing,77000,manufacturer,https://www.garagegrowngear.com/products/trail-socks-by-hollow-socks,Crew: 2.7oz | 77g (Medium),
Houdini,Desoli Light Half Zip,Fleece,Men's Large,fit=Men's; size=L,,clothing,212000,manufacturer,https://houdinisportswear.com/en-us/clothing/base-layers/mens-desoli-light-half-zip-840039,Weight men's large: 212 g,
Houdini,Desoli Light Half Zip,Fleece,Women's Medium,fit=Women's; size=M,,clothing,178000,manufacturer,https://houdinisportswear.com/en-us/clothing/base-layers/womens-desoli-light-half-zip-840029,Weight women's medium: 178 g,
Houdini,Desoli Thermal Hat,Beanie,,,,clothing,32000,manufacturer,https://houdinisportswear.com/en-us/clothing/accessories/desoli-thermal-hat-850006,Weight: 32 g,
Houdini,Fall in Jacket,Insulated jacket,Large,size=L,,clothing,1000000,manufacturer,https://houdinisportswear.com/en-us/clothing/jackets/mens-fall-in-jacket-820008,Weight large men: 1000 g,
Houdini,Five to Nine Jacket,Wind jacket,Large,size=L,,clothing,630000,manufacturer,https://houdinisportswear.com/en-us/clothing/jackets/mens-five-to-nine-jacket-810022,"Weight, men's large: 630 g",
Houdini,Go Jacket,Wind jacket,Medium,size=M,,clothing,506000,manufacturer,https://houdinisportswear.com/en-us/clothing/jackets/mens-go-jacket-860028,"Men's medium, weight: 506 g",
Houdini,Lykan Balaclava,Balaclava,,,,clothing,79000,manufacturer,https://houdinisportswear.com/en-us/clothing/accessories/lykan-balaclava-850036,Weight: 79 g,
Houdini,Pace Trail Jacket,Wind jacket,Large,size=L,,clothing,150000,manufacturer,https://houdinisportswear.com/en-us/clothing/jackets/mens-pace-trail-jacket-810058,Weight large men: 150 g,
Houdini,Pace Wind Jacket,Wind jacket,Large,size=L,,clothing,224000,manufacturer,https://houdinisportswear.com/en-us/clothing/jackets/mens-pace-wind-jacket-840005,Large for men weighs 224 g,
Houdini,Power Hat,Beanie,,,,clothing,35000,manufacturer,https://houdinisportswear.com/en-us/clothing/accessories/power-hat-850043,Weight: 35 g,
Houdini,Power Houdi,Fleece,,fit=Men's; size=L,,clothing,478000,manufacturer,https://houdinisportswear.com/en-us/clothing/sweaters-hoodies/mens-power-houdi-830063,Weight 478g,
Houdini,The Orange Jacket,Rain jacket,Large,size=L,,clothing,195000,manufacturer,https://houdinisportswear.com/en-us/clothing/jackets/mens-the-orange-jacket-810006,Large for men weighs 195 g,
Houdini,The Orange Tee,Shirt,Large,size=L,,clothing,130000,manufacturer,https://houdinisportswear.com/en-us/clothing/t-shirts/mens-the-orange-tee-810062,Weight large men: 130 g,
Houdini,Tree Chore Jacket,Jacket,Men's Large,fit=Men's; size=L,,clothing,326000,manufacturer,https://houdinisportswear.com/en-us/clothing/jackets/ms-tree-chore-jacket-860046,Weight Men large: 326 g,
Houdini,Tree Chore Jacket,Jacket,Women's Medium,fit=Women's; size=M,,clothing,284000,manufacturer,https://houdinisportswear.com/en/products/ws-tree-chore-jacket,Weight Women medium: 284 g,
Icebreaker,Merino 200 Waffle Pocket Hat,Beanie,,,,clothing,50000,manufacturer,https://na.icebreaker.com/en-us/products/merino-200-pocket-hat-ibibm200a04,Product weight One Size = 50 g / 1.76 oz,
Injinji,Liner Crew,Sock liners,,,,clothing,11340,measured,https://www.outdoorgearlab.com/reviews/shoes-and-boots/hiking-socks/injinji-liner-crew,"the measured weight for the Injinji Liner Crew is listed as ""0.4 oz""",
Injinji,Trail Midweight Mini-Crew,Socks,,,,clothing,55000,measured,https://brianoutdoorsblog.wordpress.com/2019/05/06/injinji-trail-midweight-mini-crew-toe-socks/,55 grams,
Jolly Gear,Men's Triple Crown Button Down,Sun shirt,Medium,size=M,,clothing,241000,manufacturer,https://www.garagegrowngear.com/products/mens-triple-crown-button-down-by-jolly-gear,Weight: 8.5oz | 241g (medium),
Jolly Gear,Triple Crown Button Down Sun Dress,Dress,Medium,size=M,,clothing,306000,manufacturer,https://www.garagegrowngear.com/products/triple-crown-button-down-sun-dress-by-jolly-gear,Weight: 10.8oz | 306g (medium),
Jolly Gear,Women's Triple Crown Button Down,Sun shirt,Medium,size=M,,clothing,205000,manufacturer,https://www.garagegrowngear.com/products/womens-triple-crown-button-down-by-jolly-gear,Weight: 7.2oz |  205g (medium),
Kahtoola,INSTAgaiter,Gaiters,"Low, L/XL",size=L/XL,,clothing,62000,manufacturer,https://www.garagegrowngear.com/products/instagaiter-low-by-kahtoola,L/XL: 2.2oz | 62g,
Kahtoola,INSTAgaiter,Gaiters,"Low, S/M",size=S/M,,clothing,56000,manufacturer,https://www.garagegrowngear.com/products/instagaiter-low-by-kahtoola,S/M: 2oz | 56g,
Kahtoola,INSTAgaiter,Gaiters,"Mid, L/XL",size=L/XL,,clothing,77000,manufacturer,https://www.garagegrowngear.com/products/instagaiter-low-by-kahtoola,L/XL:  2.7oz | 77g,
Kahtoola,INSTAgaiter,Gaiters,"Mid, S/M",size=S/M,,clothing,68000,manufacturer,https://www.garagegrowngear.com/products/instagaiter-low-by-kahtoola,S/M: 2.4oz | 68g,
Katabatic Gear,Crestone Hood,Fleece,,,size,clothing,74000,manufacturer,https://www.garagegrowngear.com/products/crestone-hood-by-katabatic-gear,Weight: 2.6oz | 74g,
Katabatic Gear,Men's Crest Windshell,Wind jacket,Medium,size=M,,clothing,51000,manufacturer,https://www.garagegrowngear.com/products/mens-crest-windshell-by-katabatic-gear-copy,Weight: 1.8oz | 51g (medium),
Katabatic Gear,Men's Tarn Down Jacket,Down jacket,Medium,size=M,,clothing,264000,manufacturer,https://www.garagegrowngear.com/products/mens-tarn-down-jacket-by-katabatic-gear,Weight: 9.3oz | 264g (medium),
Katabatic Gear,Men's Tincup Down Jacket,Down jacket,Medium,size=M,,clothing,360000,manufacturer,https://www.garagegrowngear.com/products/mens-tincup-down-jacket-by-katabatic-gear,Weight: 12.7oz | 360g (medium),
Katabatic Gear,Windom Hood,Down jacket,Large,size=L,,clothing,51000,manufacturer,https://www.garagegrowngear.com/products/windom-hood-by-katabatic-gear,"Large: 1.8 oz | 51g, 0.9oz fill weight",
Katabatic Gear,Windom Hood,Down jacket,Regular,size=Regular,,clothing,50000,manufacturer,https://www.garagegrowngear.com/products/windom-hood-by-katabatic-gear,"Regular: 1.75 oz | 50g, 0.85oz fill weight",
Katabatic Gear,Women's Crest Windshell,Wind jacket,Medium,size=M,,clothing,48000,manufacturer,https://www.garagegrowngear.com/products/womens-crest-windshell-by-katabatic-gear,Weight: Small: 1.6oz | 45g Medium: 1.7oz | 48g Large: 1.8oz | 51g X-Large: 2.0oz | 57g,
Katabatic Gear,Women's Tarn Down Jacket,Down jacket,Large,size=L,,clothing,292000,manufacturer,https://www.garagegrowngear.com/products/tarn-down-jacket-by-katabatic-gear,10.3oz | 292g,
Katabatic Gear,Women's Tarn Down Jacket,Down jacket,Medium,size=M,,clothing,275000,manufacturer,https://www.garagegrowngear.com/products/tarn-down-jacket-by-katabatic-gear,9.7oz | 275g,
Katabatic Gear,Women's Tarn Down Jacket,Down jacket,Small,size=S,,clothing,258000,manufacturer,https://www.garagegrowngear.com/products/tarn-down-jacket-by-katabatic-gear,9.1oz | 258g,
Katabatic Gear,Women's Tarn Down Jacket,Down jacket,X-Large,size=XL,,clothing,318000,manufacturer,https://www.garagegrowngear.com/products/tarn-down-jacket-by-katabatic-gear,11.2oz | 318g,
Katabatic Gear,Women's Tincup Down Jacket,Down jacket,Large,size=L,,clothing,354000,manufacturer,https://www.garagegrowngear.com/products/womens-tincup-down-jacket-by-katabatic-gear,12.5oz | 354g,
Katabatic Gear,Women's Tincup Down Jacket,Down jacket,Medium,size=M,,clothing,332000,manufacturer,https://www.garagegrowngear.com/products/womens-tincup-down-jacket-by-katabatic-gear,11.7oz | 332g,
Katabatic Gear,Women's Tincup Down Jacket,Down jacket,Small,size=S,,clothing,312000,manufacturer,https://www.garagegrowngear.com/products/womens-tincup-down-jacket-by-katabatic-gear,11oz | 312g,
Katabatic Gear,Women's Tincup Down Jacket,Down jacket,X-Large,size=XL,,clothing,386000,manufacturer,https://www.garagegrowngear.com/products/womens-tincup-down-jacket-by-katabatic-gear,13.6oz | 386g,
Keen,Jasper Zionic,Hiking shoes,Men's,fit=Men's,size,clothing,716000,manufacturer,https://www.keenfootwear.com/products/mens-jasper-zionic-black-alloy,WEIGHT PER SHOE 12.63oz / 358g (per shoe; pair = 716 g),
Keen,Jasper Zionic,Hiking shoes,Women's,fit=Women's,size,clothing,544000,manufacturer,https://www.keenfootwear.com/products/womens-jasper-zionic-birch-cork,WEIGHT PER SHOE 9.59oz / 272g (per shoe; pair = 544 g),
Keen,Targhee III Waterproof Low,Hiking shoes,Men's,fit=Men's,size,clothing,873165,measured,https://runrepeat.com/keen-targhee-iii-waterproof,"Men: 15.4 oz / 437g (brand-stated, per shoe) | pair = 873 g (2× per-shoe)",
Keen,Targhee III Waterproof Low,Hiking shoes,Women's,fit=Women's,size,clothing,714408,measured,https://runrepeat.com/keen-targhee-iii-waterproof,"Women: 12.6 oz / 357g (brand-stated, per shoe) | pair = 714 g (2× per-shoe)",
Keen,Targhee III Waterproof Mid,Hiking boots,Men's,fit=Men's,size,clothing,986563,measured,https://runrepeat.com/keen-targhee-iii-waterproof-mid,"Men: 17.4 oz / 493g (brand-stated, per shoe) | pair = 987 g (2× per-shoe)",
Keen,Targhee III Waterproof Mid,Hiking boots,Women's,fit=Women's,size,clothing,805126,measured,https://runrepeat.com/keen-targhee-iii-waterproof-mid,"Women: 14.2 oz / 403g (brand-stated, per shoe) | pair = 805 g (2× per-shoe)",
Keen,Zionic ADV Open-Air,Hiking shoes,Men's,fit=Men's,size,clothing,666000,manufacturer,https://www.kitterytradingpost.com/keen-men-s-zionic-adv-open-air-hiking-shoe/,Weight: Per shoe: 11.75oz / 333g (per shoe; pair = 666 g),
Kinich Sun Hoods,UV Protective Sun Hood,Sun hoodie,,,size,clothing,55000,manufacturer,https://www.garagegrowngear.com/products/kinich-uv-protective-sun-hood-by-kinich-sun-hoods,Weight: 1.94oz | 55g,
Klättermusen,Allgrön 2.0 Jacket,Rain jacket,Men's Medium,fit=Men's; size=M,,clothing,624000,manufacturer,https://www.klattermusen.com/en-us/10003-allgron-2-0-jacket-ms-black/,Weight: Men's M 624g,
Klättermusen,Allgrön 2.0 Jacket,Rain jacket,Women's,fit=Women's,,clothing,617000,manufacturer,https://www.klattermusen.com/en-us/10004-allgron-2-0-jacket-ws-grape/,Weight 617 g,
Klättermusen,Allvis Scarf,Scarf,,,,clothing,30000,manufacturer,https://www.klattermusen.com/en-us/unisex/all-accessories/10498-allvis-scarf-ruby-red/,Weight 30 g,
Klättermusen,Asynja Jacket,Rain jacket,Men's,fit=Men's,size,clothing,347000,manufacturer,https://www.klattermusen.com/en-eu/10651m11-asynja-jacket-ms-raven/,Weight 347 g,
Klättermusen,Bore 2.0 Down Jacket,Down jacket,Men's Medium,fit=Men's; size=M,,clothing,800000,manufacturer,https://www.klattermusen.com/en/men/down-insulated-jackets/10632u82-bore-2.0-jacket-usex-frost-green/,Weight (men's size M): 800g/28oz,
Klättermusen,Groa LS Tee,Shirt,Men's,fit=Men's,size,clothing,147000,manufacturer,https://www.klattermusen.com/en-us/men/t-shirts/10488-groa-ls-tee-ms-raven/,Weight 147 g,
Klättermusen,Vidre Hood Jacket,Rain jacket,Men's,fit=Men's,size,clothing,228000,manufacturer,https://www.klattermusen.com/en-eu/vidre-hood-jacket-ms-faded-green/,Weight 228 g,
La Sportiva,Bushido III,Trail runners,Men's,fit=Men's,size,clothing,595000,manufacturer,https://www.lasportivausa.com/products/bushido-iii,WEIGHT: 10.5 oz / 300 g per shoe | pair = 595 g (2× per-shoe),
La Sportiva,Bushido III,Trail runners,Women's,fit=Women's,size,clothing,499000,manufacturer,https://www.lasportivausa.com/bushido-iii-womens.html,WEIGHT: 8.8 oz / 250 g per shoe | pair = 499 g (2× per-shoe),
La Sportiva,Ethereal Pro Jacket,Rain jacket,Men's Medium,fit=Men's; size=M,,clothing,157000,manufacturer,https://web.archive.org/web/20250905154433id_/https://www.lasportivausa.com/ethereal-pro-jkt-m.html,"WEIGHT: 157 g / 5.5 oz (Membrane is Pertex Shield, PFAS-free; not GORE-TEX)",
La Sportiva,Ethereal Pro Jacket,Rain jacket,Women's Medium,fit=Women's; size=M,,clothing,144000,manufacturer,https://www.lasportivausa.com/products/ethereal-pro-jacket-womens,WEIGHT: 144 g / 5.1 oz,
La Sportiva,Lumina 200 Down Jacket,Down jacket,Men's,fit=Men's,size,clothing,238000,measured,https://www.treelinereview.com/gearreviews/la-sportiva-lumina-down-jacket-review,8.3 oz / 238 g (men's),
La Sportiva,Lumina 200 Down Jacket,Down jacket,Women's,fit=Women's,size,clothing,206000,measured,https://www.treelinereview.com/gearreviews/la-sportiva-lumina-down-jacket-review,7.2 oz / 206 g (women's),
La Sportiva,Wildcat,Trail runners,Men's,fit=Men's,size,clothing,656000,manufacturer,https://www.lasportivausa.com/products/wildcat,WEIGHT: 12.37 oz / 328 g (per shoe; pair = 656 g),
LEVE Outdoor Co.,Alpha 90 Hoody,Fleece,Medium,size=M,,clothing,113000,manufacturer,https://www.garagegrowngear.com/products/alpha-90-hoody-by-leve-outdoor-co,Weight: 4oz | 113g (Medium),
LightHeart Gear,Alpha Direct 90 Hoodie,Fleece,Men's Medium,fit=Men's; size=M,,clothing,147418,manufacturer,https://lightheartgear.com/products/alpha-direct-90-hoodie-with-kangaroo-pocket,Men's medium weighs 5.2 oz.,
LightHeart Gear,Alpha Direct 90 Hoodie,Fleece,Women's Medium,fit=Women's; size=M,,clothing,153087,manufacturer,https://lightheartgear.com/products/copy-of-alpha-direct-90-hoodie-with-kangaroo-pocket-womens,WOMEN'S SIZING Size Bust weight (oz) X-Small 32 5.1 Small 34 5.3 Medium 36 5.4 Large 38 5.5 X-Large 42 5.6,
LightHeart Gear,Rain Jacket,Rain jacket,Large,size=L,,clothing,221000,manufacturer,https://www.garagegrowngear.com/products/rain-jacket-by-lightheart-gear,7.8oz | 221g,
LightHeart Gear,Rain Jacket,Rain jacket,Medium,size=M,,clothing,210000,manufacturer,https://www.garagegrowngear.com/products/rain-jacket-by-lightheart-gear,7.4oz | 210g,
LightHeart Gear,Rain Jacket,Rain jacket,Small,size=S,,clothing,201000,manufacturer,https://www.garagegrowngear.com/products/rain-jacket-by-lightheart-gear,7.1oz | 201g,
LightHeart Gear,Rain Jacket,Rain jacket,X-Large,size=XL,,clothing,232000,manufacturer,https://www.garagegrowngear.com/products/rain-jacket-by-lightheart-gear,8.2oz | 232g,
LightHeart Gear,Rain Jacket,Rain jacket,X-Small,size=XS,,clothing,179000,manufacturer,https://www.garagegrowngear.com/products/rain-jacket-by-lightheart-gear,6.3oz | 179g,
LightHeart Gear,Rain Pants,Rain pants,Large,size=L,,clothing,130000,manufacturer,https://www.garagegrowngear.com/products/rain-pants-by-lightheart-gear,4.6oz | 130g,
LightHeart Gear,Rain Pants,Rain pants,Medium,size=M,,clothing,125000,manufacturer,https://www.garagegrowngear.com/products/rain-pants-by-lightheart-gear,4.4oz | 125g,
LightHeart Gear,Rain Pants,Rain pants,X-Large,size=XL,,clothing,142000,manufacturer,https://www.garagegrowngear.com/products/rain-pants-by-lightheart-gear,5oz | 142g,
LightHeart Gear,Rain Pants,Rain pants,X-Small,size=XS,,clothing,105000,manufacturer,https://www.garagegrowngear.com/products/rain-pants-by-lightheart-gear,3.7oz | 105g,
LightHeart Gear,Rain Pants,Rain pants,XX-Large,size=XXL,,clothing,153000,manufacturer,https://www.garagegrowngear.com/products/rain-pants-by-lightheart-gear,5.4oz | 153g,
LightHeart Gear,Rain Wrap Skirt,Rain skirt,Large,size=L,,clothing,79000,manufacturer,https://www.garagegrowngear.com/products/rain-wrap-ultralight-rain-skirt-by-lightheart-gear,2.8oz | 79g,
LightHeart Gear,Rain Wrap Skirt,Rain skirt,Medium,size=M,,clothing,71000,manufacturer,https://www.garagegrowngear.com/products/rain-wrap-ultralight-rain-skirt-by-lightheart-gear,2.5oz | 71g,
LightHeart Gear,Rain Wrap Skirt,Rain skirt,X-Large,size=XL,,clothing,91000,manufacturer,https://www.garagegrowngear.com/products/rain-wrap-ultralight-rain-skirt-by-lightheart-gear,3.2oz | 91g,
LightHeart Gear,Rain Wrap Skirt,Rain skirt,X-Small,size=XS,,clothing,62000,manufacturer,https://www.garagegrowngear.com/products/rain-wrap-ultralight-rain-skirt-by-lightheart-gear,2.2oz | 62g,
LightHeart Gear,Rain Wrap Skirt,Rain skirt,XX-Large,size=XXL,,clothing,108000,manufacturer,https://www.garagegrowngear.com/products/rain-wrap-ultralight-rain-skirt-by-lightheart-gear,3.8oz | 108g,
Mayfly Ultralight Equipment,Imago,Trail runners,Men's US 9,fit=Men's; size=US 9,,clothing,51000,manufacturer,https://www.garagegrowngear.com/products/imago-by-mayfly-ultralight-equipment,Weight: 1.8oz | 51g (men's size 9),
Mayfly Ultralight Equipment,Nymph,Trail runners,Men's US 9,fit=Men's; size=US 9,,clothing,48000,manufacturer,https://www.garagegrowngear.com/products/nymph-by-mayfly-ultralight-equipment,Weight: 1.7oz | 48g (men's size 9),
Melanzana,Micro Grid Hoodie V2,Fleece,Men's Large,fit=Men's; size=L,,clothing,343029,manufacturer,https://melanzana.com/products/2025-micro-grid-hoodie-v2,"Women's M 9.3oz, Men's L 12.1 oz",
Melanzana,Micro Grid Hoodie V2,Fleece,Women's Medium,fit=Women's; size=M,,clothing,263651,manufacturer,https://melanzana.com/products/2025-micro-grid-hoodie-v2,"Designed, cut, sewn and sold in Leadville, Colorado. Women’s M 9.3oz, Men’s L 12.1 oz.",
Merrell,Moab 3,Hiking shoes,"Men's, Low",fit=Men's,size,clothing,919000,manufacturer,https://www.merrell.com/US/en/moab-3/52481M.html,Men: 16.2 oz / 460g per shoe | pair = 919 g (2× per-shoe),
Merrell,Moab 3,Hiking shoes,"Women's, Low",fit=Women's,size,clothing,700000,manufacturer,https://www.merrell.com/US/en/moab-3/51004W.html,"Half pair weight: 0lbs-12.34oz, 350g | pair = 700 g (2× per-shoe)",
Metolius,Talon Belay Gloves,Gloves,Medium,size=M,,clothing,59534,manufacturer,https://www.rei.com/product/192100/metolius-talon-belay-gloves,"Weight: XS: 1.7 ounces, S: 1.8 ounces, M: 2.1 ounces, L: 2.3 ounces, XL: 2.5 ounces",
Montbell,Alpine Light Down Parka,Down jacket,Men's Medium,fit=Men's; size=M,,clothing,391223,manufacturer,https://web.archive.org/web/20250828103536id_/https://www.montbell.com/us/en/products/detail/2301366,Weight 391 g (13.8 oz),
Montbell,Alpine Light Down Parka,Down jacket,Women's Medium,fit=Women's; size=M,,clothing,363000,manufacturer,https://www.montbell.com/us/en/products/detail/2301430,Weight： 12.8 oz / 363 g,
Montbell,EX Light Down Anorak,Down jacket,Men's Medium,fit=Men's; size=M,,clothing,215456,manufacturer,https://web.archive.org/web/20250321083016id_/https://www.montbell.com/us/en/products/detail/2301351,"Weight 215 g (7.6 oz), stuff sack included",
Montbell,EX Light Down Jacket,Down jacket,"Men's Medium, full-zip",fit=Men's; size=M,,clothing,161592,manufacturer,https://www.backcountry.com/montbell-ex-light-down-jacket-mens,Claimed Weight: 5.7 oz (Men's M),
Montbell,EX Light Down Jacket,Down jacket,"Women's Medium, full-zip",fit=Women's; size=M,,clothing,135000,manufacturer,https://web.archive.org/web/20160113231637/http://www.montbell.us/products/disp.php?p_id=2301345,Weight 4.8 oz. (135 g),
Montbell,EX Light Thermawrap Jacket,Synthetic jacket,Men's,fit=Men's,size,clothing,174000,manufacturer,https://www.montbell.com/us/en/products/detail/1101688,Weight： 6.1 oz / 174 g,
Montbell,EX Light Thermawrap Jacket,Synthetic jacket,Women's,fit=Women's,size,clothing,159000,manufacturer,https://www.montbell.com/us/en/products/detail/2301438,Weight： 5.6 oz / 159 g,
Montbell,EX Light Thermawrap Parka,Synthetic jacket,Men's,fit=Men's,size,clothing,200000,manufacturer,https://www.montbell.com/us/en/products/detail/1101686,Weight： 7.1 oz / 200 g,
Montbell,EX Light Thermawrap Parka,Synthetic jacket,Women's,fit=Women's,size,clothing,173000,manufacturer,https://www.montbell.com/us/en/products/detail/1101687,Weight： 6.1 oz / 173 g,
Montbell,Plasma 1000 Down Jacket,Down jacket,Men's Medium,fit=Men's; size=M,,clothing,136078,manufacturer,https://www.montbell.com/us/en/products/detail/2301381,Plasma 1000 Down Jacket — manufacturer advertised weight 4.8 oz (136 g) (montbell.com),
Montbell,Storm Cruiser Jacket,Rain jacket,Men's Medium,fit=Men's; size=M,,clothing,283495,manufacturer,https://web.archive.org/web/20250419023338id_/https://www.montbell.com/us/en/products/detail/2328174,Weight 284 g (10 oz),
Montbell,Storm Cruiser Jacket,Rain jacket,Women's Medium,fit=Women's; size=M,,clothing,253000,manufacturer,https://www.montbell.com/us/en/products/detail/2328175,Weight： 8.9 oz / 253 g,
Montbell,Superior Down Jacket,Down jacket,Women's,fit=Women's,,clothing,174000,manufacturer,https://www.montbell.com/us/en/products/detail/2301378,Superior Down Jacket Women's — Weight: 6.1 oz / 174 g,
Montbell,Superior Down Round Neck Vest,Vest,Women's,fit=Women's,,clothing,109000,manufacturer,https://www.montbell.com/us/en/products/detail/2301421,Superior Down Round Neck Vest Women's — Weight: 3.8 oz / 109 g,
Montbell,Superior Down Vest,Vest,Men's,fit=Men's,,clothing,154000,manufacturer,https://www.montbell.com/us/en/products/detail/2301379,Weight: 5.4 oz / 154 g,
Montbell,Tempest Jacket,Rain jacket,Men's,fit=Men's,,clothing,259000,manufacturer,https://www.montbell.com/us/en/products/detail/2328313,"259 g / 9.1 oz (271 g / 9.6 oz incl. stuff sack) — GORE-TEX rain shell, US #2328313 men's; women's is #2328314. User typed just 'Mont bell tempest'.",
Montbell,Tempest Jacket,Rain jacket,Women's,fit=Women's,,clothing,223000,manufacturer,https://www.montbell.com/us/en/products/detail/1128723,Weight： 7.9 oz / 223 g,
Montbell,Thermawrap Classic Jacket,Synthetic jacket,,,size,clothing,272000,manufacturer,https://www.montbell.com/us/en/products/detail/2301354,Weight： 9.6 oz / 272 g,
Montbell,Thermawrap Parka,Synthetic jacket,Men's,fit=Men's,size,clothing,322000,manufacturer,https://www.montbell.com/us/en/products/detail/1101641,Weight： 11.4 oz / 322 g,
Montbell,Thermawrap Parka,Synthetic jacket,Women's,fit=Women's,size,clothing,296000,manufacturer,https://www.montbell.com/us/en/products/detail/1101642,Weight： 10.4 oz / 296 g,
Montbell,Thermawrap Pro,Synthetic jacket,Men's,fit=Men's,size,clothing,428000,manufacturer,https://www.montbell.com/us/en/products/detail/2301180,Weight： 15.1 oz / 428 g,
Montbell,Thermawrap Pro,Synthetic jacket,Women's,fit=Women's,size,clothing,365000,manufacturer,https://www.montbell.com/us/en/products/detail/2301181,Weight： 12.9 oz / 365 g,
Montbell,Trekking Gloves,Gloves,Men's,fit=Men's,,clothing,58000,manufacturer,https://www.montbell.com/us/en/products/detail/1118289,Weight: 58 g (2 oz),
Montbell,Trekking Gloves,Gloves,Women's,fit=Women's,,clothing,49000,manufacturer,https://www.montbell.com/us/en/products/detail/1118310,Weight： 1.7 oz / 49 g,
Montbell,U.L. Thermawrap Jacket,Synthetic jacket,Men's,fit=Men's,size,clothing,241000,manufacturer,https://www.montbell.com/us/en/products/detail/2301300,Weight： 8.5 oz / 241 g,
Montbell,U.L. Thermawrap Jacket,Synthetic jacket,Women's,fit=Women's,size,clothing,203000,manufacturer,https://www.montbell.com/us/en/products/detail/2301385,Weight： 7.2 oz / 203 g,
Montbell,U.L. Thermawrap Parka,Synthetic jacket,Women's,fit=Women's,size,clothing,217000,manufacturer,https://www.montbell.com/us/en/products/detail/1101597,Weight： 7.7 oz / 217 g,
Montbell,Versalite Jacket,Rain jacket,Men's Medium,fit=Men's; size=M,,clothing,181437,manufacturer,https://web.archive.org/web/2id_/https://www.montbell.com/us/en/products/detail/2328169,Weight 182 g (6.4 oz),
Montbell,Versalite Jacket,Rain jacket,Women's Medium,fit=Women's; size=M,,clothing,165000,manufacturer,https://www.montbell.com/us/en/products/detail/2328170,Weight： 5.8 oz / 165 g,
Montbell,Versalite Pants,Rain pants,Men's Medium,fit=Men's; size=M,,clothing,90718,manufacturer,https://euro.montbell.com/products/disp.php?p_id=2328232,Weight 91 g (3.2 oz),
Montbell,Versalite Pants,Rain pants,Women's Medium,fit=Women's; size=M,,clothing,83000,manufacturer,https://www.montbell.com/us/en/products/detail/2328233,Weight： 2.9 oz / 83 g,
Montbell,Zeo-Line Light Weight Round Neck Shirt,Base layer top,Men's,fit=Men's,,clothing,120000,manufacturer,https://www.montbell.com/us/en/products/detail/1107732,Average Weight: 120 g (4.2 oz),
Montbell,Zeo-Line Light Weight Round Neck Shirt,Base layer top,Women's,fit=Women's,,clothing,90000,manufacturer,https://www.montbell.com/us/en/products/detail/1107733,Weight： 3.2 oz / 90 g,
Montbell,Zeo-Line Middle Weight Round Neck Shirt,Base layer top,Men's,fit=Men's,size,clothing,159000,manufacturer,https://www.montbell.com/us/en/products/detail/1107704,Weight： 5.6 oz / 159 g,
Montbell,Zeo-Line Middle Weight Round Neck Shirt,Base layer top,Women's,fit=Women's,size,clothing,122000,manufacturer,https://www.montbell.com/us/en/products/detail/1107705,Weight： 4.3 oz / 122 g,
MooseTrack Packs,Dyneema Hooded Half-Poncho,Poncho,,,,clothing,82000,manufacturer,https://www.garagegrowngear.com/products/hooded-half-poncho-by-moose-track-packs,Weight: 2.9oz | 82g,
MooseTrack Packs,SwitchBack Convertible Mittens,Mittens,M/L,size=M/L,,clothing,45000,manufacturer,https://www.garagegrowngear.com/products/switchback-convertible-mittens-by-moose-track-packs,Medium/Large: 1.6oz | 45g,
MooseTrack Packs,SwitchBack Convertible Mittens,Mittens,S/M,size=S/M,,clothing,37000,manufacturer,https://www.garagegrowngear.com/products/switchback-convertible-mittens-by-moose-track-packs,Small/Medium: 1.3oz | 37g,
Mountain Hardwear,Absolute Zero Gore-Tex Mitt,Mittens,,,,clothing,286000,manufacturer,https://www.mountainhardwear.jp/shop/g/gOU7449010----S000/,重量(g) (目安) 286g,
Mountain Hardwear,Air Trail Cap,Hat,,,,clothing,30000,manufacturer,https://www.mountainhardwear.jp/shop/g/gOE7993010--OZS000/,重量(g) (目安) 30g,
Mountain Hardwear,AirMesh Half Zip,Sun shirt,Men's Medium,fit=Men's; size=M,,clothing,158500,manufacturer,https://www.mountainhardwear.com/p/mens-airmesh-half-zip-2145811.html,Approx. Weight*: 5.6 oz / 158.5 g (the maker's Japanese listing of this style states its weight for size M),
Mountain Hardwear,AirMesh Half Zip,Sun shirt,Women's Medium,fit=Women's; size=M,,clothing,131000,manufacturer,https://www.mountainhardwear.com/p/womens-airmesh-half-zip-2145781.html,Approx. Weight*: 4.6 oz / 131 g (the maker's Japanese listing of this style states its weight for size M),
Mountain Hardwear,AirMesh Long Sleeve,Sun shirt,Men's Medium,fit=Men's; size=M,,clothing,157000,manufacturer,https://www.mountainhardwear.com/p/mens-airmesh-long-sleeve-2128941.html,Approx. Weight*: 5.5 oz / 157 g (the maker's Japanese listing of this style states its weight for size M),
Mountain Hardwear,Airmesh Long Sleeve Crew,Sun shirt,Women's Medium,fit=Women's; size=M,,clothing,134000,manufacturer,https://www.mountainhardwear.jp/shop/g/gOL6981004---XS000/,重量(g) (目安) 134g[Mサイズ],
Mountain Hardwear,AirMesh Long Sleeve Hoody,Sun hoodie,Men's Medium,fit=Men's; size=M,,clothing,178000,manufacturer,https://www.mountainhardwear.com/p/mens-airmesh-long-sleeve-hoody-2128931.html,Approx. Weight*: 6.3 oz / 178 g (the maker's Japanese listing of this style states its weight for size M),
Mountain Hardwear,AirMesh Long Sleeve Hoody,Sun hoodie,Women's Medium,fit=Women's; size=M,,clothing,158500,manufacturer,https://www.mountainhardwear.com/p/womens-airmesh-long-sleeve-hoody-2129551.html,Approx. Weight*: 5.6 oz / 158.5 g (the maker's Japanese listing of this style states its weight for size M),
Mountain Hardwear,All Tracks GORE-TEX Glove,Gloves,,,,clothing,229000,manufacturer,https://www.mountainhardwear.jp/shop/g/gOM1393337----S000/,重量(g) (目安) 229g,
Mountain Hardwear,All Tracks GORE-TEX Mitt,Mittens,,,,clothing,208000,manufacturer,https://www.mountainhardwear.jp/shop/g/gOU7791574----S000/,重量(g) (目安) 208g,
Mountain Hardwear,Après Pro Fleece Hoody,Fleece,Men's,fit=Men's,size,clothing,549000,manufacturer,https://www.mountainhardwear.com/p/mens-apr%C3%A8s-pro-fleece-hoody-2166351.html,Approx. Weight*: 1 lb 3.4 oz / 549 g,
Mountain Hardwear,Après Pro Fleece Hoody,Fleece,Women's,fit=Women's,size,clothing,515000,manufacturer,https://www.mountainhardwear.com/p/womens-apr%C3%A8s-pro-fleece-hoody-2166581.html,Approx. Weight*: 1 lb 2.2 oz / 515 g,
Mountain Hardwear,Après Pro Fleece Jacket,Fleece,Men's Medium,fit=Men's; size=M,,clothing,521000,manufacturer,https://www.mountainhardwear.com/p/mens-apr%C3%A8s-pro-fleece-jacket-2166361.html,Approx. Weight*: 1 lb 2.4 oz / 521 g (the maker's Japanese listing of this style states its weight for size M),
Mountain Hardwear,Après Pro Fleece Jacket,Fleece,Women's,fit=Women's,size,clothing,500000,manufacturer,https://www.mountainhardwear.com/p/womens-apr%C3%A8s-pro-fleece-jacket-2166591.html,Approx. Weight*: 1 lb 1.6 oz / 500 g,
Mountain Hardwear,Après Pro Insulated Hooded Jacket,Insulated jacket,Men's,fit=Men's,size,clothing,590000,manufacturer,https://www.mountainhardwear.com/p/mens-apr%C3%A8s-pro-insulated-hooded-jacket-2131801.html,Approx. Weight*: 1 lb 4.8 oz / 590 g,
Mountain Hardwear,Après Pro Insulated Hooded Jacket,Insulated jacket,Women's,fit=Women's,size,clothing,453000,manufacturer,https://www.mountainhardwear.com/p/womens-apr%C3%A8s-pro-insulated-hooded-jacket-2131811.html,Approx. Weight*: 16 oz / 453 g,
Mountain Hardwear,Ascent Pant,Hiking pants,"Men's Medium, Asian fit",fit=Men's; size=M,,clothing,320000,manufacturer,https://www.mountainhardwear.jp/shop/g/gOE0876004----S00R/,重量(g) (目安) 320g(Mサイズ),
Mountain Hardwear,Ascent Pant,Hiking pants,"Women's Medium, Asian fit",fit=Women's; size=M,,clothing,270000,manufacturer,https://www.mountainhardwear.jp/shop/g/gOR2131004----S00R/,重量(g) (目安) 270 g(Mサイズ),
Mountain Hardwear,Backyarn Cap,Hat,,,,clothing,96000,manufacturer,https://www.mountainhardwear.jp/shop/g/gOU8094011--OZS000/,重量(g) (目安) 96g,
Mountain Hardwear,Boundary Ridge GORE-TEX Bib,Rain pants,Men's,fit=Men's,size,clothing,792000,manufacturer,https://www.mountainhardwear.com/p/mens-boundary-ridge-gore-tex-bib-2043301.html,Approx. Weight*: 1 lb 11.9 oz / 792 g,
Mountain Hardwear,Boundary Ridge GORE-TEX Bib,Rain pants,Women's,fit=Women's,size,clothing,746000,manufacturer,https://www.mountainhardwear.com/p/womens-boundary-ridge-gore-tex-bib-2043211.html,Approx. Weight*: 1 lb 10.3 oz / 746 g,
Mountain Hardwear,Box Logo Long Sleeve,Shirt,Men's Medium,fit=Men's; size=M,,clothing,185000,manufacturer,https://www.mountainhardwear.jp/shop/g/gOM1501010----S000/,重量(g) (目安) 185g(Mサイズ),
Mountain Hardwear,Box Logo Short Sleeve,Shirt,Men's Medium,fit=Men's; size=M,,clothing,186000,manufacturer,https://www.mountainhardwear.jp/shop/g/gOM1502010----S000/,重量(g) (目安) 186g[Mサイズ],
Mountain Hardwear,Butter Up Half Zip,Fleece,Women's Medium,fit=Women's; size=M,,clothing,170000,manufacturer,https://www.mountainhardwear.jp/shop/g/gOL0849010---XS000/,重量(g) (目安) 170g(Mサイズ),
Mountain Hardwear,Butter Up Long Sleeve,Fleece,Men's Medium,fit=Men's; size=M,,clothing,188000,manufacturer,https://www.mountainhardwear.jp/shop/g/gOM6324010----S000/,重量(g) (目安) 188g(Mサイズ),
Mountain Hardwear,Butter Up Long Sleeve,Fleece,Women's Medium,fit=Women's; size=M,,clothing,154000,manufacturer,https://www.mountainhardwear.jp/shop/g/gOL6323417---XS000/,重量(g) (目安) 154g(Mサイズ),
Mountain Hardwear,Butter Up Long Sleeve Half Zip,Fleece,Men's Medium,fit=Men's; size=M,,clothing,170000,manufacturer,https://www.mountainhardwear.jp/shop/g/gOM0594010----S000/,重量(g) (目安) 170g(Mサイズ),
Mountain Hardwear,Caelum Dome,Beanie,,,,clothing,78000,manufacturer,https://www.mountainhardwear.jp/shop/g/gOU7828007--OZS000/,重量(g) (目安) 78g,
Mountain Hardwear,Canyon Long Sleeve,Sun shirt,"Women's Medium, Asian fit",fit=Women's; size=M,,clothing,152000,manufacturer,https://www.mountainhardwear.jp/shop/g/gOR3344056----S000/,重量(g) (目安) 152 g(Mサイズ),
Mountain Hardwear,Canyon Long Sleeve Shirt,Sun shirt,"Men's Medium, Asian fit",fit=Men's; size=M,,clothing,209000,manufacturer,https://www.mountainhardwear.jp/shop/g/gOE0776055----S000/,重量(g) (目安) 209g(Mサイズ),
Mountain Hardwear,Canyon Long Sleeve Shirt,Sun shirt,Women's,fit=Women's,size,clothing,166500,manufacturer,https://www.mountainhardwear.com/p/womens-canyon-long-sleeve-shirt-2110541.html,Approx. Weight*: 5.9 oz / 166.5 g,
Mountain Hardwear,Canyon Short Sleeve,Sun shirt,"Men's Medium, Asian fit",fit=Men's; size=M,,clothing,169000,manufacturer,https://www.mountainhardwear.jp/shop/g/gOE0969055----S000/,重量(g) (目安) 169g(Mサイズ),
Mountain Hardwear,Chockstone Alpine LT Hooded Jacket,Softshell hoodie,Men's Medium,fit=Men's; size=M,,clothing,489000,manufacturer,https://www.mountainhardwear.com/p/mens-chockstone-alpine-light-hooded-jacket-2063191.html,Approx. Weight*: 1 lb 1.2 oz / 489 g (the maker's Japanese listing of this style states its weight for size M),
Mountain Hardwear,Chockstone Alpine LT Hooded Jacket,Softshell hoodie,Women's Medium,fit=Women's; size=M,,clothing,446000,manufacturer,https://www.mountainhardwear.com/p/womens-chockstonealpine-light-hooded-jacket-2063331.html,Approx. Weight*: 15.7 oz / 446 g (the maker's Japanese listing of this style states its weight for size M),
Mountain Hardwear,Chockstone Alpine LT Pant,Hiking pants,"Men's Medium, Regular",fit=Men's; size=M; length=Regular,,clothing,484000,manufacturer,https://www.mountainhardwear.com/p/mens-chockstone-alpine-light-pant-2063201.html,Approx. Weight*: 1 lb 1.1 oz / 484 g (the maker's Japanese listing of this style states its weight for size M),
Mountain Hardwear,Chockstone Alpine LT Pant,Hiking pants,"Women's Medium, Short",fit=Women's; size=M; length=Short,,clothing,327000,manufacturer,https://www.mountainhardwear.com/p/womens-chockstone-alpine-light-pant-2063361.html,Approx. Weight*: 11.5 oz / 327 g (the maker's Japanese listing of this style states its weight for size M),
Mountain Hardwear,Chockstone Alpine Pant,Hiking pants,Men's Medium,fit=Men's; size=M,,clothing,498000,manufacturer,https://www.mountainhardwear.com/p/mens-chockstone-alpine-pant-2091871.html,Approx. Weight*: 1 lb 1.6 oz / 498 g (the maker's Japanese listing of this style states its weight for size M),
Mountain Hardwear,Chockstone Alpine Pant,Hiking pants,Women's Medium,fit=Women's; size=M,,clothing,483000,manufacturer,https://www.mountainhardwear.com/p/womens-chockstone-alpine-pant-2092441.html,Approx. Weight*: 1 lb 1 oz / 483 g (the maker's Japanese listing of this style states its weight for size M),
Mountain Hardwear,Cloud Bank GORE-TEX Jacket,Rain jacket,Men's,fit=Men's,size,clothing,982000,manufacturer,https://www.mountainhardwear.com/p/mens-cloud-bank-gore-tex-jacket-2091881.html,Approx. Weight*: 2 lb 2.6 oz / 982 g,
Mountain Hardwear,Cloud Bank GORE-TEX Pant,Rain pants,Men's,fit=Men's,size,clothing,665000,manufacturer,https://www.mountainhardwear.com/p/mens-cloud-bank-gore-tex-pant-2091901.html,Approx. Weight*: 1 lb 7.5 oz / 665 g,
Mountain Hardwear,Cloud Bank GORE-TEX Pant,Rain pants,Women's,fit=Women's,size,clothing,617000,manufacturer,https://www.mountainhardwear.com/p/womens-cloud-bank-gore-tex-pant-2132411.html,Approx. Weight*: 1 lb 5.8 oz / 617 g,
Mountain Hardwear,Cloud Cipher Hooded Jacket,Insulated jacket,Men's Medium,fit=Men's; size=M,,clothing,333000,manufacturer,https://www.mountainhardwear.com/p/mens-cloud-cipher-hooded-rain-jacket-2146671.html,Approx. Weight*: 11.7 oz / 333 g (the maker's Japanese listing of this style states its weight for size M),
Mountain Hardwear,Cloud Cipher Hooded Jacket,Insulated jacket,Women's Medium,fit=Women's; size=M,,clothing,316000,manufacturer,https://www.mountainhardwear.com/p/womens-cloud-cipher-hooded-rain-jacket-2146761.html,Approx. Weight*: 11.1 oz / 316 g (the maker's Japanese listing of this style states its weight for size M),
Mountain Hardwear,Cohesion Jacket,Rain jacket,"Medium, Asian fit",size=M,,clothing,393000,manufacturer,https://www.mountainhardwear.jp/shop/g/gOE1749010--XXS000/,"重量(g) (目安) 393g(Mサイズ),353g(XSサイズ)",
Mountain Hardwear,Cohesion Pant,Rain pants,"Medium, Asian fit",size=M,,clothing,236000,manufacturer,https://www.mountainhardwear.jp/shop/g/gOE1750010--XXS00R/,重量(g) (目安) 236g(Mサイズ)、222g(XSサイズ),
Mountain Hardwear,Compressor Alpine Hooded Jacket,Insulated jacket,Men's Medium,fit=Men's; size=M,,clothing,756000,manufacturer,https://www.mountainhardwear.com/p/mens-compressor-alpine-hooded-insulated-jacket-2091911.html,Approx. Weight*: 1 lb 10.7 oz / 756 g (the maker's Japanese listing of this style states its weight for size M),
Mountain Hardwear,Compressor Alpine Insulated Hooded Jacket,Insulated jacket,Women's,fit=Women's,size,clothing,707000,manufacturer,https://www.mountainhardwear.com/p/womens-compressor-alpine-insulated-hooded-jacket-2092471.html,Approx. Weight*: 1 lb 8.9 oz / 707 g,
Mountain Hardwear,Compressor Alpine Insulated Pant,Hiking pants,Men's,fit=Men's,size,clothing,606000,manufacturer,https://www.mountainhardwear.com/p/mens-compressor-alpine-insulated-pant-2091931.html,Approx. Weight*: 1 lb 5.4 oz / 606 g,
Mountain Hardwear,Compressor Alpine Insulated Pant,Hiking pants,Women's,fit=Women's,size,clothing,604000,manufacturer,https://www.mountainhardwear.com/p/womens-compressor-alpine-insulated-pant-2092481.html,Approx. Weight*: 1 lb 5.3 oz / 604 g,
Mountain Hardwear,Compressor Gore-Tex Mitt,Mittens,,,,clothing,137000,manufacturer,https://www.mountainhardwear.com/p/compressor-gore-tex-mitt-2096411.html,Approx. Weight*: 4.8 oz / 137 g,
Mountain Hardwear,Cordoroy Dad Cap,Hat,,,,clothing,83000,manufacturer,https://www.mountainhardwear.jp/shop/g/gOU8089007--OZS000/,重量(g) (目安) 83g,
Mountain Hardwear,Crater Lake Crop Zip Shirt,Sun shirt,Women's,fit=Women's,size,clothing,138500,manufacturer,https://www.mountainhardwear.com/p/womens-crater-lake-crop-zip-shirt-2068771.html,Approx. Weight*: 4.9 oz / 138.5 g,
Mountain Hardwear,Crater Lake Heavyweight Half Zip Hoody,Sun hoodie,Men's,fit=Men's,size,clothing,273500,manufacturer,https://www.mountainhardwear.com/p/mens-crater-lake-heavyweight-half-zip-hoody-2128961.html,Approx. Weight*: 9.6 oz / 273.5 g,
Mountain Hardwear,Crater Lake Heavyweight Half Zip Hoody,Sun hoodie,Women's,fit=Women's,size,clothing,232000,manufacturer,https://www.mountainhardwear.com/p/womens-crater-lake-heavyweight-half-zip-hoody-2129571.html,Approx. Weight*: 8.2 oz / 232 g,
Mountain Hardwear,Crater Lake Hoody,Sun hoodie,Men's,fit=Men's,size,clothing,167262,manufacturer,https://www.mountainhardwear.com/p/mens-crater-lake-hoody-1982411.html,Avg. Weight: 5.9 oz,
Mountain Hardwear,Crater Lake Hoody,Sun hoodie,Women's,fit=Women's,size,clothing,151500,manufacturer,https://www.mountainhardwear.com/p/womens-crater-lake-long-sleeve-hoody-1829681.html,Approx. Weight*: 5.3 oz / 151.5 g,
Mountain Hardwear,Crater Lake Long Sleeve,Sun shirt,Women's Medium,fit=Women's; size=M,,clothing,130000,manufacturer,https://www.mountainhardwear.com/p/womens-crater-lake-long-sleeve-shirt-1982721.html,Approx. Weight*: 4.6 oz / 130 g (the maker's Japanese listing of this style states its weight for size M),
Mountain Hardwear,Crater Lake Long Sleeve Crew Shirt,Sun shirt,Men's,fit=Men's,size,clothing,147000,manufacturer,https://www.mountainhardwear.com/p/mens-crater-lake-long-sleeve-crew-shirt-1982421.html,Approx. Weight*: 5.2 oz / 147 g,
Mountain Hardwear,Crater Lake Long-Sleeve Crop Top,Shirt,Women's,fit=Women's,size,clothing,101000,manufacturer,https://www.mountainhardwear.com/p/womens-crater-lake-long-sleeve-crop-shirt-1986771.html,Approx. Weight*: 3.6 oz / 101 g (the maker's page calls it the Crater Lake Long Sleeve Crop Shirt; Backcountry's listing claimed 6 oz),
Mountain Hardwear,Deep Drift Fleece Full Zip,Fleece,Men's,fit=Men's,size,clothing,773500,manufacturer,https://www.mountainhardwear.com/p/mens-deep-drift-fleece-full-zip-2166761.html,Approx. Weight*: 1 lb 11.3 oz / 773.5 g,
Mountain Hardwear,Deep Drift Fleece Full Zip,Fleece,Women's,fit=Women's,size,clothing,659000,manufacturer,https://www.mountainhardwear.com/p/womens-deep-drift-fleece-full-zip-2166611.html,Approx. Weight*: 1 lb 7.2 oz / 659 g,
Mountain Hardwear,Deep Drift Fleece Hoody,Fleece,Men's,fit=Men's,size,clothing,859500,manufacturer,https://www.mountainhardwear.com/p/mens-deep-drift-fleece-hoody-2166751.html,Approx. Weight*: 1 lb 14.3 oz / 859.5 g,
Mountain Hardwear,Deep Drift Fleece Hoody,Fleece,Women's,fit=Women's,size,clothing,762500,manufacturer,https://www.mountainhardwear.com/p/womens-deep-drift-fleece-hoody-2166601.html,Approx. Weight*: 1 lb 10.9 oz / 762.5 g,
Mountain Hardwear,Dome Roamer Tech Hat,Hat,,,,clothing,42000,manufacturer,https://www.mountainhardwear.jp/shop/g/gOU8093010--OZS000/,重量(g) (目安) 42g,
Mountain Hardwear,Double Dragon Alpine Pant,Hiking pants,"Men's Medium, Asian fit",fit=Men's; size=M,,clothing,454000,manufacturer,https://www.mountainhardwear.jp/shop/g/gOE1692006----S00R/,重量(g) (目安) 454g(Mサイズ),
Mountain Hardwear,Dry Times Hooded Rain Jacket,Rain jacket,Men's,fit=Men's,size,clothing,570000,manufacturer,https://www.mountainhardwear.com/p/mens-dry-times-hooded-rain-jacket-2109641.html,Approx. Weight*: 1 lb 4.1 oz / 570 g,
Mountain Hardwear,Dwight Cadet,Hat,,,,clothing,63000,manufacturer,https://www.mountainhardwear.jp/shop/g/gOE7855010--REG000/,重量(g) (目安) 63g,
Mountain Hardwear,Dwight Cap,Hat,,,,clothing,63000,manufacturer,https://www.mountainhardwear.jp/shop/g/gOE7811010--REG000/,重量(g) (目安) 63g,
Mountain Hardwear,Dwight Hat,Hat,,,,clothing,75000,manufacturer,https://www.mountainhardwear.jp/shop/g/gOE7854010----R000/,重量(g) (目安) 75g,
Mountain Hardwear,Dynama Ankle Pant,Hiking pants,Women's Medium,fit=Women's; size=M,,clothing,202000,manufacturer,https://www.mountainhardwear.com/p/womens-dynama-ankle-pant-2095541.html,Approx. Weight*: 7.1 oz / 202 g (the maker's Japanese listing of this style states its weight for size M),
Mountain Hardwear,Dynama Bermuda,Shorts,Women's Medium,fit=Women's; size=M,,clothing,153000,manufacturer,https://www.mountainhardwear.com/p/womens-dynama-bermuda-short-2095491.html,Approx. Weight*: 5.4 oz / 153 g (the maker's Japanese listing of this style states its weight for size M),
Mountain Hardwear,Dynama Convertible Pant,Hiking pants,Women's,fit=Women's,size,clothing,269500,manufacturer,https://www.mountainhardwear.com/p/womens-dynama-convertible-pant-2095501.html,Approx. Weight*: 9.5 oz / 269.5 g,
Mountain Hardwear,Dynama Pant,Hiking pants,Men's Medium,fit=Men's; size=M; length=30in,,clothing,252000,manufacturer,https://www.mountainhardwear.com/p/mens-dynama-pull-on-pant-2110371.html,Approx. Weight*: 8.9 oz / 252 g (the maker's Japanese listing of this style states its weight for size M),
Mountain Hardwear,Dynama Pant,Hiking pants,Women's,fit=Women's,size,clothing,236500,manufacturer,https://www.mountainhardwear.com/p/womens-dynama-pant-2095461.html,Approx. Weight*: 8.3 oz / 236.5 g,
Mountain Hardwear,Dynama Short,Shorts,Men's Medium,fit=Men's; size=M,,clothing,189500,manufacturer,https://www.mountainhardwear.com/p/mens-dynama-short-2110381.html,Approx. Weight*: 6.7 oz / 189.5 g (the maker's Japanese listing of this style states its weight for size M),
Mountain Hardwear,Estero Long Sleeve Zip T,Base layer top,"Medium, Asian fit",size=M,,clothing,124000,manufacturer,https://www.mountainhardwear.jp/shop/g/gOE1408007---XS000/,重量(g) (目安) 124g(Mサイズ),
Mountain Hardwear,Estero Short Sleeve T,Base layer top,"Medium, Asian fit",size=M,,clothing,93000,manufacturer,https://www.mountainhardwear.jp/shop/g/gOE1707007---XS000/,重量(g) (目安) 93g(Mサイズ)、74g(XSサイズ),
Mountain Hardwear,Estero Short Sleeve Zip T,Base layer top,"Medium, Asian fit",size=M,,clothing,106000,manufacturer,https://www.mountainhardwear.jp/shop/g/gOE1409007---XS000/,重量(g) (目安) 106g[Mサイズ],
Mountain Hardwear,EV Symbols M Hoody,Hoodie,Men's Medium,fit=Men's; size=M,,clothing,816000,manufacturer,https://www.mountainhardwear.jp/shop/g/gOM1676007----S000/,重量(g) (目安) 816g[Mサイズ],
Mountain Hardwear,Exposure Gore-Tex Glove,Gloves,,,,clothing,248000,manufacturer,https://www.mountainhardwear.jp/shop/g/gOU7451010----S000/,重量(g) (目安) 248g,
Mountain Hardwear,Firefall Insulated Bib,Hiking pants,Men's,fit=Men's,size,clothing,821000,manufacturer,https://www.mountainhardwear.com/p/mens-firefall-insulated-bib-2166321.html,Approx. Weight*: 1 lb 13 oz / 821 g,
Mountain Hardwear,Firefall Insulated Bib,Hiking pants,Women's,fit=Women's,size,clothing,670000,manufacturer,https://www.mountainhardwear.com/p/womens-firefall-insulated-bib-2166561.html,Approx. Weight*: 1 lb 7.6 oz / 670 g,
Mountain Hardwear,Firefall Insulated Jacket,Insulated jacket,Men's,fit=Men's,size,clothing,920000,manufacturer,https://www.mountainhardwear.com/p/mens-firefall-insulated-jacket-2166301.html,Approx. Weight*: 2 lb 0.5 oz / 920 g,
Mountain Hardwear,Firefall Insulated Pant,Hiking pants,Men's,fit=Men's,size,clothing,580000,manufacturer,https://www.mountainhardwear.com/p/mens-firefall-insulated-pant-2166331.html,Approx. Weight*: 1 lb 4.5 oz / 580 g,
Mountain Hardwear,Firefall Jacket,Jacket,Men's,fit=Men's,size,clothing,790000,manufacturer,https://www.mountainhardwear.com/p/mens-firefall-jacket-2166311.html,Approx. Weight*: 1 lb 11.9 oz / 790 g,
Mountain Hardwear,Firefall Pant,Hiking pants,Men's,fit=Men's,size,clothing,651000,manufacturer,https://www.mountainhardwear.com/p/mens-firefall-pant-2166341.html,Approx. Weight*: 1 lb 7 oz / 651 g,
Mountain Hardwear,Firefall Pant,Hiking pants,Women's,fit=Women's,size,clothing,613000,manufacturer,https://www.mountainhardwear.com/p/womens-firefall-pant-2166571.html,Approx. Weight*: 1 lb 5.6 oz / 613 g,
Mountain Hardwear,Firefall Trifecta Jacket,Jacket,Men's,fit=Men's,size,clothing,1301000,manufacturer,https://www.mountainhardwear.com/p/mens-firefall-trifecta-jacket-2167191.html,Approx. Weight*: 2 lb 13.9 oz / 1301 g,
Mountain Hardwear,Flow Factor Down Jacket,Down jacket,Men's Medium,fit=Men's; size=M,,clothing,1017000,manufacturer,https://www.mountainhardwear.com/p/mens-flow-factor-down-jacket-2166261.html,Approx. Weight*: 2 lb 3.9 oz / 1017 g (the maker's Japanese listing of this style states its weight for size M),
Mountain Hardwear,Free Element Hooded Jacket,Insulated jacket,Men's Medium,fit=Men's; size=M,,clothing,410000,manufacturer,https://www.mountainhardwear.com/p/mens-free-element-hooded-jacket-2166201.html,Approx. Weight*: 14.5 oz / 410 g (the maker's Japanese listing of this style states its weight for size M),
Mountain Hardwear,Free Element Hooded Jacket,Insulated jacket,Women's Medium,fit=Women's; size=M,,clothing,355000,manufacturer,https://www.mountainhardwear.com/p/womens-free-element-hooded-jacket-2166451.html,Approx. Weight*: 12.5 oz / 355 g (the maker's Japanese listing of this style states its weight for size M),
Mountain Hardwear,Free Element Jacket,Insulated jacket,Men's Medium,fit=Men's; size=M,,clothing,365000,manufacturer,https://www.mountainhardwear.com/p/mens-free-element-jacket-2166211.html,Approx. Weight*: 12.9 oz / 365 g (the maker's Japanese listing of this style states its weight for size M),
Mountain Hardwear,Free Element Jacket,Insulated jacket,Women's,fit=Women's,size,clothing,315000,manufacturer,https://www.mountainhardwear.com/p/womens-free-element-jacket-2166461.html,Approx. Weight*: 11.1 oz / 315 g,
Mountain Hardwear,Free Element Vest,Vest,Men's Medium,fit=Men's; size=M,,clothing,238000,manufacturer,https://www.mountainhardwear.com/p/mens-free-element-vest-2166221.html,Approx. Weight*: 8.4 oz / 238 g (the maker's Japanese listing of this style states its weight for size M),
Mountain Hardwear,Free Element Vest,Vest,Women's,fit=Women's,size,clothing,205000,manufacturer,https://www.mountainhardwear.com/p/womens-free-element-vest-2166471.html,Approx. Weight*: 7.2 oz / 205 g,
Mountain Hardwear,Ghost Whisperer Hooded Down Jacket,Down jacket,Men's,fit=Men's,size,clothing,302000,manufacturer,https://www.mountainhardwear.com/p/mens-ghost-whisperer-hooded-down-jacket-2104451.html,Approx. Weight*: 10.7 oz / 302 g,
Mountain Hardwear,Ghost Whisperer Hoody,Down jacket,Men's Medium,fit=Men's; size=M,,clothing,249476,manufacturer,https://web.archive.org/web/20240719182014id_/https://www.mountainhardwear.com/p/mens-ghost-whisperer%2F2-hoody-1874761.html,[Renamed from Ghost Whisperer/2 — MHW dropped the /2 suffix; same garment] Approx. Weight*: 8.8 oz / 249 g,
Mountain Hardwear,Ghost Whisperer Hoody,Down jacket,Women's,fit=Women's,size,clothing,240000,manufacturer,https://www.mountainhardwear.com/p/womens-ghost-whisperer-hooded-down-jacket-2104731.html,Approx. Weight*: 8.5 oz / 240 g,
Mountain Hardwear,Ghost Whisperer Jacket,Down jacket,Men's Medium,fit=Men's; size=M,,clothing,226000,manufacturer,https://www.mountainhardwear.com/p/mens-ghost-whisperer-down-jacket-2104461.html,Approx. Weight*: 8 oz / 226 g (the maker's Japanese listing of this style states its weight for size M),
Mountain Hardwear,Ghost Whisperer Jacket,Down jacket,Women's Medium,fit=Women's; size=M,,clothing,220000,manufacturer,https://www.mountainhardwear.com/p/womens-ghost-whisperer-down-jacket-2104741.html,Approx. Weight*: 7.8 oz / 220 g (the maker's Japanese listing of this style states its weight for size M),
Mountain Hardwear,Ghost Whisperer Pant,Down pants,Men's Medium,fit=Men's; size=M,,clothing,222000,manufacturer,https://www.mountainhardwear.com/p/mens-ghost-whisperer-pant-2092031.html,Approx. Weight*: 7.8 oz / 222 g (the maker's Japanese listing of this style states its weight for size M),
Mountain Hardwear,Ghost Whisperer Pant,Down pants,Women's Medium,fit=Women's; size=M,,clothing,256000,manufacturer,https://www.mountainhardwear.com/p/womens-ghost-whisperer-pant-2092691.html,Approx. Weight*: 9 oz / 256 g (the maker's Japanese listing of this style states its weight for size M),
Mountain Hardwear,Ghost Whisperer Parka,Down jacket,Women's,fit=Women's,size,clothing,261000,manufacturer,https://www.mountainhardwear.com/p/womens-ghost-whisperer-parka-2104721.html,Approx. Weight*: 9.2 oz / 261 g,
Mountain Hardwear,Ghost Whisperer UL Hoody,Down jacket,Men's Medium,fit=Men's; size=M,,clothing,189000,manufacturer,https://www.mountainhardwear.com/p/mens-ghost-whisperer-ul-hooded-down-jacket-2092051.html,Approx. Weight*: 6.7 oz / 189 g (the maker's page calls it the Ghost Whisperer UL Hooded Down Jacket),
Mountain Hardwear,Ghost Whisperer UL Hoody,Down jacket,Women's,fit=Women's,size,clothing,175000,manufacturer,https://web.archive.org/web/20260214164847id_/https://www.mountainhardwear.com/p/womens-ghost-whisperer-ul-hoody-2092701.html,Approx. Weight*: 6.2 oz / 175 g,
Mountain Hardwear,Ghost Whisperer Vest,Vest,Men's Medium,fit=Men's; size=M,,clothing,160000,manufacturer,https://www.mountainhardwear.com/p/mens-ghost-whisperer-vest-2104471.html,Approx. Weight*: 5.6 oz / 160 g (the maker's Japanese listing of this style states its weight for size M),
Mountain Hardwear,Ghost Whisperer Vest,Vest,Women's,fit=Women's,size,clothing,129000,manufacturer,https://www.mountainhardwear.com/p/womens-ghost-whisperer-vest-2104751.html,Approx. Weight*: 4.6 oz / 129 g,
Mountain Hardwear,Hardwear Cool Trail Pant,Hiking pants,"Medium, Regular, Asian fit",size=M; length=Regular,,clothing,220000,manufacturer,https://www.mountainhardwear.jp/shop/g/gOE1729010--XXS00R/,重量(g) (目安) 220g[M-Rサイズ],
Mountain Hardwear,Hardwear Graphic Long Sleeve T,Shirt,"Medium, Asian fit",size=M,,clothing,168000,manufacturer,https://www.mountainhardwear.jp/shop/g/gOE1708010---XS000/,重量(g) (目安) 168g(Mサイズ)、144g(XSサイズ),
Mountain Hardwear,Hardwear Graphic Short Sleeve T,Shirt,"Women's Medium, Asian fit",fit=Women's; size=M,,clothing,92000,manufacturer,https://www.mountainhardwear.jp/shop/g/gOR6686022----S000/,重量(g) (目安) 92g[Mサイズ],
Mountain Hardwear,Hardwear Logo Short Sleeve T,Shirt,"Medium, Asian fit",size=M,,clothing,121000,manufacturer,https://www.mountainhardwear.jp/shop/g/gOE1710010---XS000/,重量(g) (目安) 121g(Mサイズ)、95g(XSサイズ),
Mountain Hardwear,Hardwear Mountain Livin' Cap,Hat,,,,clothing,54000,manufacturer,https://www.mountainhardwear.jp/shop/g/gOE8157010--OZS000/,重量(g) (目安) 54g,
Mountain Hardwear,Hardwear Mountain Livin' Short Sleeve Climb,Sun shirt,"Men's Medium, Asian fit",fit=Men's; size=M,,clothing,188000,manufacturer,https://www.mountainhardwear.jp/shop/g/gOE2095011---XS000/,重量(g) (目安) 188g[Mサイズ],
Mountain Hardwear,Hardwear Mountain Livin' Short Sleeve Trail,Sun shirt,"Men's Medium, Asian fit",fit=Men's; size=M,,clothing,186000,manufacturer,https://www.mountainhardwear.jp/shop/g/gOE2096011---XS000/,重量(g) (目安) 186g[Mサイズ],
Mountain Hardwear,Hardwear Supply Hoody,Hoodie,Men's,fit=Men's,size,clothing,926000,manufacturer,https://www.mountainhardwear.com/p/mens-hardwear-supply-hoody-2166821.html,Approx. Weight*: 2 lb 0.7 oz / 926 g,
Mountain Hardwear,Hardwear Supply Hoody,Hoodie,Women's,fit=Women's,size,clothing,841000,manufacturer,https://www.mountainhardwear.com/p/womens-hardwear-supply-hoody-2166681.html,Approx. Weight*: 1 lb 13.7 oz / 841 g,
Mountain Hardwear,Hardwear Supply Long Sleeve Shirt,Shirt,Men's Medium,fit=Men's; size=M,,clothing,415000,manufacturer,https://www.mountainhardwear.com/p/mens-hardwear-supply-long-sleeve-shirt-2166871.html,Approx. Weight*: 14.6 oz / 415 g (the maker's Japanese listing of this style states its weight for size M),
Mountain Hardwear,Hardwear Supply Long Sleeve Shirt,Shirt,Women's,fit=Women's,size,clothing,372000,manufacturer,https://www.mountainhardwear.com/p/womens-hardwear-supply-long-sleeve-shirt-2166711.html,Approx. Weight*: 13.1 oz / 372 g,
Mountain Hardwear,Hardwear Supply Pullover Crew,Hoodie,Men's,fit=Men's,size,clothing,848000,manufacturer,https://www.mountainhardwear.com/p/mens-hardwear-supply-pullover-crew-2166831.html,Approx. Weight*: 1 lb 13.9 oz / 848 g,
Mountain Hardwear,Hardwear Supply Quarter Zip,Hoodie,Women's,fit=Women's,size,clothing,663500,manufacturer,https://www.mountainhardwear.com/p/womens-hardwear-supply-quarter-zip-2167131.html,Approx. Weight*: 1 lb 7.4 oz / 663.5 g,
Mountain Hardwear,Hardwear Supply Short Sleeve Shirt,Shirt,Men's Medium,fit=Men's; size=M,,clothing,372500,manufacturer,https://www.mountainhardwear.com/p/mens-hardwear-supply-short-sleeve-2166881.html,Approx. Weight*: 13.1 oz / 372.5 g (the maker's Japanese listing of this style states its weight for size M),
Mountain Hardwear,Kor AirShell Hooded Jacket,Wind jacket,Men's Medium,fit=Men's; size=M,,clothing,132500,manufacturer,https://www.mountainhardwear.com/p/mens-kor-airshell-hoody-2123781.html,Approx. Weight*: 4.7 oz / 132.5 g (the maker's Japanese listing of this style states its weight for size M),
Mountain Hardwear,Kor AirShell Hooded Jacket,Wind jacket,Women's Medium,fit=Women's; size=M,,clothing,123000,manufacturer,https://www.mountainhardwear.com/p/womens-kor-airshell-hoody-2123801.html,Approx. Weight*: 4.3 oz / 123 g (the maker's Japanese listing of this style states its weight for size M),
Mountain Hardwear,Kor AirShell Jacket,Wind jacket,Men's Medium,fit=Men's; size=M,,clothing,120000,manufacturer,https://www.mountainhardwear.com/p/mens-kor-airshell-full-zip-jacket-2123791.html,Approx. Weight*: 4.2 oz / 120 g (the maker's Japanese listing of this style states its weight for size M),
Mountain Hardwear,Kor AirShell Warm Hoody,Insulated jacket,Men's Medium,fit=Men's; size=M,,clothing,326000,manufacturer,https://www.mountainhardwear.com/p/mens-kor-airshell-warm-hoody-2092121.html,Approx. Weight*: 11.5 oz / 326 g (the maker's Japanese listing of this style states its weight for size M),
Mountain Hardwear,Kor AirShell Warm Hoody,Insulated jacket,Women's Medium,fit=Women's; size=M,,clothing,307000,manufacturer,https://www.mountainhardwear.com/p/womens-kor-airshell-warm-hoody-2092731.html,Approx. Weight*: 10.8 oz / 307 g (the maker's Japanese listing of this style states its weight for size M),
Mountain Hardwear,Kor AirShell Warm Vest,Vest,Men's Medium,fit=Men's; size=M,,clothing,146000,manufacturer,https://www.mountainhardwear.jp/shop/g/gOM0678010----S000/,重量(g) (目安) 146g(Mサイズ),
Mountain Hardwear,Kor Alloy Hooded Jacket,Insulated jacket,Men's Medium,fit=Men's; size=M,,clothing,349000,manufacturer,https://www.mountainhardwear.com/p/mens-kor-alloy-hooded-jacket-2166041.html,Approx. Weight*: 12.3 oz / 349 g (the maker's Japanese listing of this style states its weight for size M),
Mountain Hardwear,Kor Alloy Hooded Jacket,Insulated jacket,Women's Medium,fit=Women's; size=M,,clothing,300000,manufacturer,https://www.mountainhardwear.com/p/womens-kor-alloy-hooded-jacket-2166371.html,Approx. Weight*: 10.6 oz / 300 g (the maker's Japanese listing of this style states its weight for size M),
Mountain Hardwear,Kor Alloy Jacket,Insulated jacket,Men's Medium,fit=Men's; size=M,,clothing,321000,manufacturer,https://www.mountainhardwear.com/p/mens-kor-alloy-jacket-2179831.html,Approx. Weight*: 11.3 oz / 321 g (the maker's Japanese listing of this style states its weight for size M),
Mountain Hardwear,Kor Alloy Jacket,Insulated jacket,Women's Medium,fit=Women's; size=M,,clothing,270000,manufacturer,https://www.mountainhardwear.com/p/womens-kor-alloy-jacket-2179841.html,Approx. Weight*: 9.5 oz / 270 g (the maker's Japanese listing of this style states its weight for size M),
Mountain Hardwear,Kor Alloy Tight,Leggings,Men's Medium,fit=Men's; size=M,,clothing,272000,manufacturer,https://www.mountainhardwear.com/p/mens-kor-alloy-tight-2077621.html,Approx. Weight*: 9.6 oz / 272 g (the maker's Japanese listing of this style states its weight for size M),
Mountain Hardwear,Kor Alloy Tight,Leggings,Women's Medium,fit=Women's; size=M,,clothing,267000,manufacturer,https://www.mountainhardwear.com/p/womens-kor-alloy-tight-2077651.html,Approx. Weight*: 9.4 oz / 267 g (the maker's Japanese listing of this style states its weight for size M),
Mountain Hardwear,Kor Stasis Glove,Gloves,,,,clothing,50000,manufacturer,https://www.mountainhardwear.jp/shop/g/gOU7784010---XS000/,重量(g) (目安) 50g,
Mountain Hardwear,Micro Dome,Beanie,,,,clothing,68000,manufacturer,https://www.mountainhardwear.com/p/mens-micro-dome-1529021.html,Approx. Weight*: 2.4 oz / 68 g,
Mountain Hardwear,Microchill Jacket,Fleece,Men's Medium,fit=Men's; size=M,,clothing,283000,manufacturer,https://www.mountainhardwear.com/p/mens-microchill-jacket-2169161.html,Approx. Weight*: 10 oz / 283 g (the maker's Japanese listing of this style states its weight for size M),
Mountain Hardwear,Microchill Jacket,Fleece,Women's Medium,fit=Women's; size=M,,clothing,240000,manufacturer,https://www.mountainhardwear.com/p/womens-microchill-jacket-2169291.html,Approx. Weight*: 8.5 oz / 240 g (the maker's Japanese listing of this style states its weight for size M),
Mountain Hardwear,Microchill Pullover Crew,Fleece,Men's Medium,fit=Men's; size=M,,clothing,242000,manufacturer,https://www.mountainhardwear.jp/shop/g/gOM1970011----S000/,重量(g) (目安) 242g[Mサイズ],
Mountain Hardwear,Microchill Quarter Zip,Fleece,Men's,fit=Men's,size,clothing,243000,manufacturer,https://www.mountainhardwear.com/p/mens-microchill-quarter-zip-2169151.html,Approx. Weight*: 8.6 oz / 243 g,
Mountain Hardwear,Microchill Quarter Zip,Fleece,Women's,fit=Women's,size,clothing,210000,manufacturer,https://www.mountainhardwear.com/p/womens-microchill-quarter-zip-2169301.html,Approx. Weight*: 7.4 oz / 210 g,
Mountain Hardwear,Mountain Speed Short Sleeve T,Shirt,"Medium, Asian fit",size=M,,clothing,140000,manufacturer,https://www.mountainhardwear.jp/shop/g/gOE1709010---XS000/,重量(g) (目安) 140g[Mサイズ],
Mountain Hardwear,Mythogen GORE-TEX PRO Bib,Rain pants,Men's,fit=Men's,size,clothing,618000,manufacturer,https://www.mountainhardwear.com/p/mens-mythogen-gore-tex-pro-bib-2188891.html,Approx. Weight*: 1 lb 5.8 oz / 618 g,
Mountain Hardwear,Mythogen GORE-TEX PRO Bib,Rain pants,Women's,fit=Women's,size,clothing,563500,manufacturer,https://www.mountainhardwear.com/p/womens-mythogen-gore-tex-pro-bib-2189821.html,Approx. Weight*: 1 lb 3.9 oz / 563.5 g,
Mountain Hardwear,Mythogen GORE-TEX PRO Jacket,Rain jacket,Men's,fit=Men's,size,clothing,617000,manufacturer,https://www.mountainhardwear.com/p/mens-mythogen-gore-tex-pro-jacket-2128301.html,Approx. Weight*: 1 lb 5.8 oz / 617 g,
Mountain Hardwear,Peak Rambler Convertible Pant,Hiking pants,Men's 32,fit=Men's; size=32; length=30in,,clothing,286000,manufacturer,https://www.mountainhardwear.jp/shop/g/gOM1630038---30030/,重量(g) (目安) 286g[32-30サイズ],
Mountain Hardwear,Peak Rambler Pant,Hiking pants,Men's 32,fit=Men's; size=32; length=30in,,clothing,252000,manufacturer,https://www.mountainhardwear.jp/shop/g/gOM1635004---30030/,重量(g) (目安) 252g[32-30サイズ],
Mountain Hardwear,Peak Rambler Short,Shorts,Men's 32,fit=Men's; size=32; length=7in,,clothing,166000,manufacturer,https://www.mountainhardwear.jp/shop/g/gOM1636004---30007/,重量(g) (目安) 166g[32-7サイズ],
Mountain Hardwear,Peak Rambler Short,Shorts,Women's 2,fit=Women's; size=2; length=5in,,clothing,146000,manufacturer,https://www.mountainhardwear.jp/shop/g/gOL6498331----0005/,重量(g) (目安) 146g[2-5サイズ],
Mountain Hardwear,Phantom Alpine Down Hooded Jacket,Down jacket,Men's Medium,fit=Men's; size=M,,clothing,492000,manufacturer,https://www.mountainhardwear.com/p/mens-phantom-alpine-hooded-down-jacket-2092271.html,Approx. Weight*: 1 lb 1.4 oz / 492 g (the maker's Japanese listing of this style states its weight for size M),
Mountain Hardwear,Phantom Alpine Hooded Down Jacket,Down jacket,Women's,fit=Women's,size,clothing,464000,manufacturer,https://www.mountainhardwear.com/p/womens-phantom-alpine-hooded-down-jacket-2092811.html,Approx. Weight*: 1 lb 0.4 oz / 464 g,
Mountain Hardwear,Phantom Belay Down Parka,Down jacket,Men's,fit=Men's,size,clothing,692000,manufacturer,https://www.mountainhardwear.com/p/mens-phantom-belay-down-parka-2092281.html,Approx. Weight*: 1 lb 8.4 oz / 692 g,
Mountain Hardwear,Phantom Belay Down Parka,Down jacket,Women's,fit=Women's,size,clothing,730000,manufacturer,https://www.mountainhardwear.com/p/womens-phantom-belay-down-parka-2092821.html,Approx. Weight*: 1 lb 9.7 oz / 730 g,
Mountain Hardwear,Piero Tin Cap,Hat,,,,clothing,56000,manufacturer,https://www.mountainhardwear.jp/shop/g/gOE7851010--REG000/,重量(g) (目安) 56g,
Mountain Hardwear,Polartec High Loft Hooded Jacket,Fleece,Men's Medium,fit=Men's; size=M,,clothing,550000,manufacturer,https://www.mountainhardwear.com/p/mens-polartec-high-loft-hooded-jacket-2128431.html,Approx. Weight*: 1 lb 3.4 oz / 550 g (the maker's Japanese listing of this style states its weight for size M),
Mountain Hardwear,Polartec High Loft Hooded Jacket,Fleece,Women's Medium,fit=Women's; size=M,,clothing,433500,manufacturer,https://www.mountainhardwear.com/p/womens-polartec-high-loft-hooded-jacket-2128641.html,Approx. Weight*: 15.3 oz / 433.5 g (the maker's Japanese listing of this style states its weight for size M),
Mountain Hardwear,Polartec High Loft Jacket,Fleece,Men's Medium,fit=Men's; size=M,,clothing,490000,manufacturer,https://www.mountainhardwear.com/p/mens-polartec-high-loft-jacket-2104591.html,Approx. Weight*: 1 lb 1.3 oz / 490 g (the maker's Japanese listing of this style states its weight for size M),
Mountain Hardwear,Polartec High Loft Jacket,Fleece,Women's Medium,fit=Women's; size=M,,clothing,421000,manufacturer,https://www.mountainhardwear.com/p/womens-polartec-high-loft-jacket-2104841.html,Approx. Weight*: 14.9 oz / 421 g (the maker's Japanese listing of this style states its weight for size M),
Mountain Hardwear,Polartec High Loft Pant,Fleece pants,Men's Medium,fit=Men's; size=M,,clothing,362000,manufacturer,https://www.mountainhardwear.com/p/mens-polartec-high-loft-pant-2104611.html,Approx. Weight*: 12.8 oz / 362 g (the maker's Japanese listing of this style states its weight for size M),
Mountain Hardwear,Polartec High Loft Pant,Fleece pants,Women's Medium,fit=Women's; size=M,,clothing,333000,manufacturer,https://www.mountainhardwear.com/p/womens-polartec-high-loft-pant-2104851.html,Approx. Weight*: 11.7 oz / 333 g (the maker's Japanese listing of this style states its weight for size M),
Mountain Hardwear,Polartec Power Grid Full Zip Hoody,Fleece,Men's Medium,fit=Men's; size=M,,clothing,427000,manufacturer,https://www.mountainhardwear.com/p/mens-polartec-power-grid-full-zip-hoody-2104541.html,Approx. Weight*: 15.1 oz / 427 g (the maker's Japanese listing of this style states its weight for size M),
Mountain Hardwear,Polartec Power Grid Full Zip Hoody,Fleece,Women's Medium,fit=Women's; size=M,,clothing,386000,manufacturer,https://www.mountainhardwear.com/p/womens-polartec-power-grid-full-zip-hoody-2104821.html,Approx. Weight*: 13.6 oz / 386 g (the maker's Japanese listing of this style states its weight for size M),
Mountain Hardwear,Power Stretch Balaclava,Balaclava,,,,clothing,69000,manufacturer,https://www.mountainhardwear.com/p/power-stretch-balaclava-1852661.html,Approx. Weight*: 2.3 oz / 69 g,
Mountain Hardwear,Power Stretch Beanie,Beanie,,,,clothing,70000,manufacturer,https://www.mountainhardwear.com/p/power-stretch-beanie-1554961.html,Approx. Weight*: 2.5 oz / 70 g,
Mountain Hardwear,Power Stretch Stimulus Glove,Gloves,,,,clothing,50000,manufacturer,https://www.mountainhardwear.jp/shop/g/gOU6798010---XS000/,重量(g) (目安) 50g,
Mountain Hardwear,Rockrydge Pant,Hiking pants,Men's Medium,fit=Men's; size=M,,clothing,357000,manufacturer,https://www.mountainhardwear.com/p/mens-rockrydge-pant-2154291.html,Approx. Weight*: 12.6 oz / 357 g (the maker's Japanese listing of this style states its weight for size M),
Mountain Hardwear,Rockrydge Pant,Hiking pants,"Women's Medium, Regular",fit=Women's; size=M; length=Regular,,clothing,370500,manufacturer,https://www.mountainhardwear.com/p/womens-rockrydge-pant-2162081.html,Approx. Weight*: 13.1 oz / 370.5 g (the maker's Japanese listing of this style states its weight for size M),
Mountain Hardwear,Seek Out Snap Neck Pullover,Fleece,Women's,fit=Women's,size,clothing,290500,manufacturer,https://www.mountainhardwear.com/p/womens-seek-out-snap-neck-pullover-2129671.html,Approx. Weight*: 10.2 oz / 290.5 g,
Mountain Hardwear,Seek Out Snap Neck Vest,Vest,Women's,fit=Women's,size,clothing,229500,manufacturer,https://www.mountainhardwear.com/p/womens-seek-out-snap-neck-vest-2129651.html,Approx. Weight*: 8.1 oz / 229.5 g,
Mountain Hardwear,Send'r Pant,Hiking pants,Men's,fit=Men's,size,clothing,570000,manufacturer,https://www.mountainhardwear.com/p/mens-sendr-pant-2134161.html,Approx. Weight*: 1 lb 4.1 oz / 570 g,
Mountain Hardwear,Shade Lite Short,Shorts,Men's Medium,fit=Men's; size=M; length=5in,,clothing,165500,manufacturer,https://www.mountainhardwear.com/p/mens-shade-lite-short-2110391.html,Approx. Weight*: 5.8 oz / 165.5 g (the maker's Japanese listing of this style states its weight for size M),
Mountain Hardwear,Shade Lite Short,Shorts,Women's,fit=Women's,size,clothing,133500,manufacturer,https://www.mountainhardwear.com/p/womens-shade-lite-short-2181091.html,Approx. Weight*: 4.7 oz / 133.5 g,
Mountain Hardwear,Sky Ridge GORE-TEX Jacket,Rain jacket,Men's,fit=Men's,size,clothing,897000,manufacturer,https://www.mountainhardwear.com/p/mens-sky-ridge-gore-tex-jacket-2077171.html,Approx. Weight*: 1 lb 15.6 oz / 897 g,
Mountain Hardwear,Sky Ridge GORE-TEX Pant,Rain pants,Men's,fit=Men's,size,clothing,669000,manufacturer,https://www.mountainhardwear.com/p/mens-sky-ridge-gore-tex-pant-2077181.html,Approx. Weight*: 1 lb 7.6 oz / 669 g,
Mountain Hardwear,Stretch Ozonic Insulated Jacket,Insulated jacket,Men's,fit=Men's,size,clothing,605500,manufacturer,https://www.mountainhardwear.com/p/mens-stretch-ozonic-insulated-jacket-2166101.html,Approx. Weight*: 1 lb 5.4 oz / 605.5 g,
Mountain Hardwear,Stretch Ozonic Insulated Jacket,Insulated jacket,Women's,fit=Women's,size,clothing,562500,manufacturer,https://www.mountainhardwear.com/p/womens-stretch-ozonic-insulated-jacket-2166381.html,Approx. Weight*: 1 lb 3.8 oz / 562.5 g,
Mountain Hardwear,Stretch Ozonic Jacket,Rain jacket,Men's Medium,fit=Men's; size=M,,clothing,304000,manufacturer,https://www.mountainhardwear.com/p/mens-stretch-ozonic-rain-jacket-2093461.html,Approx. Weight*: 10.7 oz / 304 g (the maker's Japanese listing of this style states its weight for size M),
Mountain Hardwear,Stretch Ozonic Jacket,Rain jacket,Women's Medium,fit=Women's; size=M,,clothing,280000,manufacturer,https://www.mountainhardwear.com/p/womens-stretch-ozonic-rain-jacket-2093471.html,Approx. Weight*: 9.9 oz / 280 g (the maker's Japanese listing of this style states its weight for size M),
Mountain Hardwear,Stretch Ozonic Pant,Rain pants,Men's Medium,fit=Men's; size=M,,clothing,264000,manufacturer,https://www.mountainhardwear.com/p/mens-stretch-ozonic-rain-pant-2093501.html,Approx. Weight*: 9.3 oz / 264 g (the maker's Japanese listing of this style states its weight for size M),
Mountain Hardwear,Stretch Ozonic Rain Pant,Rain pants,Women's,fit=Women's,size,clothing,254000,manufacturer,https://www.mountainhardwear.com/p/womens-stretch-ozonic-rain-pant-2093481.html,Approx. Weight*: 9 oz / 254 g,
Mountain Hardwear,Stretchdown Hoody,Down jacket,Men's Medium,fit=Men's; size=M,,clothing,495000,manufacturer,https://www.mountainhardwear.com/p/mens-stretchdown-hooded-jacket-2166121.html,Approx. Weight*: 1 lb 1.5 oz / 495 g (the maker now sells this as the StretchDown Hooded Jacket; its earlier 264 g spec was implausible and OutdoorGearLab weighed a men's Medium at 513 g — the corrected maker figure is within 4 % of that),
Mountain Hardwear,Stretchdown Hoody,Down jacket,Women's,fit=Women's,size,clothing,430000,manufacturer,https://www.mountainhardwear.com/p/womens-stretchdown-hooded-jacket-2166401.html,Approx. Weight*: 15.2 oz / 430 g (the maker now sells this as the StretchDown Hooded Jacket),
Mountain Hardwear,Stretchdown Jacket,Down jacket,Men's Medium,fit=Men's; size=M,,clothing,457000,manufacturer,https://www.mountainhardwear.com/p/mens-stretchdown-jacket-2166131.html,Approx. Weight*: 1 lb 0.1 oz / 457 g (the maker's Japanese listing of this style states its weight for size M),
Mountain Hardwear,Stretchdown Jacket,Down jacket,Women's,fit=Women's,size,clothing,395000,manufacturer,https://www.mountainhardwear.com/p/womens-stretchdown-jacket-2166411.html,Approx. Weight*: 13.9 oz / 395 g,
Mountain Hardwear,Stretchdown Light Hooded Jacket,Down jacket,Men's,fit=Men's,size,clothing,410000,manufacturer,https://www.mountainhardwear.com/p/mens-stretchdown-light-hooded-jacket-2166151.html,Approx. Weight*: 14.5 oz / 410 g,
Mountain Hardwear,Stretchdown Light Hooded Jacket,Down jacket,Women's,fit=Women's,size,clothing,405000,manufacturer,https://www.mountainhardwear.com/p/womens-stretchdown-light-hooded-jacket-2166431.html,Approx. Weight*: 14.3 oz / 405 g,
Mountain Hardwear,Stretchdown Light Jacket,Down jacket,Men's,fit=Men's,size,clothing,373000,manufacturer,https://www.mountainhardwear.com/p/mens-stretchdown-light-jacket-2166141.html,Approx. Weight*: 13.2 oz / 373 g,
Mountain Hardwear,Stretchdown Light Jacket,Down jacket,Women's,fit=Women's,size,clothing,370000,manufacturer,https://www.mountainhardwear.com/p/womens-stretchdown-light-jacket-2166421.html,Approx. Weight*: 13.1 oz / 370 g,
Mountain Hardwear,Stretchdown Light Pant,Hiking pants,Men's,fit=Men's,size,clothing,374000,manufacturer,https://www.mountainhardwear.com/p/mens-stretchdown-light-pant-2166161.html,Approx. Weight*: 13.2 oz / 374 g,
Mountain Hardwear,Stretchdown Light Pant,Hiking pants,Women's,fit=Women's,size,clothing,353000,manufacturer,https://www.mountainhardwear.com/p/womens-stretchdown-light-pant-2166441.html,Approx. Weight*: 12.5 oz / 353 g,
Mountain Hardwear,Stretchdown Parka,Down jacket,Men's Medium,fit=Men's; size=M,,clothing,788000,manufacturer,https://www.mountainhardwear.com/p/mens-stretchdown-parka-2166111.html,Approx. Weight*: 1 lb 11.8 oz / 788 g (the maker's Japanese listing of this style states its weight for size M),
Mountain Hardwear,Stretchdown Parka,Down jacket,Women's,fit=Women's,size,clothing,735000,manufacturer,https://www.mountainhardwear.com/p/womens-stretchdown-parka-2166391.html,Approx. Weight*: 1 lb 9.9 oz / 735 g,
Mountain Hardwear,Stryder Belted Short,Shorts,Men's,fit=Men's,size,clothing,202000,manufacturer,https://www.mountainhardwear.com/p/mens-stryder-belted-short-2110351.html,Approx. Weight*: 7.1 oz / 202 g,
Mountain Hardwear,Stryder Belted Short,Shorts,Women's,fit=Women's,size,clothing,163500,manufacturer,https://www.mountainhardwear.com/p/womens-stryder-belted-short-2110621.html,Approx. Weight*: 5.8 oz / 163.5 g,
Mountain Hardwear,Stryder Lined Pant,Hiking pants,Men's,fit=Men's,size,clothing,544500,manufacturer,https://www.mountainhardwear.com/p/mens-stryder-lined-pant-2128991.html,Approx. Weight*: 1 lb 3.2 oz / 544.5 g,
Mountain Hardwear,Stryder Lined Pant,Hiking pants,Women's,fit=Women's,size,clothing,528000,manufacturer,https://www.mountainhardwear.com/p/womens-stryder-lined-pant-2129751.html,Approx. Weight*: 1 lb 2.6 oz / 528 g,
Mountain Hardwear,Stryder Short,Shorts,Men's,fit=Men's,size,clothing,157500,manufacturer,https://www.mountainhardwear.com/p/mens-stryder-short-2110361.html,Approx. Weight*: 5.6 oz / 157.5 g,
Mountain Hardwear,Summit Grid Big Grid Half Zip,Fleece,Women's,fit=Women's,size,clothing,406500,manufacturer,https://www.mountainhardwear.com/p/womens-summit-grid-big-grid-half-zip-2129521.html,Approx. Weight*: 14.3 oz / 406.5 g,
Mountain Hardwear,Summit Grid Big Grid Hat,Hat,,,,clothing,56000,manufacturer,https://www.mountainhardwear.jp/shop/g/gOU8088010--OZS000/,重量(g) (目安) 56g,
Mountain Hardwear,Summit Grid Big Grid Hoody,Fleece,Men's,fit=Men's,size,clothing,446000,manufacturer,https://www.mountainhardwear.com/p/mens-summit-grid-big-grid-hoody-2128921.html,Approx. Weight*: 15.7 oz / 446 g,
Mountain Hardwear,Summit Grid Big Grid Hoody,Fleece,Women's,fit=Women's,size,clothing,401500,manufacturer,https://www.mountainhardwear.com/p/womens-summit-grid-big-grid-hoody-2129511.html,Approx. Weight*: 14.2 oz / 401.5 g,
Mountain Hardwear,Sun Drift Cooling Long Sleeve Shirt,Sun shirt,Men's Medium,fit=Men's; size=M,,clothing,200000,manufacturer,https://www.mountainhardwear.jp/shop/g/gOM1631038----S000/,重量(g) (目安) 200g[Mサイズ],
Mountain Hardwear,Sun Drift Cooling Long Sleeve Shirt,Sun shirt,Women's,fit=Women's,size,clothing,166500,manufacturer,https://www.mountainhardwear.com/p/womens-sun-drift-cooling-long-sleeve-shirt-2149161.html,Approx. Weight*: 5.9 oz / 166.5 g,
Mountain Hardwear,Sunblocker Long Sleeve,Sun shirt,Men's Medium,fit=Men's; size=M,,clothing,170000,manufacturer,https://www.mountainhardwear.jp/shop/g/gOM6210056----S000/,重量(g) (目安) 170g[Mサイズ],
Mountain Hardwear,Sunblocker Short Sleeve,Sun shirt,Women's Medium,fit=Women's; size=M,,clothing,104000,manufacturer,https://www.mountainhardwear.jp/shop/g/gOL0389059---XS000/,重量(g) (目安) 104g(Mサイズ),
Mountain Hardwear,SunShade Air Trail Hat,Hat,,,,clothing,70000,manufacturer,https://www.mountainhardwear.jp/shop/g/gOE7988010--SZM000/,重量(g) (目安) 70g,
Mountain Hardwear,Sunshield 1/2 Zip Shirt,Sun shirt,Women's,fit=Women's,size,clothing,124500,manufacturer,https://www.mountainhardwear.com/p/womens-sunshield-1%2F2-zip-shirt-2110521.html,Approx. Weight*: 4.4 oz / 124.5 g,
Mountain Hardwear,Sunshield Hoody,Sun hoodie,Women's,fit=Women's,size,clothing,145500,manufacturer,https://www.mountainhardwear.com/p/womens-sunshield-hoody-2110511.html,Approx. Weight*: 5.1 oz / 145.5 g,
Mountain Hardwear,Threshold Rain Hat,Hat,,,,clothing,85000,manufacturer,https://www.mountainhardwear.jp/shop/g/gOU7760010--SZM000/,重量(g) (目安) 85g,
Mountain Hardwear,Threshold Rain Jacket,Rain jacket,Men's,fit=Men's,size,clothing,366000,manufacturer,https://www.mountainhardwear.com/p/mens-threshold-rain-jacket-2146651.html,Approx. Weight*: 12.9 oz / 366 g,
Mountain Hardwear,Threshold Rain Jacket,Rain jacket,Women's,fit=Women's,size,clothing,368000,manufacturer,https://www.mountainhardwear.com/p/womens-threshold-rain-jacket-2146741.html,Approx. Weight*: 13 oz / 368 g,
Mountain Hardwear,Threshold Rain Pant,Rain pants,Men's,fit=Men's,size,clothing,313000,manufacturer,https://www.mountainhardwear.com/p/mens-threshold-rain-pant-2146661.html,Approx. Weight*: 11 oz / 313 g,
Mountain Hardwear,Threshold Rain Pant,Rain pants,Women's,fit=Women's,size,clothing,303000,manufacturer,https://www.mountainhardwear.com/p/womens-threshold-rain-pant-2146751.html,Approx. Weight*: 10.7 oz / 303 g,
Mountain Hardwear,Threshold Rain Parka,Rain jacket,Women's,fit=Women's,size,clothing,379000,manufacturer,https://www.mountainhardwear.com/p/womens-threshold-rain-parka-2146781.html,Approx. Weight*: 13.4 oz / 379 g,
Mountain Hardwear,Town Square Beanie,Beanie,,,,clothing,110000,manufacturer,https://www.mountainhardwear.jp/shop/g/gOU7787010--OZS000/,重量(g) (目安) 110g,
Mountain Hardwear,TrailVerse GORE-TEX Jacket,Rain jacket,Men's Medium,fit=Men's; size=M,,clothing,478000,manufacturer,https://www.mountainhardwear.com/p/mens-trailverse-gore-tex-rain-jacket-2092321.html,Approx. Weight*: 1 lb 0.9 oz / 478 g (the maker's Japanese listing of this style states its weight for size M),
Mountain Hardwear,TrailVerse GORE-TEX Jacket,Rain jacket,Women's Medium,fit=Women's; size=M,,clothing,451000,manufacturer,https://www.mountainhardwear.com/p/womens-trailverse-gore-tex-rain-jacket-2092851.html,Approx. Weight*: 15.9 oz / 451 g (the maker's Japanese listing of this style states its weight for size M),
Mountain Hardwear,Treecover Logo Short Sleeve,Shirt,Men's Medium,fit=Men's; size=M,,clothing,212000,manufacturer,https://www.mountainhardwear.jp/shop/g/gOM1954011---XS000/,重量(g) (目安) 212g[Mサイズ],
Mountain Hardwear,Up First Tech Fleece Hoody,Fleece,Men's,fit=Men's,size,clothing,283000,manufacturer,https://www.mountainhardwear.com/p/mens-up-first-tech-fleece-hoody-2114021.html,Approx. Weight*: 10 oz / 283 g,
Mountain Hardwear,Up First Tech Fleece Hoody,Fleece,Women's,fit=Women's,size,clothing,226000,manufacturer,https://www.mountainhardwear.com/p/womens-up-first-tech-fleece-hoody-2114041.html,Approx. Weight*: 8 oz / 226 g,
Mountain Hardwear,Up First Tech Fleece Pant,Hiking pants,Men's,fit=Men's,size,clothing,245000,manufacturer,https://www.mountainhardwear.com/p/mens-up-first-tech-fleece-pant-2128321.html,Approx. Weight*: 8.6 oz / 245 g,
Mountain Hardwear,Up First Tech Fleece Pant,Hiking pants,Women's,fit=Women's,size,clothing,229000,manufacturer,https://www.mountainhardwear.com/p/womens-up-first-tech-fleece-pant-2128631.html,Approx. Weight*: 8.1 oz / 229 g,
Mountain Hardwear,Up First Tech Fleece Quarter Zip,Fleece,Men's,fit=Men's,size,clothing,225500,manufacturer,https://www.mountainhardwear.com/p/mens-up-first-tech-fleece-quarter-zip-2114011.html,Approx. Weight*: 8 oz / 225.5 g,
Mountain Hardwear,Up First Tech Fleece Quarter Zip,Fleece,Women's,fit=Women's,size,clothing,208500,manufacturer,https://www.mountainhardwear.com/p/womens-up-first-tech-fleece-quarter-zip-2114031.html,Approx. Weight*: 7.4 oz / 208.5 g,
Mountain Hardwear,Warp Factor 3L Hooded Jacket,Insulated jacket,Men's,fit=Men's,size,clothing,744000,manufacturer,https://www.mountainhardwear.com/p/mens-warp-factor-3l-hooded-jacket-2166231.html,Approx. Weight*: 1 lb 10.2 oz / 744 g,
Mountain Hardwear,Warp Factor 3L Pant,Hiking pants,Men's,fit=Men's,size,clothing,637000,manufacturer,https://www.mountainhardwear.com/p/mens-warp-factor-3l-pant-2166241.html,Approx. Weight*: 1 lb 6.5 oz / 637 g,
Mountain Hardwear,Warp Factor 3L Pant,Hiking pants,Women's,fit=Women's,size,clothing,600000,manufacturer,https://www.mountainhardwear.com/p/womens-warp-factor-3l-pant-2166491.html,Approx. Weight*: 1 lb 5.2 oz / 600 g,
Mountain Hardwear,Warp Factor Anorak,Insulated jacket,Men's,fit=Men's,size,clothing,848000,manufacturer,https://www.mountainhardwear.com/p/mens-warp-factor-anorak-2166271.html,Approx. Weight*: 1 lb 13.9 oz / 848 g,
Mountain Hardwear,Warp Factor Bib,Hiking pants,Men's,fit=Men's,size,clothing,890000,manufacturer,https://www.mountainhardwear.com/p/mens-warp-factor-bib-2166281.html,Approx. Weight*: 1 lb 15.4 oz / 890 g,
Mountain Hardwear,Warp Factor Insulated Jacket,Insulated jacket,Men's Medium,fit=Men's; size=M,,clothing,932000,manufacturer,https://www.mountainhardwear.jp/shop/g/gOM1827366----S000/,重量(g) (目安) 932g[Mサイズ],
Mountain Hardwear,Wind Veil Hooded Jacket,Wind jacket,Men's Medium,fit=Men's; size=M,,clothing,164000,manufacturer,https://www.mountainhardwear.com/p/mens-wind-veil-hooded-jacket-2146681.html,Approx. Weight*: 5.8 oz / 164 g (the maker's Japanese listing of this style states its weight for size M),
Mountain Hardwear,Wind Veil Hooded Jacket,Wind jacket,Women's,fit=Women's,size,clothing,142000,manufacturer,https://www.mountainhardwear.com/p/womens-wind-veil-hooded-jacket-2146771.html,Approx. Weight*: 5 oz / 142 g,
Mountain Hardwear,WoolMesh Long Sleeve,Base layer top,"Medium, Asian fit",size=M,,clothing,200000,manufacturer,https://www.mountainhardwear.jp/shop/g/gOE2092011--XXS000/,重量(g) (目安) 200g[Mサイズ],
Mountain Hardwear,WoolMesh Short Sleeve,Base layer top,"Medium, Asian fit",size=M,,clothing,160000,manufacturer,https://www.mountainhardwear.jp/shop/g/gOE2094011--XXS000/,重量(g) (目安) 160g[Mサイズ],
Nanga,Aurora Down Jacket,Down jacket,Men's Medium,fit=Men's; size=M,,clothing,650000,manufacturer,https://unexpected-store.com/products/nanga-aurora-down-jacket,Down fill weight: 150g; Gross weight: 650g,
Nanga,Aurora Down Jacket,Down jacket,Women's Large,fit=Women's; size=L,,clothing,600000,manufacturer,https://roco2web.com/products/12912,重量 約 600g（サイズWL）,
Nanga,Takibi Down Jacket,Down jacket,Men's Medium,fit=Men's; size=M,,clothing,1134000,manufacturer,https://gsmall.jp/mens/00129/4938101041102/,"NANGA spec sheet (N1TJ): 羽毛量 155g / 総重量 約1,134 g. Same pair of figures reproduced verbatim by other Japanese retailers (Kojitusanso KSCZEY, Yahoo Shopping). NANGA quotes one weight with no size attached though S-XL are sold; row kept at Men's M. Cross-check: the sibling Aurora Down Jacket is 650 g with 150 g fill, so the aramid TAKIBI shell adds ~480 g over a nylon one.",
Nike,ACG UV Hiking Pants,Hiking pants,Men's Medium,fit=Men's; size=M,,clothing,310000,community,https://www.amazon.com/Nike-Mens-ACG-Hiking-Pants/dp/B0DY2T2447,"Nike ACG UV Hiking Pants (style FN2450). Nike publishes no weight; ~310 g (Men's M) is a community estimate (verify). Note: ACG has several pant models (Wolf Tree, Smith Summit, Dawn Range).",
Nnormal,Kjerag,Trail runners,UK 8,fit=Men's; size=UK 8,,clothing,400000,manufacturer,https://www.nnormal.com/en_US/men/shoes/kjerag/nnormal-kjerag-N1ZKGM1-003,The total weight of the shoe is only 200g (size 8 UK). | pair = 400 g (2× per-shoe),
Nnormal,Kjerag 02,Trail runners,UK 7.5,fit=Men's; size=UK 7.5,,clothing,428000,manufacturer,https://www.nnormal.com/en_US/men/shoes/kjerag/nnormal-kjerag_02_shoe_black-N1ZKGM2-001,Weight: UK size 7.5 - 214g | pair = 428 g (2× per-shoe),
Nnormal,Tomir 02,Trail runners,UK 8.5,fit=Men's; size=UK 8.5,,clothing,528000,manufacturer,https://www.nnormal.com/en_US/men/shoes/tmi/nnormal-tomir_02_shoe_green_white-N2ZTR25-005,Weight: UK size 8.5-264g | pair = 528 g (2× per-shoe),
Nnormal,Tomir 02 GTX,Trail runners,UK 7.5,fit=Men's; size=UK 7.5,,clothing,564000,manufacturer,https://www.nnormal.com/en_US/men/shoes/tmi/nnormal-tomir_02_gtx_shoe_blue_grey-N2ZTRG1-001,Weight: UK size 7.5 - 282g | pair = 564 g (2× per-shoe),
Nnormal,Tomir 2.0 NN,Trail runners,Men's US 9 / Women's US 10,fit=Unisex,size,clothing,264000,manufacturer,https://www.garagegrowngear.com/products/tomir-2-0-trail-runners-by-nnormal,Weight: 9.3oz | 264g (M’s 9 | W’s 10 US),
Norda,001,Trail runners,Men's US 9,fit=Men's; size=US 9,,clothing,596000,measured,https://www.irunfar.com/norda-001-review,actual weight of 10.5 ounces (298 grams) for a U.S. men's 9 | pair = 596 g (2× per-shoe),
Norda,001,Trail runners,Women's US 8,fit=Women's; size=US 8,,clothing,464000,manufacturer,https://web.archive.org/web/20250723011621/https://nordarun.com/products/001-w-black,Weight (Women's size US 8): 232g / 8.18 ounces approx. with eTPU insole. per shoe | pair = 464 g (2× per-shoe),
Norda,001A,Trail runners,Men's US 8.5,fit=Men's; size=US 8.5,,clothing,536000,manufacturer,https://nordarun.com/products/001a-m-black,268g / 9.45 oz (US M 8.5) per shoe | pair = 536 g (2× per-shoe),
Norda,001A,Trail runners,Women's US 8,fit=Women's; size=US 8,,clothing,464000,manufacturer,https://nordarun.com/products/001a-w-black,232g / 8.18 oz (US W 8) per shoe | pair = 464 g (2× per-shoe),
Norda,002,Trail runners,Men's US 8.5,fit=Men's; size=US 8.5,,clothing,498000,manufacturer,https://nordarun.com/products/002-m-summit-black,249g / 8.78 oz (US M 8.5) per shoe | pair = 498 g (2× per-shoe),
Norda,002,Trail runners,Women's US 8,fit=Women's; size=US 8,,clothing,438000,manufacturer,https://nordarun.com/products/002-w-summit-black,219g / 7.72 oz (US W 8) per shoe | pair = 438 g (2× per-shoe),
Norda,005,Trail runners,Men's US 8.5,fit=Men's; size=US 8.5,,clothing,425000,manufacturer,https://nordarun.com/products/005-m-neve,214g / 7.5 oz (US M 8.5) per shoe | pair = 425 g (2× per-shoe),
Norda,005,Trail runners,Women's US 8,fit=Women's; size=US 8,,clothing,354000,manufacturer,https://nordarun.com/products/005-w-neve,177g / 6.2 oz (US W 8) per shoe | pair = 354 g (2× per-shoe),
NRS,Silkweight Varial Hoodie,Sun hoodie,Men's,fit=Men's,size,clothing,316097,manufacturer,https://www.nrs.com/nrs-mens-silkweight-varial-hoodie/p912,Specs Fit: Regular fit Weight: 11.15 oz,
NRS,Silkweight Varial Hoodie,Sun hoodie,Women's,fit=Women's,size,clothing,249476,manufacturer,https://www.nrs.com/nrs-womens-silkweight-varial-hoodie/pg75,Specs Fit: Regular fit Weight: 8.8 oz,
Oboz,Sawtooth X Low Waterproof,Hiking shoes,Men's US 11,fit=Men's; size=US 11,,clothing,1079550,measured,https://www.outdoorgearlab.com/reviews/shoes-and-boots/hiking-shoes-men/oboz-sawtooth-x-low-waterproof,Measured Weight: 2.38 lbs (size 11) — per pair,
Oboz,Sawtooth X Low Waterproof,Hiking shoes,Women's US 8.5,fit=Women's; size=US 8.5,,clothing,852754,measured,https://www.outdoorgearlab.com/reviews/shoes-and-boots/hiking-shoes-womens/oboz-sawtooth-x-low-waterproof-womens,Measured Weight: 1.88 lbs (size 8.5) — per pair,
Oboz,Sawtooth X Mid Waterproof,Hiking boots,Men's,fit=Men's,size,clothing,1099961,manufacturer,https://obozfootwear.com/products/mens-sawtooth-x-mid-waterproof,Weight: 19.4 oz / 550 grams (per shoe) | pair = 1100 g (2× per-shoe),
Oboz,Sawtooth X Mid Waterproof,Hiking boots,Women's,fit=Women's,size,clothing,924000,manufacturer,https://obozfootwear.com/products/womens-sawtooth-x-mid-waterproof,Weight: 16.3 oz / 462 grams (per shoe) | pair = 924 g (2× per-shoe),
On,Cloudrock Low Waterproof,Hiking shoes,Men's,fit=Men's,size,clothing,858991,measured,https://www.treelinereview.com/gearreviews/on-cloudrock-low-waterproof-hiking-shoe-review,"1 lb 14.3 oz (men's), 1 lb 7.4 oz (women's)",
On,Cloudrock Low Waterproof,Hiking shoes,Women's,fit=Women's,size,clothing,663000,measured,https://www.treelinereview.com/gearreviews/on-cloudrock-low-waterproof-hiking-shoe-review,"Weight (per pair): 1 lb 14.3 oz (men's), 1 lb 7.4 oz (women's)",
On,Cloudultra,Trail runners,Men's US 9,fit=Men's; size=US 9,,clothing,590000,measured,https://www.doctorsofrunning.com/2021/04/on-cloudultra-review.html,Weight: 10.41 oz / 295 g (men's size 9) | pair = 590 g (2× per-shoe),
On,Cloudultra 2,Trail runners,Men's US 9,fit=Men's; size=US 9,,clothing,578000,measured,https://www.irunfar.com/on-cloudultra-2-review,actual weight of 10.2 ounces (289 grams) for a U.S. men's size 9 | pair = 578 g (2× per-shoe),
On,Cloudultra 3,Trail runners,,,fit; size,clothing,589670,measured,https://www.cleverhiker.com/footwear/on-cloudultra-3-trail-running-shoe-review/,"At 10.4 ounces per shoe, the On Cloudultra 3s are definitely on the heavier side | pair = 590 g (2× per-shoe)",
On,Cloudvista,Trail runners,Men's US 8.5,fit=Men's; size=US 8.5,,clothing,570000,measured,https://www.doctorsofrunning.com/2022/04/on-cloudvista-review.html,"Weight: 10.1 oz, 285 g (men's size 8.5) | pair = 570 g (2× per-shoe)",
On,Cloudvista 2,Trail runners,,,size,clothing,584000,measured,https://runrepeat.com/on-cloudvista-2,10.3 oz (292g) | pair = 584 g (2× per-shoe),
Ortovox,185 Rock'N'Wool Boxer,Underwear,Men's,fit=Men's,size,clothing,92000,manufacturer,https://www.ortovox.com/us-en/shop/men/p1957909-base-layer-pants-short-185-rock-n-wool-boxer-m,Weight: 92g,
Ortovox,185 Rock'N'Wool Hot Pants,Underwear,Women's,fit=Women's,size,clothing,62000,manufacturer,https://www.ortovox.com/us-en/women/mountainwear/base-layer/base-layer-pants-short/185-rock-n-wool-hot-pants-w/84172,Weight: 62g,
Ortovox,185 Rock'N'Wool Sport Top,Sports bra,Women's,fit=Women's,size,clothing,64000,manufacturer,https://www.ortovox.com/us-en/women/mountainwear/base-layer/sports-bras/185-rock-n-wool-sport-top-w/84212,Weight: 64g,
Outdoor Research,ActiveIce Chroma Full Sun Gloves,Sun gloves,,,,clothing,39973,manufacturer,https://www.outdoorresearch.com/products/activeice-chroma-full-sun-gloves-280134,1.41 oz/ 40 g,
Outdoor Research,ActiveIce Chroma Sun Gloves,Sun gloves,,,,clothing,34019,manufacturer,https://web.archive.org/web/20251211063136id_/https://www.outdoorresearch.com/products/activeice-chroma-sun-gloves-280133,Weight: 1.2 oz/ 34 g,
Outdoor Research,ActiveIce Spectrum Sun Hoodie,Sun hoodie,Men's,fit=Men's,size,clothing,255000,manufacturer,https://www.outdoorresearch.com/products/mens-activeice-spectrum-sun-hoodie-322376,9.0 oz/ 255 g,
Outdoor Research,ActiveIce Spectrum Sun Hoodie,Sun hoodie,Women's,fit=Women's,size,clothing,210000,manufacturer,https://www.outdoorresearch.com/products/womens-activeice-spectrum-sun-hoodie-322393,Weight: 7.41 oz/ 210 g,
Outdoor Research,Aspire II GORE-TEX Jacket,Rain jacket,Women's Medium,fit=Women's; size=M,,clothing,331689,manufacturer,https://web.archive.org/web/20240509092641/https://www.rei.com/product/204219/outdoor-research-aspire-ii-gore-tex-jacket-womens,Weight 11.7 ounces,
Outdoor Research,Crocodile Classic Gaiters,Gaiters,,,,clothing,212905,manufacturer,https://www.outdoorresearch.com/products/mens-crocodile-classic-gaiters-322192,7.51 oz/ 213 g,
Outdoor Research,Crocodile Gaiters,Gaiters,,,,clothing,314963,manufacturer,https://www.outdoorresearch.com/products/mens-crocodile-gaiters-322480,11.11 oz/ 315 g,
Outdoor Research,Crocodile Mid-Height Gaiters,Gaiters,,,,clothing,235018,manufacturer,https://www.outdoorresearch.com/products/crocodile-mid-height-gaiters-322416,8.29 oz/ 235 g,
Outdoor Research,Echo Hoodie,Sun hoodie,Men's Medium,fit=Men's; size=M,,clothing,149969,manufacturer,https://www.outdoorresearch.com/products/mens-echo-hoodie-287625,Weight: 5.29 oz / 150 g,
Outdoor Research,Echo Hoodie,Sun hoodie,Women's Medium,fit=Women's; size=M,,clothing,112000,manufacturer,https://www.outdoorresearch.com/products/womens-echo-hoodie-287655,Weight: 3.94 oz/ 112 g,
Outdoor Research,Expedition Crocodile Classic Gaiters,Gaiters,,,,clothing,223111,manufacturer,https://www.outdoorresearch.com/products/expedition-crocodile-classic-gaiters-322194,7.87 oz/ 223 g,
Outdoor Research,Ferrosi Hoodie,Softshell hoodie,Men's,fit=Men's,size,clothing,395000,manufacturer,https://www.outdoorresearch.com/products/mens-ferrosi-hoodie-322477,13.93 oz/ 395 g,
Outdoor Research,Ferrosi Hoodie,Softshell hoodie,Women's,fit=Women's,size,clothing,360000,manufacturer,https://www.outdoorresearch.com/products/womens-ferrosi-hoodie-322478,Weight: 12.7 oz/ 360 g,
Outdoor Research,Ferrosi Pants,Hiking pants,Men's Medium,fit=Men's; size=M,,clothing,371000,manufacturer,https://www.outdoorresearch.com/products/mens-ferrosi-pants-32-287641,Men's Ferrosi Pants — 371 g / 13.1 oz,
Outdoor Research,Ferrosi Pants,Hiking pants,Women's Medium,fit=Women's; size=M,,clothing,255000,manufacturer,https://www.outdoorresearch.com/products/womens-ferrosi-pants-regular-287668,Weight: 9.0 oz/ 255 g,
Outdoor Research,Ferrosi Trail Gaiters,Gaiters,,,,clothing,75126,manufacturer,https://www.outdoorresearch.com/products/ferrosi-trail-gaiters-322425,2.65 oz/ 75 g,
Outdoor Research,Foray II GORE-TEX Jacket,Rain jacket,Men's Medium,fit=Men's; size=M,,clothing,337359,manufacturer,https://www.rei.com/product/203479/outdoor-research-foray-ii-gore-tex-jacket-mens,OR Foray II GORE-TEX Jacket men’s — 11.9 oz / 337 g (REI/OR spec),
Outdoor Research,Helium Gaiters,Gaiters,,,,clothing,138913,manufacturer,https://blog.outdoorprolink.com/proview-outdoor-research-mens-helium-gaiters/,weigh only 4.9 oz and are really lightweight and packable,
Outdoor Research,Helium Rain Jacket,Rain jacket,Men's Medium,fit=Men's; size=M,,clothing,175767,manufacturer,https://web.archive.org/web/20250512151841id_/https://www.outdoorresearch.com/products/mens-helium-rain-jacket-275386,Weight: 6.2 oz/ 176 g,
Outdoor Research,Helium Rain Jacket,Rain jacket,Women's Medium,fit=Women's; size=M,,clothing,179000,manufacturer,https://web.archive.org/web/20231015162741/https://www.outdoorresearch.com/products/womens-helium-rain-jacket-300236,Weight: 6.3 oz/ 179 g,
Outdoor Research,Helium Rain Pants,Rain pants,Men's Medium,fit=Men's; size=M,,clothing,150252,manufacturer,https://web.archive.org/web/20250514181805id_/https://www.outdoorresearch.com/products/mens-helium-rain-pants-275387,Weight: 5.3 oz/ 150 g,
Outdoor Research,Helium Rain Pants,Rain pants,Women's Medium,fit=Women's; size=M,,clothing,173000,manufacturer,https://web.archive.org/web/20250817043209/https://www.outdoorresearch.com/products/womens-helium-rain-pants-275389,Weight: 6.1 oz/ 173 g,
Outdoor Research,Helium UL Gaiters,Gaiters,,,,clothing,107728,manufacturer,https://www.outdoorresearch.com/products/mens-helium-ul-gaiter-322696,3.8 oz/ 108 g,
Outdoor Research,Rocky Mountain High Gaiters II,Gaiters,,,,clothing,219992,manufacturer,https://www.outdoorresearch.com/products/mens-rocky-mountain-high-gaiters-ii-322419,7.76 oz/ 220 g,
Outdoor Research,Rocky Mountain Low Gaiters II,Gaiters,,,,clothing,164994,manufacturer,https://www.outdoorresearch.com/products/rocky-mountain-low-gaiters-ii-322423,5.82 oz/ 165 g,
Outdoor Research,Sun Runner Cap,Hat,,,,clothing,84482,manufacturer,https://www.outdoorresearch.com/products/sun-runner-cap-300299,Weight: 2.98 oz/ 85 g,
Outdoor Research,Swift Run Gaiters,Gaiters,,,,clothing,34870,manufacturer,https://www.outdoorresearch.com/products/swift-run-gaiters-322427,1.23 oz/ 35 g,
Outdoor Research,Swiftbreaker Jacket,Wind jacket,Women's,fit=Women's,,clothing,181437,manufacturer,https://www.grivetoutdoors.com/products/outdoor-research-swiftbreaker-jacket-womens,"Weighs just 6.4 oz and packs down small — a no-excuses layer for day hikes, trail runs, and shoulder-season weather",
Outdoor Vitals,Ventus Active Hoodie,Sun hoodie,Men's Medium,fit=Men's; size=M,,clothing,198000,manufacturer,https://www.garagegrowngear.com/products/mens-ventus-active-hoodie-by-outdoor-vitals,Weight: 7oz | 198g (Medium),
Pa'lante,Grid Fleece Hoody,Fleece,Medium,size=M,,clothing,289000,manufacturer,https://www.garagegrowngear.com/products/grid-fleece-hoody-by-palante-packs,Weight: 10.2oz | 289g (medium),
Pa'lante,Shorts,Shorts,Medium,size=M,,clothing,181000,manufacturer,https://www.garagegrowngear.com/products/shorts-by-palante-packs,Weight: 6.4oz | 181g (medium),
Parapack,6P,Hat,,,,clothing,33500,manufacturer,https://www.parapack.co/shopheadwear/p/6p,Weight: 1.2 ounce or 33.5 grams,
Parapack,6P Lite,Hat,,,,clothing,31000,manufacturer,https://www.parapack.co/shopheadwear/p/6plite,Weight: 1.1 ounce or 31 grams,
Parapack,B-CAP Bucket Hat,Bucket hat,,,,clothing,58000,manufacturer,https://www.garagegrowngear.com/products/b-cap-bucket-hat-by-parapack,Weight: 2oz | 58g,
Parapack,L-CAP,Hat,,,,clothing,58000,manufacturer,https://www.garagegrowngear.com/products/l-cap-by-parapack,Weight: 2oz | 58g,
Parapack,P-CAP,Hat,,,,clothing,28000,manufacturer,https://www.garagegrowngear.com/products/p-cap-by-parapack,Weight: 1oz | 28g,
Parapack,P-CAP Lite,Hat,,,,clothing,23000,manufacturer,https://www.garagegrowngear.com/products/p-cap-lite-by-parapack,Weight: 0.8oz | 23g,
Pas Normal Studios,Mechanism Pertex Rain Jacket,Rain jacket,Medium,size=M,,clothing,112000,measured,https://www.cyclist.co.uk/reviews/pas-normal-studios-mechanism-pertex-rain-jacket-review,the size Medium coming in at 112g,
Patagonia,Capilene Cool Lightweight Shirt,Base layer top,"Men's Medium, short sleeve",fit=Men's; size=M,,clothing,74000,manufacturer,https://web.archive.org/web/20201029055041id_/https://www.patagonia.com/product/mens-capilene-cool-lightweight-shirt/45760.html,Weight 74 g (2.6 oz),
Patagonia,Capilene Cool Lightweight Shirt,Base layer top,"Women's Medium, short sleeve",fit=Women's; size=M,,clothing,60000,manufacturer,https://web.archive.org/web/20260130212501id_/https://www.patagonia.com/product/womens-capilene-cool-lightweight-shirt/45765.html,Weight 60 g (2.1 oz),
Patagonia,Capilene Midweight Bottoms,Base layer bottoms,Men's Medium,fit=Men's; size=M,,clothing,164000,manufacturer,https://web.archive.org/web/20240114165323id_/https://www.patagonia.com/product/mens-capilene-midweight-baselayer-bottoms/44487.html,164 g (5.8 oz),
Patagonia,Capilene Midweight Bottoms,Base layer bottoms,Women's Medium,fit=Women's; size=M,,clothing,156000,manufacturer,https://web.archive.org/web/20251119011018/https://www.patagonia.com/product/womens-capilene-midweight-baselayer-bottoms/44492.html,Weight 156 g (5.5 oz),
Patagonia,Down Sweater Hoody,Down jacket,Men's Medium,fit=Men's; size=M,,clothing,420000,manufacturer,https://web.archive.org/web/20250811183007id_/https://www.patagonia.com/product/mens-down-sweater-insulated-hoody/84702.html,Weight 420 g (14.8 oz),
Patagonia,Down Sweater Hoody,Down jacket,Women's Medium,fit=Women's; size=M,,clothing,343000,manufacturer,https://web.archive.org/web/20260420164210id_/https://www.patagonia.com/product/womens-down-sweater-insulated-hoody/84712.html,Weight 343 g (12.1 oz),
Patagonia,Houdini Jacket,Wind jacket,Men's Medium,fit=Men's; size=M,,clothing,105000,manufacturer,https://web.archive.org/web/20200718053536id_/https://www.patagonia.com/product/mens-houdini-windbreaker-jacket/24142.html,Weight 105 g (3.7 oz),
Patagonia,Houdini Jacket,Wind jacket,Women's Medium,fit=Women's; size=M,,clothing,96000,manufacturer,https://web.archive.org/web/20260128032649/https://www.patagonia.com/product/womens-houdini-windbreaker-jacket/24147.html,Weight 96 g (3.4 oz),
Patagonia,Long-Sleeved Sun Stretch Shirt,Sun shirt,Men's Medium,fit=Men's; size=M,,clothing,159000,manufacturer,https://web.archive.org/web/20250522095505id_/https://www.patagonia.com/product/mens-long-sleeved-sun-stretch-shirt/52198.html,159 g (5.6 oz),
Patagonia,Long-Sleeved Sun Stretch Shirt,Sun shirt,Women's Medium,fit=Women's; size=M,,clothing,190000,manufacturer,https://web.archive.org/web/20240719221854id_/https://www.patagonia.com/product/womens-long-sleeved-sun-stretch-shirt/52211.html,Weight 190 g (6.7 oz),
Patagonia,Micro Puff Hoody,Insulated jacket,Men's Medium,fit=Men's; size=M,,clothing,298000,manufacturer,https://web.archive.org/web/20241207105818id_/https://www.patagonia.com/product/mens-micro-puff-insulated-hoody/84031.html,Weight 298 g (10.5 oz),
Patagonia,Micro Puff Hoody,Insulated jacket,Women's Medium,fit=Women's; size=M,,clothing,255000,manufacturer,https://web.archive.org/web/20250911203106id_/https://www.patagonia.com/product/womens-micro-puff-insulated-hoody/84041.html,Weight 255 g (9 oz),
Patagonia,Nano Puff Jacket,Insulated jacket,Men's Medium,fit=Men's; size=M,,clothing,369000,manufacturer,https://web.archive.org/web/20250903022513id_/https://www.patagonia.com/product/mens-nano-puff-insulated-jacket/84213.html,Weight 369 g (13 oz),
Patagonia,Nano Puff Jacket,Insulated jacket,Women's Medium,fit=Women's; size=M,,clothing,309000,manufacturer,https://web.archive.org/web/20250912112307id_/https://www.patagonia.com/product/womens-nano-puff-insulated-jacket/84218.html,Weight 309 g (10.9 oz),
Patagonia,P-6 Logo LoPro Trucker Hat,Trucker hat,,,,clothing,85000,manufacturer,https://www.idahomountaintouring.com/products/p-6-logo-lopro-trucker-hat,Weight. 85 g (3 oz),
Patagonia,Quandary Brimmer,Sun hat,,,,clothing,115000,manufacturer,https://www.idahomountaintouring.com/products/quandary-brimmer,Weight: 115 g (4.05 oz),
Patagonia,Quandary Pants,Hiking pants,"Men's Medium, Regular",fit=Men's; size=M; length=Regular,,clothing,318000,manufacturer,https://web.archive.org/web/20260128055417id_/https://www.patagonia.com/product/mens-quandary-hiking-pants-regular/55183.html,318 g (11.2 oz),
Patagonia,Quandary Pants,Hiking pants,"Women's Medium, Regular",fit=Women's; size=M; length=Regular,,clothing,283000,manufacturer,https://web.archive.org/web/20260106144401/https://www.patagonia.com/product/womens-quandary-hiking-pants-regular/55417.html,Weight 283 g (10 oz),
Patagonia,R1 Air Full-Zip Hoody,Fleece,Men's Medium,fit=Men's; size=M,,clothing,369000,manufacturer,https://web.archive.org/web/20250912121826id_/https://www.patagonia.com/product/mens-r1-air-fleece-midlayer-full-zip-hoody/40256.html,Weight 369 g (13 oz),
Patagonia,R1 Air Full-Zip Hoody,Fleece,Women's Medium,fit=Women's; size=M,,clothing,309000,manufacturer,https://web.archive.org/web/20260204134351/https://www.patagonia.com/product/womens-r1-air-full-zip-technical-fleece-hoody/40260.html,Weight 309 g (10.9 oz),
Patagonia,Terrebonne Joggers,Joggers,Men's Medium,fit=Men's; size=M,,clothing,195612,manufacturer,https://www.patagonia.com/product/mens-terrebonne-joggers/24541.html,"Men's Terrebonne Joggers — 6.9 oz (196 g), Men's M",
Patagonia,Terrebonne Joggers,Joggers,Women's Medium,fit=Women's; size=M,,clothing,139000,manufacturer,https://web.archive.org/web/20260415103611id_/https://www.patagonia.com/product/womens-terrebonne-joggers/24595.html,Weight 139 g (4.9 oz),
Patagonia,Torrentshell 3L Rain Jacket,Rain jacket,Men's,fit=Men's,size,clothing,399728,manufacturer,https://www.als.com/patagonia-torrentshell-3l-rain-jacket-mens-10482682/p,Average Weight: 14.1 oz,
Patagonia,Torrentshell 3L Rain Jacket,Rain jacket,Women's,fit=Women's,size,clothing,352000,manufacturer,https://www.bobssportschalet.com/patagonia/patagonia-torrentshell-3l-rain-163424,Weight: 352 g (12.4 oz),
Patagonia,Wild Trails Sports Bra,Sports bra,,,,clothing,113000,manufacturer,https://web.archive.org/web/20240424025155/https://www.patagonia.com/product/womens-wild-trails-sports-bra/32045.html,Weight 113 g (4 oz). Live patagonia.com bot-blocks; cited from the archived official product page.,
Petzl,Cordex Plus belay/rappel gloves,Gloves,Large,size=L,,clothing,146000,manufacturer,https://www.petzl.com/US/en/Sport/Packs-And-Accessories/CORDEX-PLUS,Size L (K53 LN): 146 g,
Petzl,Cordex Plus belay/rappel gloves,Gloves,Medium,size=M,,clothing,140000,manufacturer,https://www.petzl.com/US/en/Sport/Packs-And-Accessories/CORDEX-PLUS,Size M (K53 MN): 140 g,
Petzl,Cordex Plus belay/rappel gloves,Gloves,Small,size=S,,clothing,136000,manufacturer,https://www.petzl.com/US/en/Sport/Packs-And-Accessories/CORDEX-PLUS,Size S (K53 SN): 136 g,
Petzl,Cordex Plus belay/rappel gloves,Gloves,X-Large,size=XL,,clothing,152000,manufacturer,https://www.petzl.com/US/en/Sport/Packs-And-Accessories/CORDEX-PLUS,Size XL (K53 XLN): 152 g,
Portal,Acre Light Pant,Hiking pants,Medium,size=M,,clothing,320000,manufacturer,https://portal-brand.com/products/acre-light-pant,Size medium weighs 320 grams,
Portal,Biome Insulated Jacket,Insulated jacket,Medium,size=M,,clothing,560000,manufacturer,https://portal-brand.com/products/biome-insulated-parka,Size medium weighs 560 grams,
Portal,Borders Cargo Belt,Belt,,,,clothing,100000,manufacturer,https://portal-brand.com/products/borders-cargo-belt,Weighs 100 grams,
Portal,Code Wind Jacket,Wind jacket,Medium,size=M,,clothing,77000,manufacturer,https://portal-brand.com/products/code-wind-jacket,Size medium weighs 77 grams,
Portal,Drift Merino Boxer Brief,Underwear,Medium,size=M,,clothing,70000,manufacturer,https://portal-brand.com/products/drift-merino-boxer-brief,Size medium weighs 70 grams,
Portal,Drift Merino Glove,Gloves,,,,clothing,15000,manufacturer,https://portal-brand.com/products/drift-merino-glove,Pair weighs 15 grams,
Portal,Drift Merino LS T,Base layer top,Medium,size=M,,clothing,140000,manufacturer,https://portal-brand.com/products/drift-merino-ls-t,Size medium weighs 140 grams,
Portal,Drift Merino SS T,Base layer top,Medium,size=M,,clothing,120000,manufacturer,https://portal-brand.com/products/drift-merino-ss-t,Size medium weighs 120 grams,
Portal,Lateral Peak LS T,Shirt,Medium,size=M,,clothing,110000,manufacturer,https://portal-brand.com/products/lateral-peak-ls-t,Size medium weighs 110 grams,
Portal,Lateral Peak T,Shirt,Medium,size=M,,clothing,90000,manufacturer,https://portal-brand.com/products/lateral-peak-t,Size medium weighs 90 grams,
Portal,Level Alpha Jacket,Fleece,Medium,size=M,,clothing,330000,manufacturer,https://portal-brand.com/products/level-alpha-jacket,Size medium weighs 330 grams,
Portal,Lineage All Purpose Sock,Socks,Medium,size=M,,clothing,60000,manufacturer,https://portal-brand.com/products/lineage-all-purpose-sock,Size medium weighs 60 grams per pair,
Portal,Loam Fleece Jacket,Fleece,Medium,size=M,,clothing,480000,manufacturer,https://portal-brand.com/products/loam-fleece-jacket,Size medium weighs 480 grams,
Portal,Marka Liner Short,Shorts,Medium,size=M,,clothing,150000,manufacturer,https://portal-brand.com/products/marka-liner-short,Size medium weighs 150 grams,
Portal,Pattern Active Sock,Socks,Medium,size=M,,clothing,40000,manufacturer,https://portal-brand.com/products/pattern-active-sock,Size medium weighs 40 grams per pair,
Portal,Planar Lightweight Cap,Hat,,,,clothing,35000,manufacturer,https://portal-brand.com/products/planar-lightweight-cap,Weighs 35 grams,
Portal,Radius Cap,Hat,,,,clothing,40000,manufacturer,https://portal-brand.com/products/radius-cap-aw25,Weighs 40 grams,
Portal,Range Light Jersey,Shirt,Medium,size=M,,clothing,150000,manufacturer,https://portal-brand.com/products/range-light-jersey,Size medium weighs 150 grams,
Portal,Ritual Merino Sock,Socks,Medium,size=M,,clothing,60000,manufacturer,https://portal-brand.com/products/ritual-merino-sock,Size medium weighs 60 grams per pair,
Portal,Root Hemp LS T,Shirt,Medium,size=M,,clothing,260000,manufacturer,https://portal-brand.com/products/root-hemp-ls-t,Size medium weighs 260 grams,
Portal,Root Hemp T,Shirt,Medium,size=M,,clothing,220000,manufacturer,https://portal-brand.com/products/root-hemp-t,Size medium weighs 220 grams,
Portal,Traka Softshell Pant,Hiking pants,Medium,size=M,,clothing,360000,manufacturer,https://portal-brand.com/products/traka-softshell-pant,Size medium weighs 360 grams,
Portal,Traka Softshell Short,Shorts,Medium,size=M,,clothing,250000,manufacturer,https://portal-brand.com/products/traka-softshell-short,Size medium weighs 250 grams,
prAna,Stretch Zion Pant,Hiking pants,Men's Medium,fit=Men's; size=M,,clothing,377049,measured,https://www.outdoorgearlab.com/reviews/clothing-mens/hiking-pants-men/prana-stretch-zion-ii-pants,"prAna Stretch Zion Pant — measured 13.3 oz (OutdoorGearLab, Zion II); weight varies by version/size",
Rab,Downpour Waterproof Jacket,Rain jacket,Men's Medium,fit=Men's; size=M,,clothing,377000,manufacturer,https://rab.equipment/us/mens-downpour-waterproof-jacket,Weight: 13.3oz/377g (Size M),
Rab,Downpour Waterproof Jacket,Rain jacket,Women's UK 10,fit=Women's; size=UK 10,,clothing,341500,manufacturer,https://rab.equipment/us/womens-downpour-waterproof-jacket,12oz/341.5g (Size 10),
Rab,Downpour Waterproof Pants,Rain pants,Men's Medium,fit=Men's; size=M,,clothing,262500,manufacturer,https://rab.equipment/us/mens-downpour-waterproof-pants,9.3oz/262.5g (Size M),
Rab,Downpour Waterproof Pants,Rain pants,Women's UK 10,fit=Women's; size=UK 10,,clothing,239500,manufacturer,https://rab.equipment/us/womens-downpour-waterproof-pants,8.4oz/239.5g (Size 10),
Rab,Microlight Alpine Jacket,Down jacket,Men's Large,fit=Men's; size=L,,clothing,467767,manufacturer,https://web.archive.org/web/20260218183657id_/https://rab.equipment/us/microlight-alpine-jacket,Weight: 16.5oz/466.5g,
Rab,Microlight Alpine Jacket,Down jacket,Women's UK 12,fit=Women's; size=UK 12,,clothing,413500,manufacturer,https://rab.equipment/us/women-s-microlight-alpine-jacket-aw20,Weight: 14.6oz/413.5g (Size 12),
Rab,Mythic Ultra,Down jacket,Men's Medium,fit=Men's; size=M,,clothing,535806,manufacturer,https://web.archive.org/web/20251118014943/https://rab.equipment/us/mythic-ultra-jacket,18.9oz/537g (Size M),
Rab,Mythic Ultra,Down jacket,Women's UK 10,fit=Women's; size=UK 10,,clothing,499000,manufacturer,https://rab.equipment/us/women-s-mythic-ultra-jacket,17.6oz/499g (Size 10),
Recaps,Adventurer Shade Shifter Sun Hat,Sun hat,,,,clothing,91000,manufacturer,https://www.garagegrowngear.com/products/adventurer-shade-shifter-sun-hat-by-recaps,Weight: 3.2oz | 91g,
Recaps,Lounger Shade Shifter Sun Hat,Sun hat,,,,clothing,71000,manufacturer,https://www.garagegrowngear.com/products/lounger-shade-shifter-sun-hat-by-recaps,Weight: 2.5oz | 71g,
REI Co-op,Magma 850 Down Hoodie,Down jacket,Men's,fit=Men's; size=M,,clothing,354369,measured,https://www.outdoorgearlab.com/reviews/clothing-mens/down-jacket-men/rei-co-op-magma-850-hoodie,I weighed the Magma 850 in a men's medium at 12.5 ounces.,
REI Co-op,Magma 850 Down Jacket,Down jacket,Men's,fit=Men's,size,clothing,306175,measured,https://manmakesfire.com/rei-magma-850-down-jacket-review/,REI says the jacket comes in at 10.8 ounces,
REI Co-op,Merino 185 Base Layer Bottoms,Base layer bottoms,Men's Large,fit=Men's; size=L,,clothing,209786,manufacturer,https://www.rei.com/product/192915/rei-co-op-merino-185-base-layer-bottoms-mens,Weight: 7.4 oz. (size Large),
REI Co-op,Merino 185 Base Layer Bottoms,Base layer bottoms,Women's Medium,fit=Women's; size=M,,clothing,158757,manufacturer,https://www.rei.com/product/192867/rei-co-op-merino-185-base-layer-bottoms-womens,Weight: 5.6 oz. (size Medium),
REI Co-op,Merino Wool Lightweight Hiking Crew Socks,Socks,,,,clothing,62000,community,https://www.rei.com/product/165398/rei-co-op-merino-wool-lightweight-hiking-crew-socks,"REI publishes no sock weight; community estimate ~62 g/pair, benchmarked to comparable lightweight merino hiking crew socks.",
REI Co-op,Merino Wool Liner Crew Socks,Socks,,,,clothing,45000,community,https://www.rei.com/product/165397/rei-co-op-merino-wool-liner-crew-socks,REI publishes no sock weight; community-reported ~1.6 oz / 45 g per pair (REI customer Q&A).,
REI Co-op,Swiftland High-Low-Hem Long-Sleeve Running T-Shirt,Running shirt,Women's,fit=Women's,,clothing,110563,manufacturer,https://www.rei.com/product/244757/rei-co-op-swiftland-high-low-hem-long-sleeve-running-t-shirt-womens,Weight: 3.9 ounces,
Ridge Merino,Men's Ridge Boxer Briefs,Underwear,Medium,size=M,,clothing,85000,manufacturer,https://www.garagegrowngear.com/products/copy-of-mens-ridge-boxer-briefs-by-ridge-merino,Weight: 3oz | 85g (medium),
Ridge Merino,Men's Solstice Lightweight Wool Hoodie,Sun hoodie,Medium,size=M,,clothing,247000,manufacturer,https://www.garagegrowngear.com/products/mens-solstice-lightweight-wool-hoodie-by-ridge-merino,Weight: 8.7oz | 247g (medium),
Ridge Merino,Windshifter Wind Shell Jacket,Wind jacket,Men's Large,fit=Men's; size=L,,clothing,142000,manufacturer,https://www.garagegrowngear.com/products/mens-windshifter-wind-shell-jacket-by-ridge-merino,Weight: 5oz | 142g (large),
Ridge Merino,Windshifter Wind Shell Jacket,Wind jacket,Women's Small,fit=Women's; size=S,,clothing,125000,manufacturer,https://www.garagegrowngear.com/products/womens-windshifter-wind-shell-jacket-by-ridge-merino,Weight: 4.4oz | 125g (small),
Ridge Merino,Women's Ridge Boy Short Underwear,Underwear,Medium,size=M,,clothing,57000,manufacturer,https://www.garagegrowngear.com/products/womens-ridge-boy-shorts-underwear-by-ridge-merino,Weight: 2oz | 57g (medium),
Ridge Merino,Women's Send-it Seamless Sports Bra,Sports bra,Medium,size=M,,clothing,102000,manufacturer,https://www.garagegrowngear.com/products/womens-send-it-seamless-merino-sports-bra-by-ridge-merino,Weight: 3.6oz | 102g (medium),
Ridge Merino,Women's Solstice Lightweight Wool Hoodie,Sun hoodie,Medium,size=M,,clothing,227000,manufacturer,https://www.garagegrowngear.com/products/copy-of-womens-solstice-lightweight-wool-hoodie-by-ridge-merino,Weight: 8oz | 227g (medium),
ROA,Andreas Hiking Boot,Hiking boots,Men's US 9,fit=Men's; size=US 9,,clothing,1160000,community,https://www.roa-hiking.com/en-us/collections/andreas,"No published weight; community estimate for Men's US 9, per shoe | pair = 1160 g (2× per-shoe)",
ROA,Lhakpa Hiking Sneaker,Hiking shoes,Men's US 9,fit=Men's; size=US 9,,clothing,860000,community,https://www.roa-hiking.com/products/roa-footwear-lhakpa-black-j268219,"No published weight; community estimate for Men's US 9, per shoe | pair = 860 g (2× per-shoe)",
ROA,Logo Wool Beanie,Beanie,,,,clothing,65000,community,https://www.roa-hiking.com/products/roa-accessories-logo-wool-beanie-black-j334872,No published weight; community estimate ~65 g for the cuffed 50% virgin wool / 50% acrylic knit beanie (between Smartwool Merino 250 cuffed 59.5 g and Satisfy CloudMerino 71 g),
ROA,Minaar Hiking Sneaker,Hiking shoes,Men's US 9,fit=Men's; size=US 9,,clothing,760000,community,https://www.roa-hiking.com/en-us/products/roa-footwear-minaar-black-j279650,"No published weight; community estimate for Men's US 9, per shoe | pair = 760 g (2× per-shoe)",
ROA,Saharan Cap,Hat,,,,clothing,92000,community,https://www.roa-hiking.com/products/roa-accessories-saharan-cap-multicolor-j277346,No published weight; community estimate ~92 g for the stretch nylon ripstop cap with detachable neck guard (cf. Outdoor Research Sun Runner Cap 84 g with cape),
Salomon,Sense Ride 5,Trail runners,Men's,fit=Men's,size,clothing,584000,manufacturer,https://www.alpinetrek.co.uk/salomon-sense-ride-5-trail-running-shoes/,Men: 10.3 oz / 291g per shoe | pair = 584 g (2× per-shoe),
Salomon,Sense Ride 5,Trail runners,Women's,fit=Women's,size,clothing,506000,manufacturer,https://www.alpinetrek.co.uk/salomon-womens-sense-ride-5-trail-running-shoes/,Weight: 506 g (Reference size: medium-sized pair),
Salomon,X Ultra 360,Hiking shoes,"Men's, Low",fit=Men's,size,clothing,697000,manufacturer,https://www.alpinetrek.co.uk/salomon-x-ultra-360-multisport-shoes/,12.3 oz / 350g per shoe | pair = 697 g (2× per-shoe),
Salomon,X Ultra 360,Hiking shoes,"Women's, Low",fit=Women's,,clothing,610000,manufacturer,https://www.salomon.com/en-gb/product/x-ultra-360-li5849,Weight per unit: 305 g per shoe | pair = 610 g (2× per-shoe),
Sambob,Alpha 60 Crewneck,Fleece,,,size,clothing,70874,manufacturer,https://sambob.biz/products/alpha-60-crewnecks,You will not be disappointed by the warmth to weight ratio of these (~2.5oz),
Sambob,Alpha 90 Crewneck,Fleece,,,size,clothing,99223,manufacturer,https://sambob.biz/products/alpha-90-crewnecks,You will not be disappointed by the warmth to weight ratio of these (~3.5oz),
Sambob,Alpha Hoodie,Fleece,Medium,size=M,,clothing,140000,manufacturer,https://www.garagegrowngear.com/products/alpha-by-sambob,Weight: 4.9oz | 140g (medium),
Sambob,Alpha Joggers,Joggers,Medium,size=M,,clothing,114000,manufacturer,https://www.garagegrowngear.com/products/alpha-joggers-by-sambob,Weight: 4oz | 114g (Medium),
Sambob,Alpha Quarter Zip Hoodie,Fleece,Medium,size=M,,clothing,190000,manufacturer,https://www.garagegrowngear.com/products/alpha-quarter-zip-hoodie-by-sambob,Weight: 6.7oz | 190g (medium),
Sambob,Coastal Sun Hoodie,Sun hoodie,Medium,size=M,,clothing,278000,manufacturer,https://www.garagegrowngear.com/products/coastal-sun-hoodie-by-sambob,Weight: 9.8oz | 278g (medium),
Sambob,Octa Hoodie,Fleece,Medium,size=M,,clothing,130000,manufacturer,https://www.garagegrowngear.com/products/octa-hoodie-narrow-fit-by-sambob,Weight: 4.6oz | 130g (medium),
Satisfy,CloudMerino 66 T-Shirt,Base layer top,Medium,size=M,,clothing,100000,manufacturer,https://satisfyrunning.com/products/cloudmerino-66-t-shirt-sun-bleached-black,100 grams in size M,
Satisfy,CloudMerino Beanie,Beanie,,,,clothing,71000,manufacturer,https://satisfyrunning.com/products/cloudmerino-hat-1,This product weighs 71 grams.,
Satisfy,CloudMerino Liner Gloves,Gloves,,,,clothing,32000,manufacturer,https://satisfyrunning.com/products/cloudmerino-liner-gloves-batik-falcon,32g,
Satisfy,"HeatCrush 8"" Desert Shorts",Shorts,Medium,size=M,,clothing,86000,manufacturer,https://satisfyrunning.com/products/heatcrush-desert-shorts-moonstruck,This product weighs 86 grams in size M.,
Satisfy,HeatCrush Arm Sleeves,Arm sleeves,,,,clothing,32000,manufacturer,https://satisfyrunning.com/products/heatcrush-arm-sleeves-moonstruck,This product weighs 32 grams.,
Satisfy,HeatCrush Long Sleeve Base Layer,Base layer top,Medium,size=M,,clothing,120000,manufacturer,https://satisfyrunning.com/products/heatcrush-base-layer-moonstruck,This product weighs 120 grams in size M.,
Satisfy,HeatCrush Neck Cooler,Neck gaiter,,,,clothing,30000,manufacturer,https://satisfyrunning.com/products/heatcrushneck-cooler-moonstruck,30g,
Satisfy,HeatCrush T-Shirt,Running shirt,Medium,size=M,,clothing,175000,manufacturer,https://satisfyrunning.com/products/heatcrush-t-shirt-moonstruck,This product weighs 175 grams in size M.,
Satisfy,"Justice Cordura 9"" Half Tights",Half tights,Medium,size=M,,clothing,93000,manufacturer,https://satisfyrunning.com/products/justice-cordura-9-half-tights-black,93 grams in size M,
Satisfy,Justice Trail Half-Zip T-Shirt,Running shirt,Medium,size=M,,clothing,68000,manufacturer,https://satisfyrunning.com/products/justice-trail-half-zip-t-shirt-falcon,This product weighs 68 grams in size M.,
Satisfy,"PeaceShell 5"" Unlined Shorts",Shorts,Medium,size=M,,clothing,86000,manufacturer,https://satisfyrunning.com/products/peaceshell-5-unlined-shorts,This product weighs 86 grams in size M.,
Satisfy,PeaceShell River Shirt,Sun shirt,Medium,size=M,,clothing,168000,manufacturer,https://satisfyrunning.com/products/peaceshell-river-shirt-2,This product weighs 168 grams in size M.,
Satisfy,PeaceShell Running Cap,Hat,,,,clothing,30000,manufacturer,https://satisfyrunning.com/products/peaceshell-running-cap-5,30 grams,
Satisfy,Pertex 3L Fly Rain Jacket,Rain jacket,Medium,size=M,,clothing,154000,manufacturer,https://satisfyrunning.com/products/pertex-3l-fly-rain-jacket,154 grams in size M,
Satisfy,Pertex Diamond Fuse Windbreaker,Wind jacket,Medium,size=M,,clothing,107000,manufacturer,https://satisfyrunning.com/products/pertex-diamond-fuse-windbreaker-black,107 grams in size M,
Satisfy,Pertex Modular Thermal Vest,Vest,Medium,size=M,,clothing,187000,manufacturer,https://satisfyrunning.com/products/pertex-modular-thermal-vest-1,This product weighs 187 grams in size M.,
Satisfy,Rippy Air Trail Cap,Hat,,,,clothing,24000,manufacturer,https://www.satisfyrunning.com/products/rippy-air-trail-cap-black,24g - This product weighs 24 grams.,
Satisfy,Rippy Modular Windbreaker,Wind jacket,Medium,size=M,,clothing,93000,manufacturer,https://satisfyrunning.com/products/rippy-modular-windbreaker-black,93 grams in size M,
Satisfy,"Space-O 2.5"" Shorts",Shorts,Medium,size=M,,clothing,124000,manufacturer,https://satisfyrunning.com/products/long-distance-2-5-shorts,This product weighs 124 grams in size M.,
Satisfy,"TechSilk 8"" Shorts",Shorts,Medium,size=M,,clothing,130000,manufacturer,https://satisfyrunning.com/products/short-distance-8-shorts,This product weighs 130 grams in size M.,
Saucony,Peregrine 14,Trail runners,Men's,fit=Men's,size,clothing,533000,manufacturer,https://www.alpinetrek.co.uk/saucony-peregrine-14-trail-running-shoes/,Men: 9.4 oz / 267g per shoe | pair = 533 g (2× per-shoe),
Saucony,Peregrine 14,Trail runners,Women's,fit=Women's,size,clothing,464000,manufacturer,https://www.alpinetrek.co.uk/saucony-womens-peregrine-14-trail-running-shoes/,Weight: 464 g (Reference size: medium-sized pair),
Scarpa,Mont Blanc Pro GTX,Hiking boots,Men's,fit=Men's; size=EU 42,,clothing,1800000,manufacturer,https://us.scarpa.com/products/mont-blanc-pro-gtx-mens,900g; 1lb 15.5oz (1/2 pair size 42) (per shoe; pair = 1800 g),
Sea to Summit,Mosquito Head Net with Insect Shield,Head net,,,,clothing,36854,manufacturer,https://www.campingworld.com/sea-to-summit-mosquito-head-net-with-insect-shield-202502.html,1.3 oz,
Sea to Summit,Ultra-Fine Mesh Mosquito Head Net,Head net,,,,clothing,23000,manufacturer,https://www.garagegrowngear.com/products/ultra-fine-mesh-mosquito-head-net-by-sea-to-summit,Weight: 0.8oz | 23g,
Senchi Designs,Alpha 120 Hoodie,Fleece,Men's Medium,fit=Men's; size=M,,clothing,201282,manufacturer,https://senchidesigns.com/pages/weight-chart-alpha-120-hoodie-w-pocket,M | 7.1 oz | 201 g,
Senchi Designs,Alpha 60 Crewneck,Fleece,Men's Medium,fit=Men's; size=M,,clothing,96388,manufacturer,https://senchidesigns.com/pages/weight-chart-alpha-60-crewneck,M | 3.4 oz | 96 g,
Senchi Designs,Alpha 60 Hoodie,Fleece,Men's Medium,fit=Men's; size=M,,clothing,107728,manufacturer,https://senchidesigns.com/pages/weight-chart-alpha-60-hoodie,M | 3.8 oz | 108 g,
Senchi Designs,Alpha 60 Legging,Leggings,Men's Medium,fit=Men's; size=M,,clothing,70874,manufacturer,https://senchidesigns.com/pages/weight-chart-alpha-legging,M | 2.5 oz | 71 g,
Senchi Designs,Alpha 90 Hoodie,Fleece,Men's Medium,fit=Men's; size=M,,clothing,127573,manufacturer,https://senchidesigns.com/pages/weight-chart-alpha-90-hoodie-w-pocket,"M | 4.5 (oz, with a +/-10% variance note)",
Senchi Designs,Alpha 90 Legging,Leggings,Men's Medium,fit=Men's; size=M,,clothing,87884,manufacturer,https://senchidesigns.com/pages/weight-chart-alpha-legging,M | 3.1 oz | 88 g,
Shamma Sandals,Cruzers,Sandals,US 9,size=US 9,fit,clothing,182000,manufacturer,https://www.garagegrowngear.com/products/cruzers-by-shamma-sandals,Weight: 6.4oz | 182g  (per pair of size 9),
Shamma Sandals,Elite Warriors,Sandals,US 9,size=US 9,fit,clothing,198000,manufacturer,https://www.garagegrowngear.com/products/warriors-by-shamma-sandals,Weight: 7oz | 198g (per pair size 9),
Shamma Sandals,Power Straps,Sandals,Medium,size=M,fit,clothing,12000,manufacturer,https://www.garagegrowngear.com/products/power-straps-by-shamma-sandals,Weight: 0.4oz | 12g (medium),
Simms,SunGaiter,Neck gaiter,,,,clothing,45359,manufacturer,https://www.simmsfishing.com/products/sungaiter-2025,WEIGHT: 1.6 oz. (45.4 g),
SkyGOAT,CAMP Beanie,Beanie,Medium,size=M,,clothing,25000,manufacturer,https://www.garagegrowngear.com/products/camp-beanie-by-skygoat,Weight: 0.9oz | 25g (medium),
SkyGOAT,CAMP Mittens,Mittens,Medium,size=M,,clothing,28000,manufacturer,https://www.garagegrowngear.com/products/camp-mittens-by-skygoat,Weight: 0.99oz | 28g (medium),
SkyGOAT,Men's CAMP Hoodie,Insulated jacket,Medium,size=M,,clothing,287000,manufacturer,https://www.garagegrowngear.com/products/mens-camp-hoodie-by-skygoat,Weight: 10.1oz | 287g (medium),
SkyGOAT,Men's Full Zip Fleece Jacket,Fleece,Medium,size=M,,clothing,301000,manufacturer,https://www.garagegrowngear.com/products/mens-full-zip-fleece-hoodie-by-skygoat,Weight: 10.6oz | 301g (medium),
SkyGOAT,Men's Half Zip AIR 70 Pullover,Down jacket,Medium,size=M,,clothing,148000,manufacturer,https://www.garagegrowngear.com/products/mens-half-zip-air-70-pullover-by-skygoat,Weight: 5.2oz | 148g (medium),
SkyGOAT,Men's Half Zip Fleece Ultralight Pullover,Fleece,Medium,size=M,,clothing,222000,manufacturer,https://www.garagegrowngear.com/products/mens-half-zip-fleece-ultralight-pullover-by-skygoat,Weight: 7.8oz | 222g (medium),
SkyGOAT,Women's CAMP Hoodie,Insulated jacket,Medium,size=M,,clothing,245000,manufacturer,https://www.garagegrowngear.com/products/womens-camp-hoodie-by-skygoat,Weight: 8.6oz | 245g (medium),
SkyGOAT,Women's Full Zip Fleece Jacket,Fleece,Medium,size=M,,clothing,275000,manufacturer,https://web.archive.org/web/20250513103243/https://www.garagegrowngear.com/products/womens-full-zip-fleece-hoodie-by-skygoat,Weight: X-Small : 8.8oz | 249g Small : 9.2oz | 261g Medium : 9.7oz | 275g Large : 10.2oz | 289g,
SkyGOAT,Women's Half Zip AIR 70 Pullover,Down jacket,Medium,size=M,,clothing,130000,manufacturer,https://www.garagegrowngear.com/products/womens-half-zip-air-70-pullover-by-skygoat,Weight: 4.6oz | 130g (medium),
SkyGOAT,Women's Half Zip Fleece Ultralight Pullover,Fleece,Medium,size=M,,clothing,200000,manufacturer,https://www.garagegrowngear.com/products/womens-half-zip-fleece-ultralight-pullover-by-skygoat,Weight: 7.1oz | 200g (medium),
Smartwool,Classic Thermal Merino Base Layer Quarter-Zip,Base layer top,Women's,fit=Women's,,clothing,235868,measured,https://web.archive.org/web/20250808170303/https://www.rei.com/product/235798/smartwool-classic-thermal-merino-quarter-zip-base-layer-top-womens,The approximate garment weight is 8.32 oz. (236 g) — official REI staff answer in the product Q&A (neither Smartwool nor REI's spec tab publishes a weight); matches a user-measured 236 g.,
Smartwool,Hike Classic Edition Zero Cushion Liner Crew Socks,Socks,,,size,clothing,52000,manufacturer,https://vpo.ca/products/hike-classic-edition-zero-cushion-liner-crew-socks-mens,Garment Weight: 52 g / 1.83 oz,
Smartwool,Merino 150 Base Layer Long Sleeve,Base layer top,Men's Medium,fit=Men's; size=M,,clothing,170097,manufacturer,https://web.archive.org/web/20190721193205id_/https://www.smartwool.com/shop/mens-merino-150-base-layer-long-sleeve-SW016042,Weight: 170 g = 6 oz,
Smartwool,Merino 150 Base Layer Long Sleeve,Base layer top,Women's Medium,fit=Women's; size=M,,clothing,133000,manufacturer,https://web.archive.org/web/20190520002111/https://www.smartwool.com/shop/womens-merino-150-base-layer-long-sleeve-SW015255?variationId=001,Garment Weight: 133 g = 4.7 oz,
Smartwool,Merino 250 Cuffed Beanie,Beanie,,,,clothing,59534,manufacturer,https://www.rei.com/product/738915/smartwool-thermal-merino-reversible-cuffed-beanie,Smartwool Merino 250 Cuffed Beanie — 2.1 oz / 60 g (REI),
Snow Peak,Breathable Insulated Jacket,Insulated jacket,Large,size=L,,clothing,410000,manufacturer,https://1290sqm.com/products/snow-peak-breathable-insulated-jacket-black,Weight: Approx. 410 g / Size L,
Soar,Nano Jacket,Wind jacket,Medium,size=M,,clothing,129000,measured,https://www.roadtrailrun.com/2025/12/soar-running-nano-jacket-review.html,Weight: 129g (medium) Spec and Sample,
Soar,Nano Rain Jacket,Rain jacket,Large,size=L,,clothing,242000,measured,https://www.advnture.com/reviews/soar-nano-rain-jacket,Weight (L): 242g / 8.5oz,
Soar,Running Sleeves,Arm sleeves,Medium,size=M,,clothing,28000,measured,https://www.irunfar.com/soar-running-apparel-review,just under an ounce (28 grams) for a size M pair,
Soar,Tempo Top,Running shirt,Medium,size=M,,clothing,150000,manufacturer,https://www.soarrunning.com/en-us/products/mens-tempo-top-black-1,Size M weighs only 150 grams,
Soar,Trail Rain Jacket,Rain jacket,Medium,size=M,,clothing,159000,measured,https://www.roadtrailrun.com/2023/11/soar-running-x-trail-round-up-review.html,At 5.6 oz / 159g in my size medium it is very light,
Soar,Ultra Race Cap,Hat,,,,clothing,27000,manufacturer,https://www.altitude-sports.com/p/soar-running-ultra-race-cap-unisex-soa-sa13mw,the Ultra Race Cap weighs just 27 g.,
Soar,Ultra Rain Jacket 2.0,Rain jacket,Medium,size=M,,clothing,144000,manufacturer,https://www.runningxpert.com/en/soar-herre-ultra-rain-jacket-2-0.html,Ultra-light rain jacket (144 g. Size M),
Stone Island Shadow Project,DPM Map Down Jacket,Down jacket,Men's Medium,fit=Men's; size=M,,clothing,750000,community,https://www.endclothing.com/us/stone-island-shadow-project-dpm-map-down-jacket-7119-40412-v0029.html,No published weight; community estimate for Men's M,
Stone Island Shadow Project,Tie Up Cargo Pant,Pants,"Men's Medium, IT 50",fit=Men's; size=M,,clothing,580000,community,https://www.endclothing.com/us/stone-island-shadow-project-tie-up-cargo-pant-701930308-v0029.html,No published weight; community estimate for Men's M,
Superfeet,All-Purpose Support High Arch Insole,Insoles,Size D,size=D,,clothing,92000,manufacturer,https://www.garagegrowngear.com/products/all-purpose-support-high-arch-insole-by-superfeet,Weight: 3.2oz | 92g (size D),
Superfeet,All-Purpose Support Low Arch Insole,Insoles,Size D,size=D,,clothing,81000,manufacturer,https://www.garagegrowngear.com/products/all-purpose-support-low-arch-insole-by-superfeet,Weight: 2.9oz | 81g (size D),
Superfeet,All-Purpose Support Medium Arch Insole,Insoles,Size D,size=D,,clothing,76000,manufacturer,https://www.garagegrowngear.com/products/all-purpose-support-medium-arch-insole-by-superfeet,Weight: 2.7oz | 76g (size D),
Superfeet,Hike Cushion Insole,Insoles,Size D,size=D,,clothing,96000,manufacturer,https://www.garagegrowngear.com/products/hike-cushion-insole-by-superfeet,Weight: 3.4oz | 96g (size D),
Superfeet,Hike Support Insole,Insoles,Size D,size=D,,clothing,104000,manufacturer,https://www.garagegrowngear.com/products/hike-support-insole-by-superfeet,Weight: 3.7oz | 104g (size D),
Superfeet,Hike Women's Support Insole,Insoles,Size D,size=D,,clothing,104000,manufacturer,https://www.garagegrowngear.com/products/hike-womens-support-insole-by-superfeet,Weight: 3.7oz | 104g (size D),
Territory Run Co.,Men's Long Haul Short,Shorts,Medium,size=M,,clothing,150000,manufacturer,https://www.garagegrowngear.com/products/mens-long-haul-short-by-territory-run-co,Weight: 5.3oz | 150g (medium),
Territory Run Co.,The Long Haul Cap,Hat,,,,clothing,60000,manufacturer,https://www.garagegrowngear.com/products/the-long-haul-cap-by-territory-run-co,Weight: 2.1oz | 60g,
Territory Run Co.,Women's All Day Run Shorts,Shorts,,,size,clothing,113398,manufacturer,https://www.garagegrowngear.com/products/womens-all-day-run-shorts-by-territory-run-co,Weight: ~4.0oz,
Territory Run Co.,Women's Long Haul Short,Shorts,Medium,size=M,,clothing,113398,manufacturer,https://web.archive.org/web/20240713070703/https://www.garagegrowngear.com/products/womens-long-haul-short-by-territory-run-co,Weight: 4oz (size medium),
Teton Bros,Feather Rain Jacket,Rain jacket,Men's Medium,fit=Men's; size=M,,clothing,185000,manufacturer,https://www.teton-bros.com/en/products/feather-rain-jacket,185g (Size M),
Teton Bros,Tsurugi Lite Jacket,Rain jacket,Men's Medium,fit=Men's; size=M,,clothing,240000,manufacturer,https://www.teton-bros.com/products/tb251-03m,Weight 240g (Size M),
Teton Bros,Wind River Hoody,Fleece,Men's Medium,fit=Men's; size=M,,clothing,100000,manufacturer,https://www.teton-bros.com/products/tb261-19m,Weight: 100g (Size M),
Teton Bros,Wind River Hoody,Fleece,Women's Medium,fit=Women's; size=M,,clothing,90000,manufacturer,https://www.teton-bros.com/en/products/tb261-19w,Weight: 90g (Size M),
Teva,Original Universal Sandals,Sandals,US 11,fit=Men's; size=US 11,,clothing,411068,measured,https://www.outdoorgearlab.com/reviews/shoes-and-boots/sandals-mens/teva-original-universal,14.5(size 11) Weight (per pair),
Teva,Original Universal Sandals,Sandals,Women's US 6.5,fit=Women's; size=US 6.5,,clothing,283495,measured,https://www.outdoorgearlab.com/reviews/shoes-and-boots/sandals-womens/teva-original-universal-womens,Measured Weight (per pair): 10.0 oz (size 6.5),
The North Face,Class V Brimmer,Sun hat,,,,clothing,90700,manufacturer,https://www.wildfiresports.com.au/the-north-face-class-v-brimmer-unisex-hat,90.7g,
The North Face,Horizon Breeze Brimmer Hat,Sun hat,,,,clothing,82214,measured,https://www.outdoorgearlab.com/reviews/camping-and-hiking/sun-hat/the-north-face-horizon-breeze-brimmer,Weight: 2.9 oz,
The North Face,Reversible Highline Beanie,Beanie,,,,clothing,70874,measured,https://www.backcountry.com/the-north-face-reversible-highline-beanie,Claimed Weight 2.5oz,
The North Face,ThermoBall Eco Hoodie,Insulated jacket,Men's Medium,fit=Men's; size=M,,clothing,450757,manufacturer,https://web.archive.org/web/20240913041531/https://www.backcountry.com/the-north-face-thermoball-eco-hoodie-mens,Claimed Weight: 15.9oz,
The North Face,ThermoBall Eco Hoodie,Insulated jacket,Women's Medium,fit=Women's; size=M,,clothing,390000,manufacturer,https://www.bobssportschalet.com/the-north-face/the-north-face-thermoball-eco--23465,Avg Weight: 390 g (13.76 oz),
The North Face,ThermoBall Traction Mule V,Camp shoes,Women's,fit=Women's,size,clothing,402563,measured,https://gearheadoutfitters.com/products/w-thermoball-traction-mule-v,7.09 oz [half pair] — 14.2 oz per pair,
Topo Athletic,Pursuit 2,Trail runners,Men's,fit=Men's,,clothing,601000,manufacturer,https://www.runningwarehouse.eu/Topo_Athletic_Pursuit_2/descpage-TO2PUM0-EN.html,Weight: 10.6 oz 301 g per shoe | pair = 601 g (2× per-shoe),
Topo Athletic,Pursuit 2,Trail runners,Women's,fit=Women's; size=US 7,,clothing,488000,manufacturer,https://eastsidesports.com/products/topo-pursuit-ii-w,Weight: 8.6oz (W7) per shoe | pair = 488 g (2× per-shoe),
Topo Athletic,Terraventure 4,Trail runners,Men's US 9,fit=Men's; size=US 9,,clothing,286000,manufacturer,https://www.garagegrowngear.com/products/mens-terraventure-4-trail-running-shoes-by-topo-athletic,Weight: 10.1oz | 286g (US9 per pair),
Topo Athletic,Terraventure 4,Trail runners,Women's US 7,fit=Women's; size=US 7,,clothing,244000,manufacturer,https://www.garagegrowngear.com/products/womens-terraventure-4-trail-running-shoes-by-topo-athletic,Weight: 8.6oz | 244g (US7 per pair),
Topo Athletic,Ultraventure 4,Trail runners,Men's,fit=Men's; size=US 9,,clothing,589670,manufacturer,https://www.topoathletic.com/mens-ultraventure-4,Weight:10.4 OZ (M9) | pair = 590 g (2× per-shoe),
Topo Athletic,Ultraventure 4,Trail runners,Women's,fit=Women's; size=US 7,,clothing,465000,manufacturer,https://www.topoathletic.com/womens-ultraventure-4,Weight: 8.2 OZ (W7) per shoe | pair = 465 g (2× per-shoe),
Topo Designs,Global Jacket,Jacket,Men's Medium,fit=Men's; size=M,,clothing,300000,community,https://topodesigns.com/products/global-jacket-mens,No published weight; community estimate for Men's M (packable 2.5L recycled polyester rain shell),
Topo Designs,Mountain Pant,Pants,Men's 32,fit=Men's; size=32,,clothing,480000,community,https://www.backcountry.com/topo-designs-mountain-pant-mens,No published weight; community estimate for Men's 32 (sibling Global Pant lists ~10oz),
Topo Designs,Mountain Puffer Hoodie,Insulated jacket,Men's Medium,fit=Men's; size=M,,clothing,450000,community,https://www.rei.com/product/210404/topo-designs-mountain-puffer-insulated-hoodie-mens,No published garment weight; community estimate for Men's M (PrimaLoft Black Rise insulation),
ToughCutie,Ladies Lightweight Hiker Crew,Socks,Medium,size=M,,clothing,65000,manufacturer,https://www.garagegrowngear.com/products/eve-the-original-ladies-light-weight-hiker-crew-by-toughcuties,Weight: 2.3oz |  65g (medium),
ToughCutie,Ladies Lightweight Hiker Quarter Crew,Socks,Medium,size=M,,clothing,46000,manufacturer,https://www.garagegrowngear.com/products/eve-ladies-lightweight-hiker-quarter-crew-by-toughcutie,Weight: 1.6oz | 46g (medium),
Tumble On Outfitters,Alpha & Grid Combo Fleece Hoodie,Fleece,"120gsm, Medium",size=M,,clothing,244000,manufacturer,https://www.garagegrowngear.com/products/alpha-grid-combo-fleece-hoodie-by-tumble-on-outfitters,120gsm: 8.6oz | 244g,
Tumble On Outfitters,Alpha & Grid Combo Fleece Hoodie,Fleece,"90gsm, Medium",size=M,,clothing,215000,manufacturer,https://www.garagegrowngear.com/products/alpha-grid-combo-fleece-hoodie-by-tumble-on-outfitters,90gms: 7.6oz | 215g,
Ultra Gam,Ankle Gaiters,Gaiters,Medium,size=M,,clothing,31000,manufacturer,https://www.garagegrowngear.com/products/ankle-gaiters-by-ultragam,Weight: 1.1oz | 31g (per pair in medium),
Ultra Gam,Arm Sleeves/Warmers,Arm sleeves,Medium,size=M,,clothing,42500,manufacturer,https://www.garagegrowngear.com/products/arm-sleeves-warmers-by-ultragam,Weight: 1.5oz | 42.5g (per pair in medium),
Ultra Gam,Calf Gaiters,Gaiters,Medium,size=M,,clothing,68039,manufacturer,https://www.garagegrowngear.com/products/calf-gaiters-by-ultragam,Weight: 2.4oz | 68oz (per pair in medium),
Veja,Condor 3,Trail runners,Men's UK 10,fit=Men's; size=UK 10,,clothing,686000,measured,https://www.advnture.com/reviews/veja-condor-3,Weight (per shoe): 12.1oz / 343g (UK size 10) | pair = 686 g (2× per-shoe),
Veja,Dekkan Alveomesh,Hiking shoes,Men's US 9,fit=Men's; size=US 9,,clothing,680000,community,https://www.veja-store.com/en_gb/p/dekkan-alveomesh-natural-white-DC0102576.html,"No published weight; community estimate for Men's US 9, per shoe | pair = 680 g (2× per-shoe)",
Veja,Fitz Roy Trek-Shell,Hiking boots,Men's US 9,fit=Men's; size=US 9,,clothing,736000,manufacturer,https://www.veja-store.com/en_us/p/fitz-roy-trek-shell-full-black-FS2302456.html,368 g / 13 oz | pair = 736 g (2× per-shoe),
Voormi,River Run Hoodie,Hoodie,Men's Large,fit=Men's; size=L,,clothing,198000,manufacturer,https://www.garagegrowngear.com/products/mens-river-run-hoodie-by-voormi,Weight: 7oz | 198g (large),
Voormi,Women's River Run Hoodie,Hoodie,Medium,size=M,,clothing,142000,manufacturer,https://www.garagegrowngear.com/products/womens-river-run-hoodie-by-voormi,Weight: 5oz | 142g (medium),
Western Mountaineering,Flash Down Booties,Booties,Men's Medium,fit=Men's; size=M,,clothing,85049,manufacturer,https://www.westernmountaineering.com/product/flash-down-booties/,Weighing just 3 oz (85g) per pair in size medium,
WIDE OPEN Socks,Men's Multi Stripe Cushioned Micro Crew Socks,Socks,Large,size=L,,clothing,60000,manufacturer,https://www.garagegrowngear.com/products/mens-multi-stripe-cushioned-micro-crew-socks-by-wide-open-socks,Weight: 2.1oz | 60g (large),
WIDE OPEN Socks,Men's Solid Cushioned Quarter Crew Socks,Socks,Large,size=L,,clothing,56000,manufacturer,https://www.garagegrowngear.com/products/mens-solid-cushioned-quarter-crew-socks-by-wide-open-socks,Weight: 2oz | 56g (large),
WIDE OPEN Socks,Women's Multi Stripe Cushioned Micro Crew Socks,Socks,Medium,size=M,,clothing,52000,manufacturer,https://www.garagegrowngear.com/products/womens-multi-stripe-cushioned-micro-crew-socks-by-wide-open-socks,Weight: 1.8oz | 52g (medium),
WIDE OPEN Socks,Women's Stripe Cushioned Quarter Crew Socks,Socks,Medium,size=M,,clothing,56000,manufacturer,https://www.garagegrowngear.com/products/womens-stripe-cushioned-quarter-crew-socks-by-wide-open-socks,Weight: 2oz | 56g (medium),
Wūru Wool,Men's 100% Merino Lightweight Hoodie,Hoodie,Medium,size=M,,clothing,215000,manufacturer,https://www.garagegrowngear.com/products/mens-100-merino-lightweight-hoodie-by-wuru-wool,Weight: 7.6oz | 215g (medium),
Wūru Wool,Men's 100% Merino Short Sleeve Shirt,Shirt,Medium,size=M,,clothing,198000,manufacturer,https://www.garagegrowngear.com/products/mens-100-merino-short-sleeve-shirt-by-wuru-wool,Weight: 7oz | 198g (medium),
Wūru Wool,Women's 100% Merino Lightweight Hoodie,Hoodie,Medium,size=M,,clothing,210000,manufacturer,https://www.garagegrowngear.com/products/womens-100-merino-lightweight-hoodie-by-wuru-wool,Weight: 7.4oz | 210g (medium),
Wūru Wool,Women's 100% Merino Relaxed Crew Short Sleeve,Shirt,Medium,size=M,,clothing,198000,manufacturer,https://www.garagegrowngear.com/products/womens-100-merino-relaxed-crew-short-sleeve-by-wuru-wool,Weight: 7oz | 198g (medium),
Wūru Wool,Women's 100% Merino Short Sleeve Shirt,Shirt,Medium,size=M,,clothing,198000,manufacturer,https://www.garagegrowngear.com/products/womens-100-merino-relaxed-crew-short-sleeve-by-wuru-wool,Weight: 7oz | 198g (medium),
XOSKIN,Men's XOUNDERWEAR Seamless Liner Shorts,Underwear,,,size,clothing,156000,manufacturer,https://www.garagegrowngear.com/products/3-1-mens-xounderwear-seamless-liner-shorts-by-xoskin,Weight: 5.5oz | 156g,
XOSKIN,Women's XOUNDERWEAR Seamless Liner Shorts Midi,Underwear,,,,clothing,62369,manufacturer,https://www.xoskin.us/31-XOUNDERWEAR-Seamless-Liner-with-2-Way-Stretch-XO-Waist-Band-New-Release-Made-in-the-USA/31-Womens-XOUNDERWEAR-Seamless-Liner-Shorts-Midi-with-2-Way-Stretch-XO-Waist-Band-has-a-proprietary-highly-breathable-mesh-throughout-the-garment-to-rapidly-wick-moisture-away-from-your-skin-Made-in-the-USA/,Weighing in at +-2.2 ounces it is the lightest performance underwear on the market.,
XOSKIN,XOTOES Toe Sock Anklet,Socks,Size 2,size=2,,clothing,37000,manufacturer,https://www.garagegrowngear.com/products/5-0-xotoes-toe-sock-anklet-by-xoskin,1.3oz | 37g per pair in size 2,
XOSKIN,XOTOES Toe Sock Crew,Socks,Size 2,size=2,,clothing,57000,manufacturer,https://www.garagegrowngear.com/products/5-0-xotoes-toe-sock-crew-by-xoskin-1,2oz | 57g per pair in size 2,
XOSKIN,XOTOES Toe Sock Quarter Crew,Socks,Size 2,size=2,,clothing,43000,manufacturer,https://www.garagegrowngear.com/products/5-0-xotoes-toe-sock-qrt-crew-by-xoskin,1.5oz | 43g per pair in size 2,
XOSKIN,XOWOOL Toe Sock Mid Crew,Socks,Size 2,size=2,,clothing,66000,manufacturer,https://www.garagegrowngear.com/products/xowool-toe-sock-mid-crew-by-xoskin,2.3oz | 66g per pair in size 2,
XOSKIN,XOWOOL Toe Sock Quarter Crew,Socks,Size 2,size=2,,clothing,56000,manufacturer,https://www.garagegrowngear.com/products/xowool-toe-sock-quarter-crew-by-xoskin,1.9oz | 56g per pair in size 2,
Yamatomichi,UL Shirt,Shirt,Medium,size=M,,clothing,99000,manufacturer,https://www.yamatomichi.com/en/products/ul-shirt,Weight: 99g (Size M),
Yonderwear,The Yonderpair Women's Underwear,Underwear,Medium Mid-Rise,size=M,,clothing,39000,manufacturer,https://www.garagegrowngear.com/products/the-yonderpair-womens-underwear-by-yonderwear,Weight: 1.4oz | 39g (medium mid-rise),
Youer,Treasure Dress Air,Dress,Medium,size=M,,clothing,170000,manufacturer,https://www.garagegrowngear.com/products/treasure-dress-by-youer,Weight: 6oz | 170g (medium),
Zpacks,Brushtail Possum Beanie,Beanie,,,,clothing,67000,manufacturer,https://zpacks.com/products/brushtail-possum-beanie,Weight 2.4 oz / 67 g,
Zpacks,Brushtail Possum Mittens,Mittens,,,,clothing,31000,manufacturer,https://zpacks.com/products/brushtail-possum-mittens,Weight 1.1 oz / 31 g,
Zpacks,Brushtail Possum Socks,Socks,,size=S,,clothing,77000,manufacturer,https://zpacks.com/products/possumdown-socks,Weight 2.7 oz / 77 g,
Zpacks,Conductive Brushtail Possum Gloves,Gloves,,,,clothing,33000,manufacturer,https://zpacks.com/products/possumdown-gloves,Weight 1.2 oz / 33 g,
Zpacks,DCF Rain Kilt,Rain skirt,,,size,clothing,52000,manufacturer,https://zpacks.com/products/dcf-rain-kilt,Weight 1.8 oz / 52 g,
Zpacks,Deluxe Camp Shoes,Camp shoes,Medium,size=M,fit,clothing,76000,manufacturer,https://www.garagegrowngear.com/products/deluxe-camp-shoes-by-zpacks,Weight: 2.7oz | 76g (medium),
Zpacks,Down Booties,Booties,,size=S,,clothing,38000,manufacturer,https://zpacks.com/products/zpacks-down-booties,Weight 1.3 oz / 38 g,
Zpacks,Down Hood,Hood,,,,clothing,36000,manufacturer,https://zpacks.com/products/zpacks-down-hood,Weight 1.3 oz / 36 g,
Zpacks,Down Jacket,Down jacket,,size=S,,clothing,174000,manufacturer,https://zpacks.com/products/zpacks-down-jacket,Weight 6.1 oz / 174 g,
Zpacks,Fingerless Brushtail Possum Gloves,Gloves,,,,clothing,29000,manufacturer,https://zpacks.com/products/fingerless-brushtail-possum-gloves,Weight 1 oz / 29 g,
Zpacks,Foldable Trail Hat,Sun hat,,,,clothing,54000,manufacturer,https://zpacks.com/products/foldable-trail-hat,Weight 1.9 oz / 54 g,
Zpacks,Groundsheet Poncho,Poncho,,,,clothing,166000,manufacturer,https://zpacks.com/products/groundsheet-poncho-flat,Weight 5.9 oz / 166 g,
Zpacks,Micro-Fleece Hat,Beanie,,,,clothing,28000,manufacturer,https://zpacks.com/products/fleece-hat,Weight 0.99 oz / 28 g,
Zpacks,Mirage Merino Sun Hoody,Sun hoodie,,size=XS,,clothing,200000,manufacturer,https://zpacks.com/products/the-mirage-merino-sun-hoody,Weight 7.1 oz / 200 g,
Zpacks,Mirage Merino Sun Hoody,Sun hoodie,Women's,fit=Women's; size=XS,,clothing,169000,manufacturer,https://zpacks.com/products/womens-mirage-merino-sun-hoody,Weight 6 oz / 169 g,
Zpacks,Neck Gaiter,Neck gaiter,,,,clothing,31000,manufacturer,https://zpacks.com/products/zpacks-neck-gaiter,Weight 1.1 oz / 31 g,
Zpacks,Octa Fleece Camp Pants,Fleece pants,,size=S,,clothing,147000,manufacturer,https://zpacks.com/products/zpacks-octa-fleece-camp-pants,Weight 5.2 oz / 147 g,
Zpacks,Octa Fleece Hoody,Fleece,Full Zip,size=XS,,clothing,144000,manufacturer,https://zpacks.com/products/zpacks-octa-fleece-hoody-full-zip,Weight 5.1 oz / 144 g,
Zpacks,Octa Fleece Hoody,Fleece,Pullover,size=XS,,clothing,134000,manufacturer,https://zpacks.com/products/zpacks-octa-fleece-hoody,Weight 4.7 oz / 134 g,
Zpacks,Octa Fleece Hoody,Fleece,"Women's, Full Zip",fit=Women's; size=XS,,clothing,120000,manufacturer,https://zpacks.com/products/womens-octa-fleece-hoody-full-zip,Weight 4.2 oz / 120 g,
Zpacks,Octa Fleece Hoody,Fleece,"Women's, Pullover",fit=Women's; size=XS,,clothing,114000,manufacturer,https://zpacks.com/products/womens-octa-fleece-hoody-pullover,Weight 4 oz / 114 g,
Zpacks,Octa Fleece Thermal Bottoms,Base layer bottoms,,size=S,,clothing,99000,manufacturer,https://zpacks.com/products/octa-thermal-bottoms-long-underwear-leggings,Weight 3.5 oz / 99 g,
Zpacks,Radiant Wool T-Shirt,Shirt,,size=XS,,clothing,110000,manufacturer,https://zpacks.com/products/radiant-merino-wool-t-shirt,Weight 3.9 oz / 110 g,
Zpacks,Rain Gaiters,Gaiters,,,,clothing,51000,manufacturer,https://zpacks.com/products/gaiters,Weight 1.8 oz / 51 g,
Zpacks,Trail Cool Hiking Shorts,Shorts,,,size,clothing,149000,manufacturer,https://zpacks.com/products/trail-cool-hiking-shorts,Weight 5.3 oz / 149 g,
Zpacks,Trail Cool Joggers,Joggers,,,,clothing,203000,manufacturer,https://zpacks.com/products/zpacks-trail-cool-joggers,Weight 7.2 oz / 203 g,
Zpacks,Trail Cool Socks,Socks,,size=M,,clothing,21000,manufacturer,https://zpacks.com/products/trail-cool-socks,Weight 0.74 oz / 21 g,
Zpacks,Trail Cool Sun Hoody,Sun hoodie,,size=XS,,clothing,146000,manufacturer,https://zpacks.com/products/zpacks-trail-cool-sun-hoody,Weight 5.1 oz / 146 g,
Zpacks,Trail Cool T-Shirt,Shirt,,size=XS,,clothing,75000,manufacturer,https://zpacks.com/products/zpacks-trail-cool-t-shirt-obs,Weight 2.6 oz / 75 g,
Zpacks,Trail Trucker Hat,Trucker hat,,,,clothing,75000,manufacturer,https://zpacks.com/products/trail-trucker-hat,Weight 2.6 oz / 75 g,
Zpacks,Travel & Trail Convertible Hiking Pants,Hiking pants,,size=S,,clothing,324000,manufacturer,https://zpacks.com/products/zpacks-travel-trail-convertible-hiking-pants,Weight 11.4 oz / 324 g,
Zpacks,Travel & Trail Hiking Pants,Hiking pants,,size=S,,clothing,287000,manufacturer,https://zpacks.com/products/zpacks-travel-trail-hiking-pants,Weight 10.1 oz / 287 g,
Zpacks,Ultralight Camp Shoes,Camp shoes,Medium,size=M,fit,clothing,52000,manufacturer,https://www.garagegrowngear.com/products/ultralight-camp-shoes-by-zpacks,Weight: 1.8oz | 52g (medium),
Zpacks,Ventum Wind Shell Jacket,Wind jacket,,size=S,,clothing,55000,manufacturer,https://zpacks.com/products/wind-shell-jacket,Weight 1.9 oz / 55 g,
Zpacks,Vertice Rain Jacket,Rain jacket,Men's,fit=Men's; size=S,,clothing,153087,manufacturer,https://zpacks.com/products/vertice-rain-jacket,Weight 5.4 oz / 152 g,
Zpacks,Vertice Rain Kilt,Rain skirt,,,size,clothing,68000,manufacturer,https://zpacks.com/products/vertice-rain-kilt,Weight 2.4 oz / 68 g,
Zpacks,Vertice Rain Mitts,Rain mitts,,,,clothing,21000,manufacturer,https://zpacks.com/products/vertice-rain-mitts,Weight 0.74 oz / 21 g,
Zpacks x Glacial Gear,Wool Trail Rag,Bandana,,,,clothing,17000,manufacturer,https://zpacks.com/products/zpacks-x-glacial-gear-wool-trail-rag,Weight 0.6 oz / 17 g,
Zpacks x TownShirt,Button Up Hiking Shirt,Shirt,,size=L,,clothing,177000,manufacturer,https://zpacks.com/products/zpacks-x-townshirt-button-up-hiking-shirt,Weight 6.2 oz / 177 g,
ACR,ResQLink 400 PLB,PLB,,,,electronics,143789,manufacturer,https://www.acrartex.com/products/resqlink-400/,0.317 lbs (144 g),
Alpenglow Gear,Alpenblow Classic Micro Inflator,Air pump,,,,electronics,8600,manufacturer,https://alpenglowgear.co/products/alpenblow,"Weight: 8.60 g (0.30 oz) — USB-powered sleeping-pad micro inflator; brand is Alpenglow Gear, 'Alpenblow' is the product.",
Alpenglow Gear,Alpenblow Lux Micro Inflator,Air pump,,,,electronics,13700,manufacturer,https://alpenglowgear.co/products/alpenblow-lux,Weight: 13.7 g (with Therm-a-Rest nozzle),
Alpenglow Gear,Alpenblow Nozzle Expansion Pack,Pump nozzles,,,,electronics,4000,manufacturer,https://www.garagegrowngear.com/products/alpenblow-nozzle-expansion-pack-by-alpenglow-gear,Weight: 0.1oz | 4g (packaged weight),
Amazon,Kindle,E-reader,2024,,,electronics,158000,manufacturer,https://blog.the-ebook-reader.com/2024/10/16/new-basic-kindle-for-2024-details-summary/,Weight: 158 grams.,
Amazon,Kindle Colorsoft Signature Edition,E-reader,2024,,,electronics,219000,manufacturer,https://blog.the-ebook-reader.com/2024/10/16/new-kindle-colorsoft-details-summary-first-color-kindle/,Weight: 219 grams.,
Amazon,Kindle Paperwhite,E-reader,2024,,,electronics,211000,manufacturer,https://blog.the-ebook-reader.com/2024/10/16/new-12th-gen-kindle-paperwhite-specs-and-features-summary/,Weight: 211 grams (214 grams SE),
Amazon,Kindle Paperwhite Signature Edition,E-reader,2024,,,electronics,214000,manufacturer,https://liliputing.com/amazon-kindle-2024-specs-compared/,214 grams / 7.5 ounces,
Amazon,Kindle Scribe,E-reader,2024,,,electronics,433000,manufacturer,https://ewritable.net/brands/kindle/tablets/kindle-scribe-2024/,Weight: 433g,
Anker,313 Power Bank,Power bank,"PowerCore 10K, A1229",capacity_mah=10000,,electronics,212621,manufacturer,https://service.anker.com/product-description/a085g000004x2B4AAI/anker-313-power-bank-powercore-10k,Weight: 7.5 ounces,
Anker,511 Power Bank,Power bank,"PowerCore Fusion 5K, A1633",capacity_mah=5000,,electronics,170000,manufacturer,https://service.anker.com/product-description/a085g000004zVOvAAM/anker-511-power-bank-powercore-fusion-5k,Weight: 170g,
Anker,MagGo Power Bank,Power bank,"5K Slim, A1667",capacity_mah=5000,,electronics,120000,manufacturer,https://www.apple.com/shop/product/hrwy2ll/a/anker-maggo-power-bank-5k-slim,Weight: 4.2 oz. / 120 g,
Anker,Nano Charger,Wall charger,"20W, A2637",,,electronics,31184,manufacturer,https://www.anker.com/products/a2637-nano-20w-charger,Weight: 1.1 ounces,
Anker,PowerCore 10000,Power bank,A1263,capacity_mah=10000,,electronics,178602,manufacturer,https://service.anker.com/product-description/a085g000004x2B3AAI/powercore-10000,Weight: 6.3 ounces,
Apple,60W USB-C Charge Cable,Charging cable,1m,length=1m,,electronics,40000,community,https://www.apple.com/shop/product/mw493am/a/60w-usb-c-charge-cable-1-m,"Apple MW493AM/A USB-C to USB-C (woven), 1 m. Apple does not publish a weight; ~40 g is a community estimate (verify)",
Apple,AirPods 1,Earbuds,,,,electronics,46000,manufacturer,https://support.apple.com/en-us/111855,Weight — AirPods (each): 0.14 ounce (4 g); Charging Case: 1.34 ounces (38 g) — case + both buds = 46 g (AirPods 1 Tech Specs).,
Apple,AirPods 2,Earbuds,,,,electronics,46200,manufacturer,https://support.apple.com/en-us/111856,AirPods (each) Weight: 0.14 ounce (4 grams); Lightning Charging Case or Wireless Charging Case Weight: 1.35 ounces (38.2 grams) — case + both buds = 46.2 g (AirPods 2 Tech Specs).,
Apple,AirPods 3,Earbuds,,,,electronics,46470,manufacturer,https://support.apple.com/en-us/111863,AirPods (each) Weight: 0.15 ounce (4.28 grams); Lightning Charging Case or MagSafe Charging Case Weight: 1.34 ounces (37.91 grams) — case + both buds = 46.47 g (AirPods 3 Tech Specs).,
Apple,AirPods 4,Earbuds,,,,electronics,40900,manufacturer,https://support.apple.com/en-us/121203,AirPods 4 (Each) Weight: 0.15 ounce (4.3 grams); Charging Case (USB-C) Weight: 1.14 ounces (32.3 grams) — case + both buds = 40.9 g (AirPods 4 Tech Specs).,
Apple,AirPods 4,Earbuds,Active Noise Cancellation,,,electronics,43300,manufacturer,https://support.apple.com/en-us/121204,AirPods 4 with Active Noise Cancellation (Each) Weight: 0.15 ounce (4.3 grams); Charging Case (USB-C) with speaker Weight: 1.22 ounces (34.7 grams) — case + both buds = 43.3 g (AirPods 4 with Active Noise Cancellation Tech Specs).,
Apple,AirPods 5,Earbuds,,,,electronics,40900,manufacturer,https://support.apple.com/en-us/148759,AirPods 5 (Each) Weight: 0.15 ounce (4.3 grams); Charging Case (USB-C) Weight: 1.14 ounces (32.3 grams) — case + both buds = 40.9 g (AirPods 5 Tech Specs).,
Apple,AirPods 5,Earbuds,Wireless Charging Case,,,electronics,43300,manufacturer,https://www.apple.com/airpods-5/specs/,Weight: 0.15 ounce (4.3 grams) each; Weight (AirPods 5 with Wireless Charging Case): 1.22 ounces (34.7 grams) — case + both buds = 43.3 g (AirPods 5 Technical Specifications).,
Apple,AirPods Max 1,Headphones,Lightning,,,electronics,384800,manufacturer,https://support.apple.com/en-us/111858,"AirPods Max 1, including cushions — Weight: 13.6 ounces (384.8 grams), 384.8 g; the Smart Case is a separate 4.74 ounces (134.5 grams) (AirPods Max 1 Tech Specs).",
Apple,AirPods Max 1,Headphones,USB-C,,,electronics,386200,manufacturer,https://support.apple.com/en-us/121205,"Weight: 13.6 ounces (386.2 grams) — the headphones, cushions included, 386.2 g; the Smart Case is a separate 4.74 ounces (134.5 grams) (AirPods Max 1 (USB-C) Tech Specs).",
Apple,AirPods Max 2,Headphones,,,,electronics,386200,manufacturer,https://support.apple.com/en-us/126620,"Weight: 13.6 ounces (386.2 grams) — the headphones, cushions included, 386.2 g; the Smart Case is a separate 4.74 ounces (134.5 grams) (AirPods Max 2 Tech Specs).",
Apple,AirPods Pro 1,Earbuds,,,,electronics,56400,manufacturer,https://support.apple.com/en-us/111861,"AirPods Pro (each) Weight: 0.19 ounce (5.4 grams); Wireless Charging Case Weight: 1.61 ounces (45.6 grams) — case + both buds = 56.4 g (AirPods Pro 1 with Wireless Charging Case Tech Specs). The 2021 MagSafe Charging Case edition publishes the same two figures, so it is this row.",
Apple,AirPods Pro 2,Earbuds,,,,electronics,61400,manufacturer,https://support.apple.com/en-us/111851,"AirPods Pro (Each) Weight: 0.19 ounce (5.3 grams); MagSafe Charging Case with speaker and lanyard loop Weight: 1.79 ounces (50.8 grams) — case + both buds = 61.4 g (AirPods Pro 2 Tech Specs). The 2023 MagSafe Charging Case (USB-C) edition publishes the same two figures, so it is this row.",
Apple,AirPods Pro 3,Earbuds,,,,electronics,55090,manufacturer,https://support.apple.com/en-us/125135,AirPods Pro 3 (Each) Weight: 0.20 ounce (5.55 grams); MagSafe Charging Case (USB-C) with speaker and lanyard loop Weight: 1.55 ounces (43.99 grams) — case + both buds = 55.09 g (AirPods Pro 3 Tech Specs).,
Apple,iPhone 14 Pro,Phone,,,,electronics,206000,manufacturer,https://www.apple.com/iphone-14-pro/specs/,iPhone 14 Pro Weight: 7.27 ounces (206 grams),
Apple,iPhone 15,Phone,,,,electronics,171000,manufacturer,https://www.apple.com/iphone-15/specs/,iPhone 15 Weight: 6.02 ounces (171 grams),
Apple,iPhone 15 Pro,Phone,,,,electronics,187000,manufacturer,https://www.apple.com/iphone-15-pro/specs/,iPhone 15 Pro Weight: 6.60 ounces (187 grams),
Apple,iPhone 16,Phone,,,,electronics,170000,manufacturer,https://www.apple.com/iphone-16/specs/,iPhone 16 Weight: 6.00 ounces (170 grams),
Apple,iPhone 16 Pro,Phone,,,,electronics,199000,manufacturer,https://www.apple.com/iphone-16-pro/specs/,iPhone 16 Pro Weight: 7.03 ounces (199 grams),
Apple,iPhone 16 Pro Max,Phone,,,,electronics,227000,manufacturer,https://support.apple.com/en-us/121032,iPhone 16 Pro Max: 227 grams (7.99 ounces),
Apple,iPhone 16e,Phone,,,,electronics,167000,manufacturer,https://www.apple.com/iphone-16e/specs/,iPhone 16e Weight: 5.88 ounces (167 grams),
Apple,iPhone 17,Phone,,,,electronics,177000,manufacturer,https://www.apple.com/iphone-17/specs/,iPhone 17 Weight: 6.24 ounces (177 grams),
Apple,iPhone 17 Pro,Phone,,,,electronics,206000,manufacturer,https://www.apple.com/iphone-17-pro/specs/,iPhone 17 Pro Weight: 7.27 ounces (206 grams),
Apple,iPhone 17 Pro Max,Phone,,,,electronics,233000,manufacturer,https://www.apple.com/iphone-17-pro/specs/,Weight: 233 grams (8.22 ounces),
Apple,iPhone 18 Pro,Phone,,,,electronics,211000,manufacturer,https://www.apple.com/iphone-18-pro/specs/,iPhone 18 Pro Weight: 7.44 ounces (211 grams),
Apple,iPhone 18 Pro Max,Phone,,,,electronics,249000,manufacturer,https://www.apple.com/iphone-18-pro/specs/,iPhone 18 Pro Max Weight: 8.78 ounces (249 grams),
Apple,USB-C to Lightning Cable,Charging cable,1m,length=1m,,electronics,28000,community,https://www.apple.com/shop/product/muq93am/a/usb-c-to-lightning-cable-1-m,"Apple MUQ93AM/A, 1 m. Apple does not publish a weight; ~28 g is a community estimate (verify)",
Apple,Watch Magnetic Fast Charger to USB-C Cable,Charging cable,1m,length=1m,,electronics,33000,community,https://www.apple.com/shop/product/mt0h3am/a/apple-watch-magnetic-fast-charger-to-usb-c-cable-1-m,"Apple MT0H3AM/A, 1 m. Apple does not publish a weight; ~33 g is a community estimate (verify)",
Apple,Watch SE 3,Smartwatch,"40mm, Aluminum, GPS",,,electronics,26300,manufacturer,https://support.apple.com/en-us/125094,"Weight — 40mm Aluminum, GPS: 26.3 grams (Apple Watch SE 3 Tech Specs).",
Apple,Watch SE 3,Smartwatch,"40mm, Aluminum, GPS + Cellular",,,electronics,26400,manufacturer,https://support.apple.com/en-us/125094,"Weight — 40mm Aluminum, GPS + Cellular: 26.4 grams (Apple Watch SE 3 Tech Specs).",
Apple,Watch SE 3,Smartwatch,"44mm, Aluminum, GPS",,,electronics,32900,manufacturer,https://support.apple.com/en-us/125094,"Weight — 44mm Aluminum, GPS: 32.9 grams (Apple Watch SE 3 Tech Specs).",
Apple,Watch SE 3,Smartwatch,"44mm, Aluminum, GPS + Cellular",,,electronics,33000,manufacturer,https://support.apple.com/en-us/125094,"Weight — 44mm Aluminum, GPS + Cellular: 33.0 grams (Apple Watch SE 3 Tech Specs).",
Apple,Watch Series 11,Smartwatch,"42mm, Aluminum, GPS",,,electronics,30300,manufacturer,https://support.apple.com/en-us/125093,"Weight — 42mm Aluminum, GPS: 30.3 grams (Apple Watch Series 11 Tech Specs).",
Apple,Watch Series 11,Smartwatch,"42mm, Aluminum, GPS + Cellular",,,electronics,29700,manufacturer,https://support.apple.com/en-us/125093,"Weight — 42mm Aluminum, GPS + Cellular: 29.7 grams (Apple Watch Series 11 Tech Specs).",
Apple,Watch Series 11,Smartwatch,"42mm, Titanium",,,electronics,34600,manufacturer,https://support.apple.com/en-us/125093,"Weight — 42mm Titanium: 34.6 grams. Apple ships the titanium case cellular-only and publishes ONE weight for it, so the variant carries no GPS/Cellular split.",
Apple,Watch Series 11,Smartwatch,"46mm, Aluminum, GPS",,,electronics,37800,manufacturer,https://support.apple.com/en-us/125093,"Weight — 46mm Aluminum, GPS: 37.8 grams (Apple Watch Series 11 Tech Specs).",
Apple,Watch Series 11,Smartwatch,"46mm, Aluminum, GPS + Cellular",,,electronics,36900,manufacturer,https://support.apple.com/en-us/125093,"Weight — 46mm Aluminum, GPS + Cellular: 36.9 grams. Apple's aluminium cellular case is LIGHTER than the GPS one, the same way it was on Series 10 (Apple Watch Series 11 Tech Specs).",
Apple,Watch Series 11,Smartwatch,"46mm, Titanium",,,electronics,43100,manufacturer,https://support.apple.com/en-us/125093,"Weight — 46mm Titanium: 43.1 grams. Apple ships the titanium case cellular-only and publishes ONE weight for it, so the variant carries no GPS/Cellular split.",
Apple,Watch Series 12,Smartwatch,"42mm, Aluminum, GPS",,,electronics,32200,manufacturer,https://support.apple.com/en-us/148589,"Weight — 42mm Aluminum, GPS: 32.2 grams (Apple Watch Series 12 Tech Specs).",
Apple,Watch Series 12,Smartwatch,"42mm, Aluminum, GPS + Cellular",,,electronics,31500,manufacturer,https://support.apple.com/en-us/148589,"Weight — 42mm Aluminum, GPS + Cellular: 31.5 grams (Apple Watch Series 12 Tech Specs).",
Apple,Watch Series 12,Smartwatch,"42mm, Ceramic",,,electronics,41700,manufacturer,https://support.apple.com/en-us/148589,"Weight (Pearl White ceramic): 41.7 grams; weight (Night Blue ceramic): 42.8 grams — the 42mm model's ceramic case, which stands 43mm tall (Apple Watch Series 12 Tech Specs). Stored as Pearl White.",
Apple,Watch Series 12,Smartwatch,"42mm, Titanium",,,electronics,36500,manufacturer,https://support.apple.com/en-us/148589,"Weight — 42mm Titanium: 36.5 grams. Apple publishes ONE weight for the titanium case, so the variant carries no GPS/Cellular split (Apple Watch Series 12 Tech Specs).",
Apple,Watch Series 12,Smartwatch,"46mm, Aluminum, GPS",,,electronics,39500,manufacturer,https://support.apple.com/en-us/148589,"Weight — 46mm Aluminum, GPS: 39.5 grams (Apple Watch Series 12 Tech Specs).",
Apple,Watch Series 12,Smartwatch,"46mm, Aluminum, GPS + Cellular",,,electronics,38600,manufacturer,https://support.apple.com/en-us/148589,"Weight — 46mm Aluminum, GPS + Cellular: 38.6 grams. Apple's aluminium cellular case is LIGHTER than the GPS one, the same way it was on Series 10 and Series 11 (Apple Watch Series 12 Tech Specs).",
Apple,Watch Series 12,Smartwatch,"46mm, Ceramic",,,electronics,51300,manufacturer,https://support.apple.com/en-us/148589,"Weight (Pearl White ceramic): 51.3 grams; weight (Night Blue ceramic): 52.9 grams — the 46mm model's ceramic case, which stands 47mm tall (Apple Watch Series 12 Tech Specs). Stored as Pearl White.",
Apple,Watch Series 12,Smartwatch,"46mm, Titanium",,,electronics,44900,manufacturer,https://support.apple.com/en-us/148589,"Weight — 46mm Titanium: 44.9 grams. Apple publishes ONE weight for the titanium case, so the variant carries no GPS/Cellular split (Apple Watch Series 12 Tech Specs).",
Apple,Watch Series 6,Smartwatch,"40mm, Aluminum, GPS",,,electronics,30500,manufacturer,https://support.apple.com/en-us/111918,Weight — 40mm: Aluminum: 30.5g (Apple Watch Series 6 Technical Specifications; Apple doesn't split GPS vs Cellular for aluminum).,
Apple,Watch Ultra 2,Smartwatch,"49mm, Titanium",,,electronics,61400,manufacturer,https://support.apple.com/en-us/111832,Weight (natural): 61.4 grams; weight (black): 61.8 grams — 49mm Grade 5 titanium case (Apple Watch Ultra 2 Tech Specs). Stored as the natural finish.,
Apple,Watch Ultra 3,Smartwatch,"49mm, Titanium",,,electronics,61600,manufacturer,https://support.apple.com/en-us/125095,Weight (natural): 61.6 grams; weight (black): 61.8 grams — 49mm Grade 5 titanium case (Apple Watch Ultra 3 Tech Specs). Stored as the natural finish.,
Apple,Watch Ultra 4,Smartwatch,"49mm, Titanium",,,electronics,63000,manufacturer,https://support.apple.com/en-us/148758,Weight (natural): 63.0 grams; weight (black): 63.1 grams — 49mm Grade 5 titanium case (Apple Watch Ultra 4 Tech Specs). Stored as the natural finish.,
Beats,Powerbeats Pro 2,Earbuds,,,,electronics,86400,manufacturer,https://www.apple.com/shop/product/mx743ll/a/powerbeats-pro-2-high-performance-earbuds-electric-orange,Weight: (case) 69g (bud) 8.7g (total) 77.7g (the published total is the case plus one bud; case + both buds = 86.4 g),
BioLite,Charge 80 PD,Power bank,20000mAh power bank,capacity_mah=20000,,electronics,465000,manufacturer,https://www.bioliteenergy.com/products/charge-80-pd,16.4 oz (465 g),
BioLite,HeadLamp 425,Headlamp,,,,electronics,78000,manufacturer,https://www.bioliteenergy.com/products/headlamp-425,2.75 oz (78 g),
Black Diamond,Astro 300 Headlamp,Headlamp,,,,electronics,75000,manufacturer,https://www.garagegrowngear.com/products/astro-300-headlamp-by-black-diamond,Weight: 2.65oz | 75g,
Black Diamond,Moji Lantern,Lantern,,,,electronics,107000,manufacturer,https://www.garagegrowngear.com/products/moji-lantern-by-black-diamond,Weight: 3.8oz | 107g,
Black Diamond,Spot 400 Headlamp,Headlamp,,,,electronics,86000,manufacturer,https://blackdiamondequipment.com/products/spot-400-headlamp,"Weight: [AAA] 86 g, [BD1500] 72 g",
Black Diamond,Spot 400-R Headlamp,Headlamp,,,,electronics,86000,manufacturer,https://www.blackdiamondequipment.com/en_US/product/spot-400-r/,Weight: 86 g,
Black Diamond,Storm 500-R Headlamp,Headlamp,,,,electronics,120000,manufacturer,https://blackdiamondequipment.com/products/storm-500-r-rechargeable-headlamp,Weight: 120 g,
Brunton,ECHO Zoom Pocket Monocular 10x30,Monocular,,,,electronics,77000,manufacturer,https://www.garagegrowngear.com/products/echo-zoom-pocket-monocular-10x30-by-brunton,Weight: 2.7oz | 77g,
COROS,Apex 4 Sport Watch,GPS watch,42mm,,,electronics,56000,manufacturer,https://www.garagegrowngear.com/products/apex-4-sport-watch-by-coros,42mm: 1.9oz | 56g,
COROS,Apex 4 Sport Watch,GPS watch,46mm,,,electronics,64000,manufacturer,https://www.garagegrowngear.com/products/apex-4-sport-watch-by-coros,46mm: 2.3oz | 64g,
COROS,PACE 4 GPS Sport Watch,GPS watch,,,,electronics,40000,manufacturer,https://www.garagegrowngear.com/products/pace-gps-sport-watch-by-coros,Weight: 1.4oz | 40g,
COROS,PACE Pro GPS Sport Watch,GPS watch,Nylon band,,,electronics,37000,manufacturer,https://www.garagegrowngear.com/products/pace-pro-gps-sport-watch-by-coros,Nylon band: 1.3oz | 37g,
COROS,PACE Pro GPS Sport Watch,GPS watch,Silicone band,,,electronics,49000,manufacturer,https://www.garagegrowngear.com/products/pace-pro-gps-sport-watch-by-coros,Silicone band: 1.7oz | 49g,
DJI,Osmo Pocket 4,Camera,with battery,,,electronics,190500,manufacturer,https://www.cliftoncameras.co.uk/uploads/specifications/cliftoncameras-dji-osmo-pocket-4-specs.pdf,Weight: 190.5 g,
Elecjet,PowerPie P20,Power bank,20000mAh,capacity_mah=20000,,electronics,388000,measured,https://www.chargerlab.com/elecjet-powerpie-45w-power-bank-in-depth-review/,Weight: 388 g (13.7 oz),
Flextail,Tiny Helio 600Z Lightweight Headlamp,Headlamp,,,,electronics,60000,manufacturer,https://www.garagegrowngear.com/products/tiny-helio-600z-lightweight-headlamp-by-flextail,Weight: 2.1oz | 60g,
Flextail,Zero Power 5000,Power bank,5000mAh,capacity_mah=5000,,electronics,85000,manufacturer,https://www.flextail.com/products/zero-power-5-000c-the-worlds-lightest-thinnest-5-000mah-power-bank-85g,85g(3oz),
Flextail,"Zero Power Bank 10,000",Power bank,,capacity_mah=10000,,electronics,145000,manufacturer,https://www.garagegrowngear.com/products/zero-power-bank-10-000-by-flextail,"At just 5.1oz (145g), it's lighter than three energy gels",
Flextail,Zero Pump 2,Air pump,,,,electronics,48000,manufacturer,https://www.garagegrowngear.com/products/zero-pump-by-flextail,"Weight: 1.7oz | 48g (pump, battery, lanyard + nozzle)",
Fujifilm,X100VI,Camera,,,,electronics,521000,manufacturer,https://www.fujifilm-x.com/en-us/products/cameras/x100vi/specifications/,Approx. 521 g (including battery and memory card),
Garmin,Enduro 3,GPS watch,,,,electronics,63000,manufacturer,https://www.garmin.com/en-US/p/851039/pn/010-02751-00,Weight: 63 g (case only: 57 g),
Garmin,epix Pro Gen 2,GPS watch,"42mm, Sapphire",,,electronics,58000,manufacturer,https://www.garmin.com/en-US/p/894039/pn/010-02802-10,Weight: stainless steel: 63 g (case only: 47 g); titanium: 58 g (case only: 42 g),
Garmin,epix Pro Gen 2,GPS watch,"47mm, Sapphire",,,electronics,70000,manufacturer,https://www.garmin.com/en-US/p/894067/pn/010-02803-10,Weight: 70 g (case only: 47 g),
Garmin,epix Pro Gen 2,GPS watch,"51mm, Sapphire",,,electronics,88000,manufacturer,https://www.garmin.com/en-US/p/884088/pn/010-02804-00,Weight: 88 g (case only: 60 g),
Garmin,eTrex 22x,GPS handheld,,,,electronics,141700,manufacturer,https://www.garmin.com/en-US/p/669244/pn/010-02256-00,Weight: 5 oz (141.7 g) with batteries,
Garmin,eTrex 32x,GPS handheld,,,,electronics,141700,manufacturer,https://www.garmin.com/en-US/p/669215/pn/010-02257-00,Weight: 5 oz (141.7 g) with batteries,
Garmin,eTrex SE,GPS handheld,,,,electronics,156500,manufacturer,https://www.garmin.com/en-US/p/835742/pn/010-02734-00,Weight: 5.5 oz (156.5 g) with batteries,
Garmin,eTrex Solar,GPS handheld,,,,electronics,141000,manufacturer,https://www.garmin.com/en-US/p/869859/pn/010-02782-00,Weight: 5.0 oz (141 g),
Garmin,eTrex Touch,GPS handheld,,,,electronics,150000,manufacturer,https://www.garmin.com/en-US/p/1326077/pn/010-02940-00,Weight: 5.3 oz (150 g),
Garmin,fēnix 7,GPS watch,Sapphire Solar,,,electronics,73000,manufacturer,https://www.garmin.com/en-US/p/735520/pn/010-02540-24,Weight: 73 g (case only: 50 g),
Garmin,fēnix 7,GPS watch,Standard,,,electronics,79000,manufacturer,https://www.garmin.com/en-US/p/735611/pn/010-02540-00,Weight: 79 g (case only: 56 g),
Garmin,fēnix 7 Pro,GPS watch,Sapphire Solar,,,electronics,73000,manufacturer,https://www.garmin.com/en-US/p/866191/pn/010-02777-10,Weight: 73 g (case only: 50 g),
Garmin,fēnix 7 Pro,GPS watch,Solar,,,electronics,79000,manufacturer,https://www.garmin.com/en-US/p/1479413/pn/010-02777-02,Weight: 79 g (case only: 56 g),
Garmin,fēnix 7S,GPS watch,Sapphire Solar,,,electronics,58000,manufacturer,https://www.garmin.com/en-US/p/735548/pn/010-02539-28,Weight: 58 g (case only: 42 g),
Garmin,fēnix 7S,GPS watch,Solar,,,electronics,63000,manufacturer,https://www.garmin.com/en-US/p/735626/pn/010-02539-12,Weight: 63 g (case only: 47 g),
Garmin,fēnix 7S Pro,GPS watch,Sapphire Solar,,,electronics,58000,manufacturer,https://www.garmin.com/en-US/p/866139/pn/010-02776-10,Weight: Titanium version: 58g (case only: 42g); Stainless Steel: 65g (case only: 49g),
Garmin,fēnix 7X,GPS watch,Sapphire Solar,,,electronics,89000,manufacturer,https://www.garmin.com/en-US/p/735563/pn/010-02541-22,Weight: 89 g (case only: 61 g),
Garmin,fēnix 7X Pro,GPS watch,Solar,,,electronics,96000,manufacturer,https://www.garmin.com/en-US/p/865945/pn/010-02778-00,Weight: 96 g (case only: 68 g),
Garmin,fēnix 8,GPS watch,"43mm, AMOLED, Stainless Steel",,,electronics,66000,manufacturer,https://www.garmin.com/en-US/p/1228493/pn/010-02903-10,Weight: Stainless Steel: 66 g (case only: 50 g); Titanium: 60 g (case only: 44 g),
Garmin,fēnix 8,GPS watch,"43mm, AMOLED, Titanium",,,electronics,60000,manufacturer,https://www.garmin.com/en-US/p/1228493/pn/010-02903-20,Weight: Stainless Steel: 66 g (case only: 50 g); Titanium: 60 g (case only: 44 g),
Garmin,fēnix 8,GPS watch,"47mm, AMOLED, Stainless Steel",,,electronics,80000,manufacturer,https://www.garmin.com/en-US/p/1228429/pn/010-02904-00,Weight: Stainless Steel: 80 g (case only: 59 g); Titanium: 73 g (case only: 52 g),
Garmin,fēnix 8,GPS watch,"47mm, AMOLED, Titanium",,,electronics,73000,manufacturer,https://www.garmin.com/en-US/p/1228429/pn/010-02904-20,Weight: Stainless Steel: 80 g (case only: 59 g); Titanium: 73 g (case only: 52 g),
Garmin,fēnix 8,GPS watch,"47mm, Solar",,,electronics,80000,manufacturer,https://www.garmin.com/en-US/p/1389491/pn/010-02906-10,Weight: 80 g (case only: 57 g),
Garmin,fēnix 8,GPS watch,"51mm, AMOLED, Stainless Steel",,,electronics,102000,manufacturer,https://www.garmin.com/en-US/p/1228171/pn/010-02905-00,Weight: Stainless Steel: 102 g (case only: 74 g); Titanium: 92 g (case only: 64 g),
Garmin,fēnix 8,GPS watch,"51mm, AMOLED, Titanium",,,electronics,92000,manufacturer,https://www.garmin.com/en-US/p/1228171/pn/010-02905-10,Weight: Stainless Steel: 102 g (case only: 74 g); Titanium: 92 g (case only: 64 g),
Garmin,fēnix 8,GPS watch,"51mm, Solar",,,electronics,95000,manufacturer,https://www.garmin.com/en-US/p/1390829/pn/010-02907-10,Weight: 95 g (case only: 67 g),
Garmin,fēnix 8 Pro,GPS watch,"47mm, AMOLED",,,electronics,77000,manufacturer,https://www.garmin.com/en-US/p/1701921/pn/010-03198-00,Weight: 77 g (case only: 56 g),
Garmin,fēnix 8 Pro,GPS watch,"51mm, AMOLED",,,electronics,90000,manufacturer,https://www.garmin.com/en-US/p/1703902/pn/010-03199-00,Weight: 90 g (case only: 65 g),
Garmin,fēnix 8 Pro,GPS watch,"51mm, MicroLED",,,electronics,93000,manufacturer,https://www.garmin.com/en-US/p/1723221/pn/010-03380-00,Weight: 93 g (case only: 68 g),
Garmin,fēnix 9,GPS watch,43mm,,,electronics,61000,manufacturer,https://www.garmin.com/en-US/p/2021177/pn/010-04761-10,Weight: 61 g (case only: 44 g),
Garmin,fēnix 9,GPS watch,47mm,,,electronics,75000,manufacturer,https://www.garmin.com/en-US/p/2021193/pn/010-04762-00,Weight: 75 g (case only: 53 g),
Garmin,fēnix 9,GPS watch,51mm,,,electronics,91000,manufacturer,https://www.garmin.com/en-US/p/2021175/pn/010-04763-10,Weight: 91 g (case only: 65 g),
Garmin,fēnix 9 Pro,GPS watch,43mm,,,electronics,62000,manufacturer,https://www.garmin.com/en-US/p/1962767/pn/010-04335-15,Weight: 62 g (case only: 45 g),
Garmin,fēnix 9 Pro,GPS watch,47mm,,,electronics,78000,manufacturer,https://www.garmin.com/en-US/p/1962732/pn/010-04336-25,Weight: 78 g (case only: 56 g),
Garmin,fēnix 9 Pro,GPS watch,"47mm, Solar",,,electronics,84000,manufacturer,https://www.garmin.com/en-US/p/1959805/pn/010-04338-05,Weight: 84 g (case only: 63 g),
Garmin,fēnix 9 Pro,GPS watch,51mm,,,electronics,99000,manufacturer,https://www.garmin.com/en-US/p/1962713/pn/010-04337-15,Weight: 99 g (case only: 73 g),
Garmin,fēnix 9 Pro,GPS watch,"51mm, Solar",,,electronics,102000,manufacturer,https://www.garmin.com/en-US/p/1959921/pn/010-04339-05,Weight: 102 g (case only: 77 g),
Garmin,fēnix E,GPS watch,47mm,,,electronics,76000,manufacturer,https://www.garmin.com/en-US/p/1652337/pn/010-03025-03,Weight: 76 g (case only: 53 g),
Garmin,Forerunner 165,GPS watch,,,,electronics,39000,manufacturer,https://www.garmin.com/en-US/p/1055469/pn/010-02863-20,Weight: 39 g,
Garmin,Forerunner 170,GPS watch,,,,electronics,41000,manufacturer,https://www.garmin.com/en-US/p/1915560/pn/010-03920-00,Weight: 41 g,
Garmin,Forerunner 255,GPS watch,,,,electronics,49000,manufacturer,https://www.garmin.com/en-US/p/780139/pn/010-02641-01,Weight: 49 g,
Garmin,Forerunner 255S,GPS watch,,,,electronics,39000,manufacturer,https://www.garmin.com/en-US/p/780165/pn/010-02641-02,Weight: 39 g,
Garmin,Forerunner 265,GPS watch,,,,electronics,47000,manufacturer,https://www.garmin.com/en-US/p/886785/pn/010-02810-02,Weight: 47 g,
Garmin,Forerunner 265S,GPS watch,,,,electronics,39000,manufacturer,https://www.garmin.com/en-US/p/886689/pn/010-02810-04,Weight: 39 g,
Garmin,Forerunner 570,GPS watch,42mm,,,electronics,42000,manufacturer,https://www.garmin.com/en-US/p/1463821/pn/010-02970-00,Weight: 42 g,
Garmin,Forerunner 570,GPS watch,47mm,,,electronics,50000,manufacturer,https://www.garmin.com/en-US/p/1464001/pn/010-02971-02,Weight: 50 g,
Garmin,Forerunner 70,GPS watch,,,,electronics,40000,manufacturer,https://www.garmin.com/en-US/p/1941179/pn/010-04307-02,Weight: 40 g,
Garmin,Forerunner 955,GPS watch,,,,electronics,52000,manufacturer,https://www.garmin.com/en-US/p/777655/pn/010-02638-10,Weight: 52 g,
Garmin,Forerunner 955 Solar,GPS watch,,,,electronics,53000,manufacturer,https://www.garmin.com/en-US/p/777730/pn/010-02638-00,Weight: 53 g,
Garmin,Forerunner 965,GPS watch,,,,electronics,53000,manufacturer,https://www.garmin.com/en-US/p/886725/pn/010-02809-00,Weight: 53 g,
Garmin,Forerunner 970,GPS watch,,,,electronics,56000,manufacturer,https://www.garmin.com/en-US/p/1462801/pn/010-02969-00,Weight: 56 g,
Garmin,GPSMAP 65,GPS handheld,,,,electronics,217000,manufacturer,https://www.garmin.com/en-US/p/715085/pn/010-02451-00,Weight: 7.7 oz (217 g) with batteries,
Garmin,GPSMAP 65s,GPS handheld,,,,electronics,217000,manufacturer,https://www.garmin.com/en-US/p/715072/pn/010-02451-10,Weight: 7.7 oz (217 g) with batteries,
Garmin,GPSMAP 66i,GPS handheld,,,,electronics,230000,manufacturer,https://www.garmin.com/en-US/p/623975/pn/010-02088-01,Weight: 8.1 oz (230 g) with batteries,
Garmin,GPSMAP 66s,GPS handheld,,,,electronics,230000,manufacturer,https://www.garmin.com/en-US/p/598455/pn/010-01918-00,Weight: 8.1 oz (230 g) with batteries,
Garmin,GPSMAP 66sr,GPS handheld,,,,electronics,230000,manufacturer,https://www.garmin.com/en-US/p/707627/pn/010-02431-00,Weight: 8.1 oz (230 g) with batteries,
Garmin,GPSMAP 66st,GPS handheld,,,,electronics,230000,manufacturer,https://www.garmin.com/en-US/p/598408/pn/010-01918-10,Weight: 8.1 oz (230 g) with batteries,
Garmin,GPSMAP 67,GPS handheld,,,,electronics,230000,manufacturer,https://www.garmin.com/en-US/p/890189/pn/010-02813-00,Weight: 8.1 oz (230 g) with batteries,
Garmin,GPSMAP 67i,GPS handheld,,,,electronics,230000,manufacturer,https://www.garmin.com/en-US/p/890109/pn/010-02812-00,Weight: 8.1 oz (230 g) with batteries,
Garmin,GPSMAP H1,GPS handheld,,,,electronics,276000,manufacturer,https://www.garmin.com/en-US/p/1262753/pn/010-02920-00,Weight: 9.7 oz (276 g),
Garmin,GPSMAP H1i Plus,GPS handheld,,,,electronics,290000,manufacturer,https://www.garmin.com/en-US/p/1263273/pn/010-02921-00,Weight: 10.2 oz (290 g),
Garmin,inReach Messenger,Satellite messenger,,,,electronics,113398,manufacturer,https://www.garmin.com/en-US/p/793265/,Garmin inReach Messenger — 4.0 oz / 113.9 g (Garmin official spec),
Garmin,inReach Messenger Plus,Satellite messenger,,,,electronics,117200,manufacturer,https://www.garmin.com/en-US/p/1191310/pn/010-02887-00,Weight: 4.1 oz (117.2 g),
Garmin,inReach Mini,Satellite messenger,,,,electronics,99223,manufacturer,https://andrewskurka.com/preview-garmin-inreach-mini/,3.5 oz (100 grams),
Garmin,inReach Mini 2,Satellite messenger,,,,electronics,100000,manufacturer,https://www.garmin.com/en-US/p/765374/pn/010-02602-00,Weight: 3.5 oz (100.0 g),
Garmin,inReach Mini 3,Satellite messenger,,,,electronics,122200,manufacturer,https://www.garmin.com/en-US/p/1756582/pn/010-03387-00,Weight: 4.31 oz (122.2 g),
Garmin,inReach Mini 3 Plus,Satellite messenger,,,,electronics,125200,manufacturer,https://www.garmin.com/en-US/p/1756582/pn/010-03387-10,Weight: 4.42 oz (125.2 g),
Garmin,Instinct 2 Solar,GPS watch,,,,electronics,53000,manufacturer,https://www.garmin.com/en-US/p/775697/pn/010-02627-10,Weight: 53 g,
Garmin,Instinct 2S Solar,GPS watch,,,,electronics,43000,manufacturer,https://www.garmin.com/en-US/p/741462/pn/010-02564-10,Weight: 43 g,
Garmin,Instinct 2X Solar,GPS watch,,,,electronics,67000,manufacturer,https://www.garmin.com/en-US/p/884585/pn/010-02805-14,Weight: 67 g,
Garmin,Instinct 3,GPS watch,"45mm, AMOLED",,,electronics,53000,manufacturer,https://www.garmin.com/en-US/p/1316397/pn/010-02936-00,Weight: 53 g,
Garmin,Instinct 3,GPS watch,"45mm, Solar",,,electronics,52000,manufacturer,https://www.garmin.com/en-US/p/1315317/pn/010-02934-00,Weight: 52 g,
Garmin,Instinct 3,GPS watch,"50mm, AMOLED",,,electronics,59000,manufacturer,https://www.garmin.com/en-US/p/1622337/pn/010-03020-02,Weight: 59 g,
Garmin,Instinct 3,GPS watch,"50mm, Solar",,,electronics,58000,manufacturer,https://www.garmin.com/en-US/p/1316857/pn/010-02935-03,Weight: 58 g,
Garmin,Instinct Crossover,GPS watch,AMOLED,,,electronics,67000,manufacturer,https://www.garmin.com/en-US/p/1800201/pn/010-03398-00,Weight: 67 g,
Garmin,Instinct Crossover,GPS watch,Solar,,,electronics,65000,manufacturer,https://www.garmin.com/en-US/p/819727/pn/010-02730-11,Weight: 65 g,
Garmin,Instinct Crossover,GPS watch,Standard,,,electronics,65000,manufacturer,https://www.garmin.com/en-US/p/819761/pn/010-02730-13,Weight: 65 g,
Garmin,Instinct E,GPS watch,40mm,,,electronics,41000,manufacturer,https://www.garmin.com/en-US/p/1314137/pn/010-02932-00,Weight: 41 g,
Garmin,Instinct E,GPS watch,45mm,,,electronics,48000,manufacturer,https://www.garmin.com/en-US/p/1315817/pn/010-02933-00,Weight: 48 g,
Garmin,Montana 710,GPS handheld,,,,electronics,410000,manufacturer,https://www.garmin.com/en-US/p/1435641/pn/010-02963-00,Weight: 14.5 oz (410 g) with included lithium-ion battery pack,
Garmin,Montana 710i,GPS handheld,,,,electronics,410000,manufacturer,https://www.garmin.com/en-US/p/1436461/pn/010-02964-00,Weight: 14.5 oz (410 g) with included lithium-ion battery pack,
Garmin,Montana 760i,GPS handheld,,,,electronics,410000,manufacturer,https://www.garmin.com/en-US/p/1436101/pn/010-02964-10,Weight: 14.5 oz (410 g) with included lithium-ion battery pack,
Garmin,Rino 700,GPS handheld,,,,electronics,268000,manufacturer,https://www.garmin.com/en-US/p/576031/pn/010-01958-20,Weight: 8.6 oz (268 g),
Garmin,Rino 750,GPS handheld,,,,electronics,348000,manufacturer,https://www.garmin.com/en-US/p/533999/pn/010-01958-05,Weight: 12.3 oz (348 g) with battery pack,
Garmin,Rino 750t,GPS handheld,,,,electronics,348000,manufacturer,https://www.garmin.com/en-US/p/1196810/pn/010-01958-30,Weight: 12.3 oz (348 g) with battery pack,
Garmin,Rino 755t,GPS handheld,,,,electronics,348000,manufacturer,https://www.garmin.com/en-US/p/534007/pn/010-01958-15,Weight: 12.3 oz (348 g) with battery pack,
Garmin,tactix 8,GPS watch,"47mm, AMOLED",,,electronics,73000,manufacturer,https://www.garmin.com/en-US/p/1828661/pn/010-03405-00,Weight: 73 g (case only: 52 g),
Garmin,tactix 8,GPS watch,"51mm, AMOLED",,,electronics,92000,manufacturer,https://www.garmin.com/en-US/p/1828641/pn/010-03406-00,Weight: 92 g (case only: 64 g),
Garmin,tactix 8,GPS watch,"51mm, AMOLED, Cerakote",,,electronics,94000,manufacturer,https://www.garmin.com/en-US/p/1963258/pn/010-04553-10,Weight: 94 g (case only: 66 g),
Garmin,tactix 8,GPS watch,"51mm, Solar",,,electronics,95000,manufacturer,https://www.garmin.com/en-US/p/1828741/pn/010-03407-00,Weight: 95 g (case only: 67 g),
Garmin,Venu 3,GPS watch,,,,electronics,47000,manufacturer,https://www.garmin.com/en-US/p/873008/pn/010-02784-01,Weight: 30 g (47 g with included band),
Garmin,Venu 3S,GPS watch,,,,electronics,40000,manufacturer,https://www.garmin.com/en-US/p/873214/pn/010-02785-01,Weight: 27 g (40 g with included band),
Garmin,Venu 4,GPS watch,41mm,,,electronics,46000,manufacturer,https://www.garmin.com/en-US/p/1613801/pn/010-03013-03,Weight: 33 g (46 g with included band),
Garmin,Venu 4,GPS watch,45mm,,,electronics,56000,manufacturer,https://www.garmin.com/en-US/p/1614061/pn/010-03014-00,Weight: 38 g (56 g with included band),
Garmin,Venu X1,GPS watch,,,,electronics,40000,manufacturer,https://www.garmin.com/en-US/p/1510465/pn/010-02980-08,Weight: 34 g (40 g with ComfortFit band),
Garmin,vívoactive 5,GPS watch,,,,electronics,36000,manufacturer,https://www.garmin.com/en-US/p/1057989/pn/010-02862-11,Weight: 23 g (36 g with included band),
Garmin,vívoactive 6,GPS watch,,,,electronics,36000,manufacturer,https://www.garmin.com/en-US/p/1555457/pn/010-02985-00,Weight: 23 g (36 g with included band),
Gear Aid,Ni Glo Gear Marker,Glow marker,,,,electronics,7000,manufacturer,https://www.garagegrowngear.com/products/ni-glo-gear-marker-by-gear-aid,Weight: 0.28 oz | 7g,
Goal Zero,Flip 24 Power Bank,Power bank,6700mAh,capacity_mah=6700,,electronics,130408,manufacturer,https://shop.gohunt.com/products/goal-zero-flip-24-power-bank,Weight: 4.6 oz,
INIU,100W Power Bank,Power bank,"P63-E1, 25000mAh",capacity_mah=25000,,electronics,493000,measured,https://akkutest.org/en/iniu-power-bank-with-100w-and-25000mah-review/,INIU P63 100W 25000mAh — measured 493 g,
INIU,Ultra Mini Power Bank,Power bank,"P50-E1, 10000mAh",capacity_mah=10000,,electronics,160000,manufacturer,https://iniushop.com/products/new-iniu-carry-p50-e1-power-bank-45w-smallest-10000mah,and a weight of only 5.6oz (160g),
K&F Concept,Magnetic Lens Filter Mount Adapter with 67mm Variable ND2-32 Filter,Lens adapter,,,,electronics,135000,measured,https://www.amazon.com/Concept-Magnetic-Adapter-Variable-Compatible/dp/B0FBRG2T5T,Item Weight 135 Grams,
Nitecore,Carbo 10000 Power Bank Gen 2,Power bank,,capacity_mah=10000,,electronics,170000,manufacturer,https://www.garagegrowngear.com/products/carbo-10000-power-bank-by-nitecore,Weight: 6oz | 170g,
Nitecore,Carbo 20 Power Bank,Power bank,,capacity_mah=20000,,electronics,320000,manufacturer,https://www.garagegrowngear.com/products/carbo-20000-power-bank-by-nitecore,Weight: 11.29oz | 320g,
Nitecore,Carbon Battery 6k Power Bank,Power bank,,capacity_mah=6000,,electronics,88000,manufacturer,https://www.garagegrowngear.com/products/carbon-battery-6000mah-power-bank-by-nitecore,Weight: 3.1oz |  88g,
Nitecore,NB Air 5000mAh Power Bank,Power bank,,capacity_mah=5000,,electronics,89000,manufacturer,https://www.garagegrowngear.com/products/nb-air-5000mah-power-bank-by-nitecore,Weight: 3.14oz |  89g,
Nitecore,NB10000,Power bank,GEN2,capacity_mah=10000,,electronics,150000,manufacturer,https://www.nitecore.com/product/nb10000,150g (5.29 oz),
Nitecore,NB10000 Gen4,Power bank,10000mAh,capacity_mah=10000,,electronics,141748,manufacturer,https://nitecorestore.com/products/nb10000gen4-usbc-lightweight-power-bank,Weight: 5 oz,
Nitecore,NB20000 Power Bank Gen 3,Power bank,,capacity_mah=20000,,electronics,291000,manufacturer,https://www.garagegrowngear.com/products/nb20000-power-bank-by-nitecore,Weight: 10.26oz | 291g,
Nitecore,NB5000,Power bank,5000mAh,capacity_mah=5000,,electronics,115000,manufacturer,https://imrbatteries.com/products/nitecore-nb5000-ultra-lightweight-power-bank-5-000mah.json,Weight:  115g ±3g (4.06oz ±0.11oz),
Nitecore,NLink10 USB-C Charging Cable,Charging cable,,,,electronics,11000,manufacturer,https://www.garagegrowngear.com/products/nlink10-usb-c-charging-cable-by-nitecore,Weight: 0.39oz | 11g (total),
Nitecore,NU20 Classic Headlamp,Headlamp,,,,electronics,38000,manufacturer,https://www.garagegrowngear.com/products/nu20-classic-360-lumen-usb-c-lightweight-headlamp-by-nitecore,Weight: 1.34 oz | 38g,
Nitecore,NU25,Headlamp,"400 lumen, USB-C",,,electronics,50000,manufacturer,https://www.nitecore.com/product/nu25,50g (1.76 oz) (Bracket and Headband Included),
Nitecore,NU25 MCT UL,Headlamp,"400 lumen, USB-C",,,electronics,47000,manufacturer,https://www.nitecore.us/mobile-product/nu25ul,Weight: 47g (1.66 oz) (Bracket and Headband Included),
Nitecore,NU27 600 Lumen Rechargeable Headlamp,Headlamp,,,,electronics,56000,manufacturer,https://www.garagegrowngear.com/products/nu27-600-lumen-rechargeable-headlamp-by-nitecore,Weight: 1.98oz | 56g,
Nitecore,TINI 3 Keychain Flashlight,Flashlight,,,,electronics,20000,manufacturer,https://www.garagegrowngear.com/products/tini-3-keychain-flashlight-by-nitecore,Weight: 0.71oz | 20g,
Nocs Provisions,Standard Issue 8x25 Waterproof Binoculars,Binoculars,,,,electronics,336000,manufacturer,https://www.nocsprovisions.com/products/standard-issue-8x25-waterproof-binoculars,WEIGHT 336 g / 11.85 oz,
Nocs Provisions,Zoom Tube 8x32 Monocular,Monocular,,,,electronics,215000,manufacturer,https://www.nocsprovisions.com/products/zoom-tube-8x32-monocular-telescope,WEIGHT 215 g / 7.6 oz,
Nothing,Ear,Earbuds,open,,,electronics,80000,manufacturer,https://us.nothing.tech/products/ear-open,Weight 8.1 g (per bud) · Case weight 63.8 g (case + both buds = 80.0 g),
Petzl,ACTIK CORE Headlamp,Headlamp,,,,electronics,88000,manufacturer,https://www.petzl.com/US/en/Sport/Headlamps/ACTIK-CORE,Weight: 88 g,
Petzl,BINDI Headlamp,Headlamp,,,,electronics,34870,manufacturer,https://www.petzl.com/US/en/Sport/News/2018-7-24/What-you-need-to-know-about-the-BINDI,Weighs 1.23 oz (35 grams) and can fit in the palm of your hand.,
Petzl,e+LITE,Headlamp,,,,electronics,26000,manufacturer,https://www.petzl.com/INT/en/Operators/Headlamps/ePLUSLITE,Weight: 26 g,
Petzl,Swift LT,Headlamp,,,,electronics,43000,manufacturer,https://www.petzl.com/US/en/Sport/News/2026-3-22/SWIFT-RL-vs-SWIFT-LT,"Weighing just 43 grams, it fits in the palm of your hand.",
Petzl,TIKKA CORE Headlamp,Headlamp,,,,electronics,84000,manufacturer,https://www.petzl.com/US/en/Sport/Headlamps/TIKKA-CORE,Weight: 84 g,
Petzl,TIKKINA Headlamp,Headlamp,,,,electronics,92000,manufacturer,https://www.petzl.com/US/en/Sport/Headlamps/TIKKINA,Weight: 92 g,
Ricoh,GR III,Camera,"body, with battery + SD",,,electronics,257000,manufacturer,https://www.ricoh-imaging.co.jp/english/products/gr-3/spec/,Approx. 257g (Included dedicated battery and SD memory card),
Ricoh,GR IIIx,Camera,"body, with battery + SD",,,electronics,262000,manufacturer,https://us.ricoh-imaging.com/product/gr-iiix/,Approx. 262g (Included dedicated battery and SD memory card),
Ricoh,GR IV,Camera,"body, with battery + SD",,,electronics,262000,manufacturer,https://www.ricoh-imaging.co.jp/english/products/gr-4/spec/,Approx. 262g (Included dedicated battery and SD memory card),
RovyVon,Aurora A5 Keychain Flashlight,Flashlight,G4,,,electronics,17000,manufacturer,https://www.garagegrowngear.com/products/a5-g3-by-rovyvon,Weight: 0.6oz | 17g,
Snow Peak,Hozuki Lantern,Lantern,,,,electronics,164000,manufacturer,https://www.snowpeak.com/products/hozuki-lantern-2,5.8 oz (164 g),
Snow Peak,Micro Hozuki,Lantern,,,,electronics,5000,manufacturer,https://ec.snowpeak.co.jp/item/SNP0126A0011,"重量：5g（本体のみ） / 使用電池：コイン形リチウム電池（CR1632×2個 ※電池は付属しておりません） (weight 5 g, body only, batteries excluded)",
Snow Peak,Mini Hozuki,Lantern,,,,electronics,54000,manufacturer,https://www.snowpeak.com/products/mini-hozuki-1,Weight: 1.9 oz (54 g),
ZOLEO,Satellite Communicator,Satellite messenger,,,,electronics,150000,manufacturer,https://www.zoleo.com/en-us/product/zoleo-global-satellite-communicator,Weight: 150g (5.3 oz),
Adventure Medical Kits,.3 Medical Kit,First aid kit,,,,firstaid,73000,manufacturer,https://www.garagegrowngear.com/products/ultralight-watertight-3-medical-kit-by-adventure-medical-kits,Weight: 2.56oz | 73g,
Adventure Medical Kits,.9 Medical Kit,First aid kit,,,,firstaid,204000,manufacturer,https://www.garagegrowngear.com/products/9-medical-kit-by-adventure-medical-kits,Weight: 7.2oz | 204g,
Adventure Medical Kits,Moleskin,Moleskin,,,,firstaid,5000,manufacturer,https://www.garagegrowngear.com/products/mole-skin-by-adventure-medical-kits,Weight: 0.18oz | 5g,
Adventure Medical Kits,Ultralight/Watertight .5 Medical Kit,First aid kit,,,,firstaid,102058,manufacturer,https://adventuremedicalkits.com/products/ultralight-watertight-medical-kit-5,which weighs only 3.6 oz,
Adventure Medical Kits,Ultralight/Watertight .7 Medical Kit,First aid kit,,,,firstaid,164427,manufacturer,https://adventuremedicalkits.com/products/ultralight-watertight-medical-kit-7,This waterproof first aid kit weighs only 5.8 oz.,
Brautigam Expedition Works,Tiny Titanium Tweezers,Tweezers,,,,firstaid,3000,manufacturer,https://www.garagegrowngear.com/products/tiny-titanium-tweezers-by-brautigam-expedition-works,Weight: 0.11oz | 3g,
CW&T x Gnuhr,Little Scissors,Scissors,,,,firstaid,24000,manufacturer,https://www.gnuhr.com/products/cw-and-t-gnuhr-little-scissors,Weighs 24g.,
Igneous,First Aid & Repair Kit,First aid kit,,,,firstaid,70000,manufacturer,https://www.garagegrowngear.com/products/first-aid-repair-kit-by-igneous,Weight: 2.5oz | 70g (fully loaded),
Igneous,Ultralight Leukotape Spool,Tape,,,,firstaid,14000,manufacturer,https://www.garagegrowngear.com/products/ultralight-leukotape-spool-by-igneous,Weight: 0.49oz | 14g,
Leukotape,P Sports Tape,Tape,1.5in x 15yd roll,,,firstaid,110563,measured,https://www.litesmith.com/leukotape-p-blister-prevention-tape/,the standard roll (15 yd) weighs 3.9 oz (110 g),
Peak First Aid,First Aid Kit,First aid kit,,,,firstaid,184000,manufacturer,https://www.garagegrowngear.com/products/peak-first-aid-kit-by-peak-first-aid,Weight: 6.5oz | 184g,
Peak First Aid,Peak Tape,Tape,,,,firstaid,38000,manufacturer,https://www.garagegrowngear.com/products/peak-tape-by-peak-first-aid,Weight: 1.3oz | 38g,
Revlon,Expert Slant Tweezer,Tweezers,,,,firstaid,16300,community,https://www.target.com/p/revlon-expert-made-with-stainless-steel-slant-tip-tweezer/-/A-77640587,"Stainless-steel slant tip, 3.66 in long; Revlon Information Center Q&A gives ~16.3 g (no manufacturer spec sheet)",
SOL,Emergency Blanket,Emergency blanket,,,,firstaid,82000,manufacturer,https://www.garagegrowngear.com/products/ultralight-emergency-blanket-by-sol,Weight: 2.9oz | 82g,
Tick Key,Original Tick Key,Tick remover,,,,firstaid,5670,manufacturer,https://www.rei.com/product/152051/tick-key-company-the-tick-key,0.2 oz — high-strength anodized aluminum tick-removal tool (REI-listed spec; ≈5.7 g),
TUMS,Extra Strength 750 Antacid,Antacid,roll of 8,,,firstaid,14000,community,https://www.tums.com/antacid-products/extra-750/,"No published pack weight; 8-tablet travel roll ≈ 8 x ~1.5 g chewable + paper wrapper ≈ 14 g (estimate, re-weigh to confirm)",
Uncle Bill's,Sliver Gripper Tweezers,Tweezers,,,,firstaid,3700,manufacturer,https://www.garagegrowngear.com/products/sliver-gripper-tweezers,Weight: 0.13oz | 3.7g,
Westcott,"Titanium Scissors, 2.5""",Scissors,,,,firstaid,10000,manufacturer,https://www.garagegrowngear.com/products/sewing-titanium-bonded-fine-cut-scissors-2-5-by-westcott,Weight: 0.35oz | 10g,
Wool-It,Blister Aid,Blister care,small bag,,,firstaid,17000,manufacturer,https://www.garagegrowngear.com/products/wool-it-blister-aid,Weight: 0.6oz | 17g,
After Bite,Advanced,Bite relief,,,,consumable,32000,manufacturer,https://www.garagegrowngear.com/products/afterbite-advanced,Packaged weight:  1.1 oz | 32g,
Aloe Up,Aloe Kote SPF 25,Sunscreen,,,,consumable,7000,manufacturer,https://www.garagegrowngear.com/products/aloe-kote-spf-25-by-aloe-up,Weight: 0.25oz | 7g (net wt),
Aloe Up,Mineral Lip Balm SPF 15,Lip balm,,,,consumable,4250,manufacturer,https://www.garagegrowngear.com/products/mineral-lip-balm-spf-15-by-aloe-up,Weight: 0.15oz | 4.25g (net wt),
Aloe Up,Sport SPF 15 Lip Balm,Lip balm,,,,consumable,4250,manufacturer,https://www.garagegrowngear.com/products/sport-spf-15-lip-balm-by-aloe-up,Weight: 0.15oz | 4.25g (net wt),
Anessa,Perfect UV Sunscreen Skincare Milk NA SPF50+,Sunscreen,60ml,volume_l=0.06,,consumable,60000,manufacturer,https://japanesetaste.com/products/shiseido-anessa-perfect-uv-sunscreen-skincare-milk-spf50-60ml,"Net content 60ml (recorded as 60 g, the catalog's ml→g convention for sunscreens)",
Aquaphor,Lip Repair,Lip balm,0.35 fl oz,,,consumable,10000,community,https://www.aquaphorus.com/products/aquaphor/aquaphor-lip-repair,"Aquaphor Lip Repair — 0.35 fl oz (10 mL); ≈10 g net contents, not full tube",
Aquatabs,Water Purification Tablets,Water treatment,per tablet,,,consumable,397,manufacturer,https://www.aquatabs.us/product/aquatabs-397mg-tablets-x100/,Manufacturer product is 'Aquatabs 397mg Tablets x100' — 397 mg = 0.397 g is the whole-tablet mass (67 mg active NaDCC; Aquatabs lists tablets by active ingredient: 3.5/8.5/17/33/67/167/500mg). Value recorded in grams since schema units are oz|g|lb|kg (no mg); cited figure is 397 mg per tablet.,
Backpacker's Pantry,Pad Thai,Meal,"2 servings, net",,,consumable,175767,manufacturer,https://backpackerspantry.com/products/pad-thai,6.2 oz,760
Beauty of Joseon,Relief Sun: Rice + Probiotics SPF50+,Sunscreen,50ml,volume_l=0.05,,consumable,50000,manufacturer,https://beautyofjoseon.com/products/relief-sun-rice-probiotics,"Relief Sun: Rice + Probiotics SPF50+ PA++++ — 50 ml / 1.69 fl oz net content; water-based emulsion density ~1.0, so ≈ 50 g net (net contents, not full tube)",
Ben's Tick and Insect Repellent,Insect Repellent Adventure Formula,Insect repellent,,,,consumable,134000,manufacturer,https://www.garagegrowngear.com/products/insect-repellent-adventure-formula-nu-nems-adventure,Packaged weight: 4.7 oz | 134 g,
Ben's Tick and Insect Repellent,Tick & Insect Repellent Wipes,Insect repellent,,,,consumable,80000,manufacturer,https://www.garagegrowngear.com/products/tick-insect-repellent-wipes-by-bens-adventure,Packaged weight per box: 2.8 oz | 80 g,
Body Glide,Anti-Chafe Stick For Her,Anti-chafe balm,,,,consumable,10000,manufacturer,https://www.garagegrowngear.com/products/anti-chafe-stick-for-her-by-body-glide,Weight: 0.35oz | 10g,
Body Glide,Body Anti-Chafe Stick,Anti-chafe balm,,,,consumable,10000,manufacturer,https://www.garagegrowngear.com/products/body-anti-chafe-stick-by-body-glide,Weight: 0.35oz | 10g,
Body Glide,Foot Glide Anti-Blister Stick,Anti-chafe balm,,,,consumable,10000,manufacturer,https://www.garagegrowngear.com/products/foot-glide-anti-blister-stick-by-body-glide,Weight: 0.35oz | 10g,
ChapStick,Classic Original Lip Balm,Lip balm,0.15oz,,,consumable,4252,manufacturer,https://www.amazon.com/ChapStick-Classic-Original-Balm-0-15/dp/B01IA9EERW,"ChapStick Classic Original — net wt 0.15 oz (4 g); net fill weight, not full tube",
Clif,Bloks Energy Chews,Energy chews,,,,consumable,60000,manufacturer,https://www.iherb.com/pr/clif-bar-bloks-energy-chews-mountain-berry-flavor-18-packets-2-12-oz-60-g-each/15971,"Clif Bar, Bloks® Energy Chews, Mountain Berry, 18 Packets, 2.12 oz (60 g) Each",200
Clif,Builders Protein Bar (Chocolate Peanut Butter),Protein bar,,,,consumable,68000,manufacturer,https://us.britishessentials.com/products/clif-builders-protein-bar-peanut-butter-68g,Clif Builders Chocolate Peanut Butter Protein Bar 68g ... Per Bar (68 g),290
Clif,Energy Bar (Chocolate Chip),Energy bar,,,,consumable,68000,manufacturer,https://eu.clifbar.com/en/products/clif-bar-chocolate-chip/,Per bar (68g),258
Clif,Energy Bar (Crunchy Peanut Butter),Energy bar,,,,consumable,68000,manufacturer,https://eu.clifbar.com/en/products/clif-bar-crunchy-peanut-butter/,Per bar (68g),264
Clif,Nut Butter Bar (Peanut Butter),Energy bar,,,,consumable,50000,manufacturer,https://eu.clifbar.com/en/products/clif-nut-butter-bar-peanut-butter/,Per bar (50g),228
Coleman,C100 Xtreme Gas Cartridge,Fuel canister,"97g, net fuel",fuel_g=97,,consumable,97000,manufacturer,https://www.outdooraction.co.uk/coleman-c100-xtreme-gas-cartridge-p9688,Weight gas: 97g,
Coleman,C300 Performance Gas Cartridge,Fuel canister,"240g, net fuel",fuel_g=240,,consumable,240000,manufacturer,https://sunny-outdoors.com/products/coleman-c300-performance-v2-gas-cartridge,Gas in g: 240 g,
Coleman,C300 Xtreme Gas Cartridge,Fuel canister,"230g, net fuel",fuel_g=230,,consumable,230000,manufacturer,https://towsure.com/products/coleman-c300-xtreme-gas-cartridge,Gas Content Weight: 230g,
Coleman,C500 Performance Gas Cartridge,Fuel canister,"440g, net fuel",fuel_g=440,,consumable,440000,manufacturer,https://enlightenedoutfitters.com/coleman-performance-c500-gas-cartridge/,Weight gas: 440 g,
CORPUS,Nº Green Natural Deodorant Stick,Deodorant,75g,,,consumable,75000,manufacturer,https://corpusnaturals.com/products/deodorant-stick-no-green,DEODORANT STICK: Nº GREEN — 2.6 oz / 75g,
Crest,Travel Size Toothpaste,Toothpaste,,,,consumable,24000,manufacturer,https://www.garagegrowngear.com/products/crest-travel-size-toothpaste,Weight: 0.85oz | 24g (Net),
Dermatone,Lip Balm,Lip balm,SPF 30,,,consumable,4000,manufacturer,https://www.garagegrowngear.com/products/lip-balm-spf-30-by-dermatone,Weight: 0.55oz | 4g,
Dermatone,Lips and Face Stick SPF 30,Sunscreen,,,,consumable,14000,manufacturer,https://www.garagegrowngear.com/products/lips-and-face-stick-spf-30-by-dermatone,Weight: 0.5oz | 14g,
Dermatone,Mineral Sunscreen Stick SPF 50,Sunscreen,,,,consumable,14000,manufacturer,https://www.garagegrowngear.com/products/mineral-sunscreen-stick-spf-50-by-dermatone,Weight: 0.5oz | 14g,
Dermatone,Skin Protector Balm with Zinc SPF 30,Sunscreen,,,,consumable,14000,manufacturer,https://www.garagegrowngear.com/products/skin-protector-balm-with-zinc-spf-30by-dermatone,Weight: 0.5oz | 14g,
Esbit,Solid Fuel Tablets,Fuel tablets,12-pack,,,consumable,172000,manufacturer,https://esbit.de/en/products/solid-fuel-tablets,12 x 14 g (total weight: 0.172 kg),
Esbit,Solid Fuel Tablets,Fuel tablets,"per tablet, 14g",,,consumable,14000,manufacturer,https://esbit.de/en/products/solid-fuel-tablets,"Esbit is available in different tablet sizes (4 g, 5 g, 14 g, 27 g).",
Farm to Summit,Puebloan Beans & Rice,Meal,2 servings,,,consumable,172932,measured,https://mahonia.app/s/P3PWAH8RMCVR,"Weighed by the catalog maintainer, pouch included: 6.1 oz / 173 g (Timberline list, 2026-09-05). The maker prints net contents only (5.4 oz); the difference is the cook-in pouch.",700
Farm to Summit,Three Bean Chili & Cornbread,Meal,2 servings,,,consumable,181437,measured,https://mahonia.app/s/P3PWAH8RMCVR,"Weighed by the catalog maintainer, pouch included: 6.4 oz / 181 g (Timberline list, 2026-09-05). The maker prints net contents only (5.5 oz); the difference is the cook-in pouch.",800
Garage Grown Gear,Beeswax Mini Lip Balm,Lip balm,,,,consumable,2800,manufacturer,https://www.garagegrowngear.com/products/beeswax-mini-lip-balm,Weight: 0.1oz | 2.8g,
Gardetto's,Original Recipe Snack Mix,Snack mix,1.75oz,,,consumable,49612,manufacturer,https://www.generalmillsfoodservice.com/products/category/snacks/gardettos/original-1-75oz-60ct,Gardetto's Snack Mix Single Serve Pouch Original Recipe 60/1.75 OZ,230
Good To-Go,Mushroom Risotto,Meal,,,,consumable,116200,manufacturer,https://www.litesmith.com/good-to-go-mushroom-risotto/,Net Weight : 3.4 oz (95 g) Total Weight : 4.1 oz (116.2 g),410
Good To-Go,Mushroom Risotto,Meal,2 servings,,,consumable,212621,measured,https://mahonia.app/s/P3PWAH8RMCVR,"Weighed by the catalog maintainer, pouch included: 7.5 oz / 213 g (Timberline list, 2026-09-05). Good To-Go no longer sells the 2-serving bag; the single-serving row above is the current product.",820
GSI Outdoors,Isobutane Fuel Cartridge,Fuel canister,"110g, net fuel",fuel_g=110,,consumable,110000,manufacturer,https://www.kitterytradingpost.com/camping-travel/camp-stoves-grills-heaters/fuel-canisters/gsi-outdoors-isobutane-110g.-fuel-cartridge-95913.html,110g. IsoButane fuel cartridge,
GSI Outdoors,Isobutane Fuel Cartridge,Fuel canister,"230g, net fuel",fuel_g=230,,consumable,230000,manufacturer,https://www.kitterytradingpost.com/camping-travel/camp-stoves-grills-heaters/fuel-canisters/gsi-outdoors-isobutane-230g.-fuel-cartridge-95915.html,230g. IsoButane fuel cartridge and cap,
GurneyGoo,Anti Chafing,Anti-chafe balm,"Pocket, 10ml",volume_l=0.01,,consumable,11000,manufacturer,https://www.garagegrowngear.com/products/gurneygoo-anti-chafing,Pocket: 0.4oz | 11g,
Honey Stinger,Organic Honey Waffle,Energy waffle,,,,consumable,30050,manufacturer,https://honeystinger.com/products/honey,"Honey Stinger Organic Energy Waffle Snack, Honey, 1.06 oz",150
Huppy,Toothpaste Tablets,Toothpaste tablets,Tin,,,consumable,48000,manufacturer,https://www.garagegrowngear.com/products/toothpaste-tablets-by-huppy,Tin: 1.7oz | 48g,
Huppy,Toothpaste Tablets,Toothpaste tablets,Travel Pack,,,consumable,3000,manufacturer,https://www.garagegrowngear.com/products/toothpaste-tablets-by-huppy,Travel Packet: 0.1oz | 3g,
HydraPak,Bottle Bright Gear Cleaning Tablets,Cleaning tablets,,,,consumable,18000,manufacturer,https://www.garagegrowngear.com/products/gear-cleaning-tablets-by-bottle-bright,Weight: 0.6oz | 18g (per tab),
Idahoan,Classic Mashed Potatoes,Meal,net,,,consumable,113398,manufacturer,https://idahoan.com/products/100645,"Idahoan Classic Mashed, 4 oz (Single Pouch)",440
Jetboil,JetPower Fuel,Fuel canister,"100g, net fuel",fuel_g=100,,consumable,100000,manufacturer,https://jetboil.johnsonoutdoors.com/us/shop/parts-accessories/fuel-related/jetpower-fuel-single/jf1001,Fuel Capacity: 100 g (approx. 12 liters of boiled water),
Jetboil,JetPower Fuel,Fuel canister,"230g, net fuel",fuel_g=230,,consumable,230000,manufacturer,https://jetboil.johnsonoutdoors.com/us/shop/parts-accessories/fuel-related/jetpower-fuel-single,"Size: 100 g, 230 g (JetPower Fuel - Single)",
Jetboil,JetPower Fuel,Fuel canister,"450g, net fuel",fuel_g=450,,consumable,450000,manufacturer,https://jetboil.johnsonoutdoors.com/ca/en-ca/shop/parts-accessories/fuel-related/jetpower-fuel/jf450,450 g (approx. 48 liters of boiled water),
Joshua Tree Skin Care,Hiker's Salve,Skin salve,15ml,volume_l=0.015,,consumable,20000,manufacturer,https://www.garagegrowngear.com/products/hikers-salve-by-joshua-tree-skincare,15ml: 0.7oz | 20g,
Joshua Tree Skin Care,Hiker's Salve,Skin salve,3ml,volume_l=0.003,,consumable,8500,manufacturer,https://www.garagegrowngear.com/products/hikers-salve-by-joshua-tree-skincare,3ml: 0.3oz | 8.5g,
Joshua Tree Skin Care,Organic SPF Lip Balm,Lip balm,,,,consumable,11300,manufacturer,https://www.garagegrowngear.com/products/organic-spf-lip-balm-by-joshua-tree-skin-care,Weight: 0.4oz | 11.3g,
Joshua Tree Skin Care,Sunscreen Face Stick,Sunscreen,,,,consumable,28300,manufacturer,https://www.garagegrowngear.com/products/face-stick-by-joshua-tree-skin-care,Weight: 1oz | 28.3g,
Justin's,Classic Almond Butter Squeeze Pack,Nut butter,,,,consumable,32602,manufacturer,https://www.target.com/p/justin-s-squeeze-pack-classic-almond-butter-1-15oz/-/A-15989040,1.15 Ounces,220
KimlyParc,Original Korean Latte,Instant coffee,,,,consumable,20000,manufacturer,https://kimlyparc.com/products/original-korean-latte,10Packets x 0.7oz (20g),90
KIND,Breakfast Protein Bar (Peanut Butter Banana Dark Chocolate),Protein bar,2 bars,,,consumable,50000,manufacturer,https://www.kindsnacks.com/products/breakfast-bars/peanut-butter-banana-dark-chocolate,Serving Size: 2 bars (50g),220
KIND,Nut Bar (Blueberry Vanilla & Cashew),Energy bar,,,,consumable,40000,manufacturer,https://www.kindsnacks.com/products/nut-bar/blueberry-vanilla-cashew,Serving Size: 1 bar (40g),160
KIND,Nut Bar (Dark Chocolate Nuts & Sea Salt),Energy bar,,,,consumable,40000,manufacturer,https://www.kindsnacks.com/products/nut-bar/dark-chocolate-nuts-sea-salt,Serving Size: 1 bar (40g),190
KIND,Nut Bar (Fruit & Nut),Energy bar,,,,consumable,40000,manufacturer,https://www.kindsnacks.com/products/nut-bar/fruit-nut,Serving Size: 1 bar (40g),190
KIND,Nut Bar (Peanut Butter Dark Chocolate),Energy bar,,,,consumable,40000,manufacturer,https://www.kindsnacks.com/products/nut-bar/peanut-butter-dark-chocolate,Serving Size: 1 bar (40g),200
Knorr,Rice Sides Cheddar Broccoli,Meal,net,,,consumable,161592,manufacturer,https://smartlabel.unileverusa.com/041000022784-0001-en-US/index.html,NET WT 5.7 oz (161 g),600
Kovea,Gas Canister,Fuel canister,"110g, net fuel",fuel_g=110,,consumable,110000,manufacturer,https://bigtentoutdoors.com/products/kovea-gas-canister-case-pack,4oz (110g) – 24 canisters per case,
Kovea,Gas Canister,Fuel canister,"230g, net fuel",fuel_g=230,,consumable,230000,manufacturer,https://bigtentoutdoors.com/products/kovea-gas-canister-case-pack,8oz (230g) – 24 canisters per case,
Kovea,Gas Canister,Fuel canister,"450g, net fuel",fuel_g=450,,consumable,450000,manufacturer,https://bigtentoutdoors.com/products/kovea-gas-canister-case-pack,16oz (450g) – 12 canisters per case,
Liquid I.V.,Hydration Multiplier,Electrolyte mix,,,,consumable,15876,manufacturer,https://www.fairwaymarket.com/product/liquid-iv-hydration-multiplier-electrolyte-drink-mix-sticks-056-oz-10-count-id-00810125970535,0.56 Ounces x 10 ... serving size 16 gram (one stick),45
Matador,Refillable Toothpaste Tube,Toothpaste tube,1-week,,,consumable,7000,manufacturer,https://www.matadorequipment.com/products/refillable-toothpaste-tubes,1-week tube: 0.3 oz (7 g),
Matador,Refillable Toothpaste Tube,Toothpaste tube,2-week,,,consumable,8000,manufacturer,https://www.matadorequipment.com/products/refillable-toothpaste-tubes,2-week tube: 0.3 oz (8 g),
Mountain House,Beef Stroganoff,Meal,"Pro-Pak, net",,,consumable,130408,manufacturer,https://lintonoutdoors.com/mountain-house-beef-stroganoff-propak/,Net Wt 4.6 oz (131grams),590
Mountain House,Biscuits and Gravy,Meal,"2 servings, net",,,consumable,124738,manufacturer,https://lintonoutdoors.com/mountain-house-biscuits-and-gravy/,Net Wt 4.4 oz (124grams),540
MSR,IsoPro Fuel Canister,Fuel canister,"110g, net fuel",fuel_g=110,,consumable,110000,manufacturer,https://cascadedesigns.com/products/msr-isopro-fuel,"3.9 oz / 110g ... Sold in 4, 8 and 16 oz. canisters to meet the demands of any stove or trip.",
MSR,IsoPro Fuel Canister,Fuel canister,"227g, net fuel",fuel_g=227,,consumable,227000,manufacturer,https://cascadedesigns.com/products/msr-isopro-fuel,"8 oz / 227g ... Sold in 4, 8 and 16 oz. canisters to meet the demands of any stove or trip.",
MSR,IsoPro Fuel Canister,Fuel canister,"450g, net fuel",fuel_g=450,,consumable,450000,manufacturer,https://cascadedesigns.com/products/msr-isopro-fuel,"16 oz / 450g ... Sold in 4, 8 and 16 oz. canisters to meet the demands of any stove or trip.",
Nature Valley,Crunchy Granola Bars,Granola bar,2 bars,,,consumable,42000,manufacturer,https://www.naturevalley.com/products/oats-n-honey-crunchy-granola-bars,Each two-bar serving (42g),190
Olyra,Crème Breakfast Biscuit (Dark Chocolate),Snack,,,,consumable,37500,manufacturer,https://olyrafoods.com/products/dark-chocolate-sandwich-breakfast-biscuits,"Serving Size 1 crème breakfast biscuit (37.5g) (the maker's nutrition-facts panel, an image on the page)",180
Optimus,Universal Gas,Fuel canister,"230g, net fuel",fuel_g=230,,consumable,230000,manufacturer,https://www.climbers-shop.com/camping/fuel/optimus-universal-gas-230g__11104611,Optimus Universal Gas 230g,
PACT Outdoors,Bathroom Wipes,Wipes,,,,consumable,2000,manufacturer,https://www.garagegrowngear.com/products/wipes-by-pact-outdoors,Weight: 0.07oz | 2g per packed wipe,
PACT Outdoors,Body Wipes,Wipes,,,,consumable,9000,manufacturer,https://www.garagegrowngear.com/products/body-wipes-by-pact-outdoors,Weight: 0.3oz | 9g per packed wipe,
PACT Outdoors,Mycelium Tabs,Waste tablets,bag of 120,,,consumable,38000,manufacturer,https://www.garagegrowngear.com/products/mycelium-tabs-by-pact-outdoors,Bag: 1.3oz | 38g,
PACT Outdoors,Pack Out Bathroom Kit,Bathroom kit,1 Bag,,,consumable,40000,manufacturer,https://www.garagegrowngear.com/products/pack-out-kit-by-pact-outdoors,Weight: 1.4oz | 40g,
Peak Refuel,Beef Stroganoff,Meal,"2 servings, net",,,consumable,141748,manufacturer,https://peakrefuel.com/products/beef-stroganoff,Net Weight – 5.00 oz,810
Peter Rabbit Organics,Organic Fruit Snack (Strawberry & Banana),Fruit snack,,,,consumable,113398,manufacturer,https://www.wholefoodsmarket.com/product/peter-rabbit-organics-strawberry-banana-4-oz-b00fbo6b80,1 pouch (4oz / 113g),70
Pika Outdoors,Summit Suds Powdered Soap,Soap,1oz Bottle,,,consumable,40000,manufacturer,https://www.garagegrowngear.com/products/summit-suds-powdered-soap-by-pika-outdoors,Total: 1.4oz | 40g,
Pika Outdoors,Summit Suds Powdered Soap,Soap,3oz Packet,,,consumable,91000,manufacturer,https://www.garagegrowngear.com/products/summit-suds-powdered-soap-by-pika-outdoors,Total: 3.2oz | 91g,
Pop-Tarts,Frosted Strawberry Toaster Pastries,Snack,2 pastries,,,consumable,96000,manufacturer,https://foods.fatsecret.com/calories-nutrition/kelloggs/pop-tarts-frosted---strawberry/1-pastry,"2 pastries (96 g), 370 calories, 1 serving per container",370
Primus,Power Gas,Fuel canister,"100g, net fuel",fuel_g=100,,consumable,100000,manufacturer,https://primusequipment.ca/products/power-gas,size: 100g | dims: 89 x 89 x 66 mm | weight: 7 oz | case pack of 24,
Primus,Power Gas,Fuel canister,"230g, net fuel",fuel_g=230,,consumable,230000,manufacturer,https://primusequipment.ca/products/power-gas,size: 230g | dims: 108 x 108 x 85 mm | weight: 13.7 oz | case pack of 12,
Primus,Power Gas,Fuel canister,"450g, net fuel",fuel_g=450,,consumable,450000,manufacturer,https://primusequipment.ca/products/power-gas,size: 450g | dims: 108 x 108 x 137 mm | weight: 22.7 oz | case pack of 12,
PROBAR,BOLT Organic Energy Chews,Energy chews,,,,consumable,59534,manufacturer,https://theprobar.com/products/berry-blast-bolt-energy-chew,"2.1 oz. Pouch (net wt per pouch, same across flavors). User's 'Bolt Energy Chews' = PROBAR BOLT Organic Energy Chews.",180
PROBAR,MEAL Bar (Peanut Butter Chocolate Chip),Energy bar,,,,consumable,85049,manufacturer,https://theprobar.com/products/peanut-butter-chocolate-meal-replacement-bar,3 oz. Bar,380
PUPPACKR,Chicken Dog Food,Dog food,Large,size=L,,consumable,162000,manufacturer,https://www.garagegrowngear.com/products/chicken-dog-food-by-puppacker,Large: 5.73oz | 162g,
PUPPACKR,Chicken Dog Food,Dog food,Medium,size=M,,consumable,127000,manufacturer,https://www.garagegrowngear.com/products/chicken-dog-food-by-puppacker,Medium: 4.49oz | 127g,
PUPPACKR,Chicken Dog Food,Dog food,Small,size=S,,consumable,92000,manufacturer,https://www.garagegrowngear.com/products/chicken-dog-food-by-puppacker,Small: 3.25oz | 92g,
PUPPACKR,Chicken Dog Food,Dog food,X-Large,size=XL,,consumable,192000,manufacturer,https://www.garagegrowngear.com/products/chicken-dog-food-by-puppacker,X-Large: 6.79oz | 192g,
Purell,Advanced Hand Sanitizer Gel,Hand sanitizer,1oz,,,consumable,40000,community,https://www.amazon.com/Purell-Advanced-Hand-Sanitizer-Refreshing/dp/B00LPC7IH0,"1 fl oz (30 mL) travel flip-cap bottle; ~40 g full bottle (carried, est.)",
Quitch,Bug Bite Relief Stickers,Bite relief,package of 27,,,consumable,8505,manufacturer,https://www.rei.com/product/224733/quitch-bug-bite-relief-stickers,Weight: 0.3 ounces,
Quitch,Repellent Patch with Geraniol,Insect repellent,package of 48,,,consumable,28350,manufacturer,https://www.rei.com/product/248395/quitch-repellent-patch-with-geraniol-package-of-48,Weight: 1 ounce,
RXBAR,Protein Bar (Chocolate Sea Salt),Protein bar,,,,consumable,51880,manufacturer,https://www.amazon.com/RXBAR-Whole-Protein-Chocolate-1-83oz/dp/B07CWXX69K,"RXBAR, Chocolate Sea Salt, Protein Bar, 1.83 Oz Bar",200
Salt & Stone,Extra-Strength Aluminum-Free Deodorant,Deodorant,75g,,,consumable,75000,manufacturer,https://www.saltandstone.com/products/natural-deodorant,"Extra-Strength Aluminum-Free Deodorant — 2.6 oz / 75 g net (all scents same fill, incl. Bergamot & Hinoki)",
SaltStick,Electrolyte FastChews,Electrolyte mix,bottle of 60,,,consumable,127000,manufacturer,https://aletenutrition.com/products/saltstick-fastchews-lemon-lime,FastChews 60ct bottle: 127 g (0.28 lb),300
Salty Britches,Chafing Ointment,Anti-chafe balm,2oz,,,consumable,71000,manufacturer,https://www.garagegrowngear.com/products/chafing-ointment-by-salty-britches,Total: 2.5oz | 71g,
Sawyer,Permethrin Insect Repellent,Insect repellent,12oz,volume_l=0.355,,consumable,493000,manufacturer,https://www.garagegrowngear.com/products/permethrin-insect-repellant-by-sawyer,12oz: 17.4oz | 493g,
Sawyer,Permethrin Insect Repellent,Insect repellent,24oz,volume_l=0.71,,consumable,819000,manufacturer,https://www.garagegrowngear.com/products/permethrin-insect-repellant-by-sawyer,24oz: 28.9oz | 819g,
Sawyer,Picaridin Insect Repellant,Insect repellent,3oz Spray,,,consumable,111000,manufacturer,https://www.garagegrowngear.com/products/insect-repellant-3oz-spray-by-sawyer,Weight: 3.9oz | 111g,
Sawyer,Picaridin Insect Repellant,Insect repellent,4oz Lotion,,,consumable,136000,manufacturer,https://www.garagegrowngear.com/products/insect-repellant-3oz-spray-by-sawyer,Weight: 4.8oz | 136g,
Sea to Summit,Wilderness Wipes,Wipes,"Compact, 12-pack",,,consumable,93000,manufacturer,https://www.garagegrowngear.com/products/wilderness-wipes-by-sea-to-summit,12-Pack: 3.3oz | 93g,
Sea to Summit,Wilderness Wipes,Wipes,"Compact, 36-pack",,,consumable,292000,manufacturer,https://www.garagegrowngear.com/products/wilderness-wipes-by-sea-to-summit,36-Pack: 10.3oz | 292g,
Sea to Summit,Wilderness Wipes,Wipes,"X-Large, 8-pack",size=XL,,consumable,122000,manufacturer,https://www.garagegrowngear.com/products/wilderness-wipes-by-sea-to-summit,"X-Large: Dimensions: 8"" x 12"" | 20cm x 30.5cm Weight: 4.3oz | 122g",
SKIN1004,Madagascar Centella Hyalu-Cica Water-Fit Sun Serum SPF50+,Sunscreen,50ml,volume_l=0.05,,consumable,50000,manufacturer,https://www.skin1004.com/products/hyalu-cica-water-fit-sun-serum-uv,"50ml (recorded as 50 g, the catalog's ml→g convention for sunscreens)",
Skratch Labs,Hydration Sport Drink Mix,Electrolyte mix,,,,consumable,22000,manufacturer,https://www.skratchlabs.com/products/hydration-sport-drink-mix,SDM-LL-22g (Lemon + Lime / Single Serving),80
Skratch Labs,Sport Energy Chews (Raspberry),Energy chews,,,,consumable,50000,manufacturer,https://www.skratchlabs.com/products/energy-chews-sport-fuel,Sport Energy Chews - Raspberry - 50g - Single Serving (SKU ECS-RB-50g),160
Snickers,Singles Size Bar,Candy bar,,,,consumable,52730,manufacturer,https://www.snickers.com/products/chocolate/snickers-singles-size-chocolate-candy-bars-186-oz-bars,"SNICKERS Singles Size Chocolate Candy Bars, 1.86 oz",250
Snow Peak,GigaPower Fuel 110 Gold,Fuel canister,"110g, net fuel",fuel_g=110,,consumable,110000,manufacturer,https://web.archive.org/web/20191212224444/https://snowpeak.com/products/gigapower-fuel-110-gold-gp-110g,"Fuel Weight: 3.9oz (110g); full-canister Weight: 7.5oz (212.6g). Net-fuel convention, matching the MSR IsoPro rows. SKU GP-110G; live snowpeak.com URL now 404s, cited from Snow Peak's own archived page.",
Snow Peak,GigaPower Fuel 250 Gold,Fuel canister,"220g, net fuel",fuel_g=220,,consumable,220000,manufacturer,https://ec.snowpeak.co.jp/item/SNP0117A0073,LPG（液化イソブタン・液化プロパン）NET：220g,
Soto,Power Gas 105 Triple Mix,Fuel canister,"105g, net fuel",fuel_g=105,,consumable,105000,manufacturer,https://soto.shinfuji.co.jp/products/sod-710t/,容量: 105g,
Soto,Power Gas 250 Triple Mix,Fuel canister,"230g, net fuel",fuel_g=230,,consumable,230000,manufacturer,https://soto.shinfuji.co.jp/products/sod-725t/,容量: 230g,
Soto,Power Gas 500 Triple Mix,Fuel canister,"460g, net fuel",fuel_g=460,,consumable,460000,manufacturer,https://soto.shinfuji.co.jp/products/sod-750t/,容量: 460g,
Starbucks,VIA Instant Coffee,Instant coffee,,,,consumable,3118,manufacturer,https://www.target.com/p/starbucks-via-instant-coffee-medium-roast-packets-pike-place-roast-packets-8ct-0-11oz/-/A-15251130,8ct/0.11oz (per packet); box of 8 packets net wt 0.93 oz,
Sun Bum,Sunscreen Lip Balm SPF 30,Lip balm,0.15oz,,,consumable,4252,manufacturer,https://www.sunbum.com/products/signature-spf-30-sunscreen-lip-balm,"Sun Bum Sunscreen Lip Balm SPF 30 — 0.15 oz / 4.25 g (net fill, not full tube)",
Tini Naturals,Mini Travel Size Deodorant,Deodorant,,,,consumable,11340,manufacturer,https://www.amazon.com/Naturals-Travel-Deodorant-Aluminum-Coconut/dp/B0FQXQCKYS,"Tini Naturals Mini Travel Size Deodorant, Unisex Aluminum Free Deodorant with Coconut Oil & Shea Butter, 0.4 oz Single, Fresh Linen Scent",
Tocobo,Cica Cooling Sun Stick SPF50+,Sunscreen stick,18g,,,consumable,18000,manufacturer,https://tocobo.us/products/cica-cooling-sun-stick,Cica Cooling Sun Stick SPF50+ PA++++ — 18 g (net contents),
Trader Joe's,Energy Bar (Chocolate Chip),Energy bar,,,,consumable,68000,manufacturer,https://www.traderjoes.com/home/products/pdp/energy-bar-chocolate-chip-077618,SERVING SIZE 1 bar(68g),260
Trader Joe's,Energy Bar (Peanut Butter),Energy bar,,,,consumable,68000,manufacturer,https://www.traderjoes.com/home/products/pdp/energy-bar-peanut-butter-077616,SERVING SIZE 1 bar(68g),270
Trader Joe's,Wild Skipjack Tuna,Meal,"3oz pouch, net",,,consumable,85000,manufacturer,https://www.traderjoes.com/home/products/pdp/wild-skipjack-tuna-062362,SERVING SIZE 1 pouch(85g),90
Unpaste,Tooth Tabs,Toothpaste tablets,125 tablets,,,consumable,43000,manufacturer,https://www.garagegrowngear.com/products/tooth-tabs-by-unpaste,Weight: 1.5oz | 43g (packet),
Venture Wipes,Body Wipes,Wipes,,,,consumable,28000,manufacturer,https://www.garagegrowngear.com/products/venture-wipes,Weight: 1oz | 28g (per individual packet),
WYSI Wipes,Multi-Purpose Expandable Wipes,Wipes,,,,consumable,27000,manufacturer,https://www.garagegrowngear.com/products/multi-purpose-expandable-wipes-by-wysi-wipes,Weight: 0.9oz | 27g (Total packaged weight),
YourYuckies,Biodegradable Hygiene Bags,Waste bags,3-pack,,,consumable,37000,manufacturer,https://www.garagegrowngear.com/products/biodegradable-hygiene-bags-by-youryuckies,Weight: 1.3oz | 37g (total),
3FULGEAR,Insulated Food Bag,Food bag,,,volume_l,other,18000,manufacturer,https://www.garagegrowngear.com/products/insulated-food-bag-by-3fulgear,Weight: 0.63oz | 18g,
Aardwolf Gear Company,Gram Splitter Wallet,Wallet,,,,other,2000,manufacturer,https://www.garagegrowngear.com/products/gram-splitter-wallet-by-aardwolf-gear-company,Weight: 0.08oz | 2g,
Aardwolf Gear Company,Mini Ditty/Spoon Cover,Stuff sack,,,volume_l,other,1200,manufacturer,https://www.garagegrowngear.com/products/mini-ditty-spoon-cover-by-aardwolf-gear-company,Weight: 0.04oz | 1.2g,
Aardwolf Gear Company,Roll Top Ditty Bag,Stuff sack,,,volume_l,other,12000,manufacturer,https://www.garagegrowngear.com/products/roll-top-ditty-bag-by-aardwolf-gear-company,Weight: 0.42oz | 12g,
Aardwolf Gear Company,Stake Knife Bag,Stuff sack,Large,size=L,volume_l,other,4000,manufacturer,https://www.garagegrowngear.com/products/stake-knife-bag-by-aardwolf-gear-company,Lage: 0.14oz | 4g,
Aardwolf Gear Company,Stake Knife Bag,Stuff sack,Small,size=S,volume_l,other,3000,manufacturer,https://www.garagegrowngear.com/products/stake-knife-bag-by-aardwolf-gear-company,Small: 0.11oz | 3g,
Aardwolf Gear Company,Toothbrush Sleeve,Toothbrush case,,,,other,2000,manufacturer,https://www.garagegrowngear.com/products/toothbrush-sleeve-by-aardwolf-gear-company,Weight: 0.07oz | 2g,
Aardwolf Gear Company,Trowel Sheath,Sheath,Large,size=L,,other,8000,manufacturer,https://www.garagegrowngear.com/products/shovel-sheath-by-aardwolf-gear-company,Large: 0.3oz | 8g,
Aardwolf Gear Company,Trowel Sheath,Sheath,Small,size=S,,other,7000,manufacturer,https://www.garagegrowngear.com/products/shovel-sheath-by-aardwolf-gear-company,Small: 0.2oz | 7g,
Aarn Packs,Shoulder Strap Pocket,Shoulder pocket,,,,other,52000,manufacturer,https://www.garagegrowngear.com/products/shoulder-strap-pocket-by-aarn-packs,Weight: 1.8oz | 52g,
Aarn Packs,Water Bottle Holder,Bottle holder,,,,other,42000,manufacturer,https://www.garagegrowngear.com/products/water-bottle-holder-by-aarn-packs,Weight: 1.5oz | 42g,
Adotec,Caveman TV Smartphone Holder,Phone holder,,,,other,25000,manufacturer,https://www.garagegrowngear.com/products/caveman-tv-smartphone-holder-by-adotec,Weight: 0.88oz | 25g,
Adotec,Packaway Ultralight Saw,Saw,,,,other,48000,manufacturer,https://www.garagegrowngear.com/products/packaway-ultralight-saw-by-adotec,Weight: 1.7oz | 48g,
Adotec,Scent Seal Odor-Barrier Bag,Odor-proof bag,14L,volume_l=14,,other,61000,manufacturer,https://www.garagegrowngear.com/products/scent-seal-odor-barrier-bag-by-adotec,14L: 2.2oz | 61g,
Adotec,Scent Seal Odor-Barrier Bag,Odor-proof bag,20L,volume_l=20,,other,67000,manufacturer,https://www.garagegrowngear.com/products/scent-seal-odor-barrier-bag-by-adotec,20L: 2.4oz | 67g,
Adotec,Scent Seal Odor-Barrier Bag,Odor-proof bag,9L,volume_l=9,,other,52000,manufacturer,https://www.garagegrowngear.com/products/scent-seal-odor-barrier-bag-by-adotec,9L: 1.8oz | 52g,
Adotec,Ultralight Food Locker,Bear bag,14L,volume_l=14,,other,199000,manufacturer,https://adotecgear.com/products/ultralight-food-locker-grizzly-bear-resistant-bag,14 Litre: '199 g (7.0 oz)'. 'The 14L version bag is certified Grizzly Bear Resistant by the Interagency Grizzly Bear Committee (IGBC). Certificate #245493.' (9L = 147 g / 5.3 oz and 20L = 226 g / 8.0 oz are not IGBC-certified.),
allmansright,Björn Food Bag,Food bag,,,volume_l,other,36000,manufacturer,https://www.garagegrowngear.com/products/bjorn-food-bag-m-by-allmansright,Weight: 1.27oz | 36g,
allmansright,Hölster Stake Sack,Stake bag,,,,other,4000,manufacturer,https://www.garagegrowngear.com/products/holster-stake-sack-s-by-allmansright,Weight: 0.14oz | 4g,
allmansright,Krafs Stuff Sack,Stuff sack,Large,size=L,volume_l,other,6800,manufacturer,https://www.garagegrowngear.com/products/krafs-stuff-sack-s-by-allmansright,Large: 0.24oz | 6.8g,
allmansright,Krafs Stuff Sack,Stuff sack,Medium,size=M,volume_l,other,5700,manufacturer,https://www.garagegrowngear.com/products/krafs-stuff-sack-s-by-allmansright,Medium: 0.2oz | 5.7g,
allmansright,Krafs Stuff Sack,Stuff sack,Small,size=S,volume_l,other,5000,manufacturer,https://www.garagegrowngear.com/products/krafs-stuff-sack-s-by-allmansright,Small: 0.18oz | 5g,
Alpha Pak,Adventure 2-Piece Dog Pack,Dog pack,Large,size=L,,other,635000,manufacturer,https://www.garagegrowngear.com/products/adventure-2-piece-dog-pack-by-alpha-pak,Large: 22.4oz | 635g,
Alpha Pak,Adventure 2-Piece Dog Pack,Dog pack,Medium,size=M,,other,499000,manufacturer,https://www.garagegrowngear.com/products/adventure-2-piece-dog-pack-by-alpha-pak,Medium: 17.6oz | 499g,
Alpine Gremlins,Dyneema WhisperSak,Stuff sack,"Small, 0.5L",size=S; volume_l=0.5,,other,1000,manufacturer,https://www.garagegrowngear.com/products/dyneema-whispersak-by-alpine-gremlins-copy,Small: 0.03oz | 1g,
Apex Giant,Bear Bag Toggle,Bear bag toggle,"Dogbone, Large",size=L,,other,5400,manufacturer,https://www.garagegrowngear.com/products/bear-bag-toggle-dogbone-version-by-hilltop-packs,Large: 0.19oz | 5.4g,
Apex Giant,Bear Bag Toggle,Bear bag toggle,"Dogbone, Small",size=S,,other,2500,manufacturer,https://www.garagegrowngear.com/products/bear-bag-toggle-dogbone-version-by-hilltop-packs,Small: 0.09oz | 2.5g,
Apex Giant,Bear Bag Toggle,Bear bag toggle,"Flat, Large",size=L,,other,5000,manufacturer,https://www.garagegrowngear.com/products/bear-bag-toggle-flat-version-by-hilltop-packs,Large: 0.17oz | 5g,
Apex Giant,Bear Bag Toggle,Bear bag toggle,"Flat, Small",size=S,,other,4000,manufacturer,https://www.garagegrowngear.com/products/bear-bag-toggle-flat-version-by-hilltop-packs,Small: 0.13oz | 4g,
Apex Giant,Dirt Diggler Trowel,Trowel,Small,size=S,,other,18000,manufacturer,https://www.garagegrowngear.com/products/dirt-diggler-trowel-by-hilltop-packs,Small: 0.63oz | 18g,
Apex Giant,Dirt Diggler Trowel,Trowel,X-Large,size=XL,,other,27000,manufacturer,https://www.garagegrowngear.com/products/dirt-diggler-trowel-by-hilltop-packs,X-Large: 0.95oz | 27g,
Apex Giant,Speed Hanger,Gear hooks,Large,size=L,,other,5700,manufacturer,https://www.garagegrowngear.com/products/bear-bag-toggle-titanium-speed-hangers,Large: 0.2oz | 5.7g,
Apex Giant,Speed Hanger,Gear hooks,Small,size=S,,other,1400,manufacturer,https://www.garagegrowngear.com/products/bear-bag-toggle-titanium-speed-hangers,Small: 0.05oz | 1.4g,
Atwood Rope MFG,Dyna X Paracord,Paracord,50ft,length=50ft,,other,62000,manufacturer,https://www.garagegrowngear.com/products/dyna-x-paracord-50-by-atwood-rope-mfg,Weight: 2.2oz | 62g,
Atwood Rope MFG,Reflective Micro Cord,Cord,"1.18mm, 125ft",length=125ft,,other,51000,manufacturer,https://www.garagegrowngear.com/products/1-18mm-reflective-micro-cord-125-by-atwood-rope-mfg,Weight: 1.8oz | 51g,
Atwood Rope MFG,Reflective Tactical Cord,Cord,"2.4mm, 50ft",length=50ft,,other,68000,manufacturer,https://www.garagegrowngear.com/products/2-4mm-reflective-tactical-cord-50-hank-by-atwood-rope-mfg,Weight: 2.4oz | 68g,
Backcountry Exposure,Aven Rock Sack,Rock sack,,,,other,5000,manufacturer,https://www.garagegrowngear.com/products/aven-rock-bag-by-backcountry-exposure,Weight: 0.2oz | 5g,
Backcountry Exposure,Ditty Bag,Stuff sack,Bigger Ditty,,volume_l,other,18000,manufacturer,https://www.garagegrowngear.com/products/ditty-bag-by-backcountry-exposure,Bigger Ditty: 0.67oz | 18g,
Backcountry Exposure,Ditty Bag,Stuff sack,Little Ditty,,volume_l,other,11000,manufacturer,https://www.garagegrowngear.com/products/ditty-bag-by-backcountry-exposure,Little Ditty: 0.4oz | 11g,
Backcountry Exposure,Mesa Food Bag,Food bag,Standard,volume_l=4.5,,other,38000,manufacturer,https://www.garagegrowngear.com/products/mesa-food-bag-by-backcountry-exposure,Standard: 1.34oz | 38g,
Backcountry Exposure,Mesa Food Bag,Food bag,X-Large,size=XL; volume_l=6.5,,other,60000,manufacturer,https://www.garagegrowngear.com/products/mesa-food-bag-by-backcountry-exposure,X-Large: 2.1oz | 60g,
Backcountry Exposure,Mesa Packing Cube,Packing cubes,1L,volume_l=1,,other,23000,manufacturer,https://www.garagegrowngear.com/products/mesa-packing-cubes-by-backcountry-exposure,1L: 0.81oz | 23g,
Backcountry Exposure,Mesa Packing Cube,Packing cubes,2L,volume_l=2,,other,30000,manufacturer,https://www.garagegrowngear.com/products/mesa-packing-cubes-by-backcountry-exposure,2L: 1.06oz | 30g,
Backcountry Exposure,Stake Sack,Stake bag,Large,size=L,,other,8000,manufacturer,https://www.garagegrowngear.com/products/stake-sack-by-backcountry-exposure,Large: 0.28oz | 8g,
Backcountry Exposure,Stake Sack,Stake bag,Small,size=S,,other,7000,manufacturer,https://www.garagegrowngear.com/products/stake-sack-by-backcountry-exposure,Small: 0.25oz | 7g,
Backcountry Exposure,Zipper Pouch,Pouch,Small,size=S,,other,11000,manufacturer,https://www.garagegrowngear.com/products/small-zipper-pouch-by-backcountry-exposure,Weight: 0.4oz | 11g,
BearVault,BV ONE Adjustable Bear Canister,Bear canister,,,volume_l,other,895000,manufacturer,https://bearvault.com/products/bv-one,"Weight: 1.97 lb (1 lb 15 oz / 895 g). 2026 release — first adjustable/telescoping canister (4.65-8.3L, IGBC #255500; not approved for Yosemite/SEKI).",
BearVault,BV425 Sprint Bear Canister,Bear canister,,volume_l=5,,other,793786,manufacturer,https://bearvault.com/products/bv425,Weight: 1.75 lb | 1 lb 12 oz | 800 g,
BearVault,BV450 Jaunt Bear Canister,Bear canister,,volume_l=7.2,,other,935535,manufacturer,https://bearvault.com/products/bv450,Weight: 2.1 lb | 2 lb 1 oz | 940 g,
BearVault,BV475 Trek Bear Canister,Bear canister,,volume_l=9.3,,other,1020583,manufacturer,https://bearvault.com/products/bv475,Weight: 2.25 lb | 2 lb 4 oz | 1.03 kg,
BearVault,BV500 Journey Bear Canister,Bear canister,,volume_l=11.5,,other,1162331,manufacturer,https://bearvault.com/products/bv500,Weight: 2.5 lb | 2 lbs 9 oz | 1.16 kg,
Big Sky International,Insulated Food Pouch,Food cozy,Large,size=L,,other,65000,manufacturer,https://www.garagegrowngear.com/products/insulite-insulated-food-pouch-by-big-sky-international,Large: 2.3oz | 65g,
Big Sky International,Insulated Food Pouch,Food cozy,Medium,size=M,,other,43000,manufacturer,https://www.garagegrowngear.com/products/insulite-insulated-food-pouch-by-big-sky-international,Medium: 1.5oz | 43g,
Big Sky International,Insulated Food Pouch,Food cozy,Small,size=S,,other,28000,manufacturer,https://www.garagegrowngear.com/products/insulite-insulated-food-pouch-by-big-sky-international,Small: 1oz | 28g,
Big Sky International,Tube Steak Tent Stake,Tent stakes,10in,length=10in,,other,17000,manufacturer,https://www.garagegrowngear.com/products/tube-steak-tent-stake-by-big-sky-international,"10"" stakes: 0.59oz | 17g",
Big Sky International,Tube Steak Tent Stake,Tent stakes,6in,length=6in,,other,9000,manufacturer,https://www.garagegrowngear.com/products/tube-steak-tent-stake-by-big-sky-international,"6"" stakes:  0.31oz | 9g",
Big Sky International,Tube Steak Tent Stake,Tent stakes,8in,length=8in,,other,14000,manufacturer,https://www.garagegrowngear.com/products/tube-steak-tent-stake-by-big-sky-international,"8"" stakes: 0.48oz | 14g",
Bioré,UV Athlizm Skin Protect Essence SPF50+,Sunscreen,70g,,,other,70000,manufacturer,https://japanesetaste.com/products/kao-biore-uv-athlizm-skin-protect-essence-sunscreen-spf50-70g,Net contents: 70g (2.5 oz),
Black Diamond,Alpine Carbon Cork Trekking Poles,Trekking poles,per pair,,,other,486000,manufacturer,https://www.garagegrowngear.com/products/alpine-carbon-cork-trekking-poles-by-black-diamond,Weight: 17.1oz | 486g (pair),
Black Diamond,Distance Carbon FLZ Trekking Poles,Trekking poles,"110-125cm, per pair",length=110-125cm,,other,340000,manufacturer,https://www.garagegrowngear.com/products/copy-of-distance-carbon-flz-trekking-poles-by-black-diamond,110 - 125cm: 12oz | 340g,
Black Diamond,Distance Carbon FLZ Trekking Poles,Trekking poles,"120-140cm, per pair",length=120-140cm,,other,368000,manufacturer,https://www.garagegrowngear.com/products/copy-of-distance-carbon-flz-trekking-poles-by-black-diamond,120 - 140cm: 13oz | 368g,
Black Diamond,Distance Carbon FLZ Trekking Poles,Trekking poles,"95-100cm, per pair",length=95-100cm,,other,312000,manufacturer,https://www.garagegrowngear.com/products/copy-of-distance-carbon-flz-trekking-poles-by-black-diamond,95 - 100cm:  11oz | 312g,
Black Diamond,Distance Carbon Z Trekking Poles,Trekking poles,"120cm, per pair",length=120cm,,other,280000,manufacturer,https://blackdiamondequipment.com/products/distance-carbon-z-poles,"Weight: 256 g, 264 g, 272 g, 280 g, 288 g, 296 g (105, 110, 115, 120, 125, 130cm); 120cm = 280 g [Catalog: stored value is the per-PAIR weight per OutdoorGearLab+REI.]",
Black Diamond,Distance FLZ Trekking Poles,Trekking poles,"110-125cm, per pair",length=110-125cm,,other,420000,manufacturer,https://www.garagegrowngear.com/products/distance-flz-trekking-poles-by-black-diamond,110 - 125cm: 14.8oz | 420g,
Black Diamond,Distance FLZ Trekking Poles,Trekking poles,"120-140cm, per pair",length=120-140cm,,other,450000,manufacturer,https://www.garagegrowngear.com/products/distance-flz-trekking-poles-by-black-diamond,120 - 140cm: 15.9oz | 450g,
Black Diamond,Distance FLZ Trekking Poles,Trekking poles,"95-100cm, per pair",length=95-100cm,,other,390000,manufacturer,https://www.garagegrowngear.com/products/distance-flz-trekking-poles-by-black-diamond,95 - 100cm:  13.8oz | 390g,
Black Diamond,Distance Spike Traction Device,Microspikes,,,,other,200000,manufacturer,https://blackdiamondequipment.com/products/distance-spike-traction-device,Weight: 200 g,
Black Diamond,Distance Z Trekking Poles,Trekking poles,per pair,,,other,347000,manufacturer,https://blackdiamondequipment.com/products/distance-z-trekking-running-poles,"Weight: 347 g, 357 g, 367 g, 387 g [Catalog: stored value is the per-PAIR weight per OutdoorGearLab+REI.]",
Black Diamond,Gridlock Triple Lock Carabiner,Carabiner,,,,other,90000,manufacturer,https://blackdiamondequipment.com/products/gridlock-triple-lock-carabiner,Weight: 90 g,
Black Diamond,HotForge Screwgate Carabiner,Carabiner,,,,other,50000,manufacturer,https://blackdiamondequipment.com/products/hotforge-screwgate-carabiner-3-pack,150 g (3-pack); 50 g per carabiner,
Black Diamond,HotForge Straight Gate Carabiner,Carabiner,,,,other,45000,manufacturer,https://blackdiamondequipment.com/products/hotforge-straight-gate-carabiner,Weight: 45 g,
Black Diamond,HotWire Carabiner,Carabiner,,,,other,40000,manufacturer,https://blackdiamondequipment.com/products/hotwire-carabiner,Weight: 40 g,
Black Diamond,LiteForge Screwgate Carabiner,Carabiner,,,,other,45000,manufacturer,https://blackdiamondequipment.com/products/liteforge-screwgate-carabiner,Weight: 45 g,
Black Diamond,LiteWire Carabiner,Carabiner,,,,other,32000,manufacturer,https://blackdiamondequipment.com/products/litewire-carabiner,Weight: 32 g,
Black Diamond,MiniWire Carabiner,Carabiner,,,,other,23000,manufacturer,https://blackdiamondequipment.com/products/miniwire-carabiner,Weight: 23 g,
Black Diamond,Oval Triple Lock Carabiner,Carabiner,,,,other,70000,manufacturer,https://blackdiamondequipment.com/products/oval-triple-lock-carabiner,Weight: 70 g,
Black Diamond,Pearlock Twistlock Carabiner,Carabiner,,,,other,84000,manufacturer,https://blackdiamondequipment.com/products/pearlock-twistlock-carabiner,Weight: 84 g,
Black Diamond,Raven Pro Ice Axe,Ice axe,55cm,length=55cm,,other,390000,manufacturer,https://blackdiamondequipment.com/products/raven-pro-ice-axe,"Weight: 370 g, 390 g, 410 g, 420 g, 440 g, 460 g",
Black Diamond,RockLock Screwgate Carabiner,Carabiner,,,,other,85000,manufacturer,https://blackdiamondequipment.com/products/rocklock-screwgate-carabiner,Weight: 85 g,
Black Diamond,RockLock Twistlock Carabiner,Carabiner,,,,other,89000,manufacturer,https://blackdiamondequipment.com/products/rocklock-twistlock-carbiner,Weight: 89 g,
Black Diamond,Trail Cork Trekking Poles,Trekking poles,per pair,,,other,494000,manufacturer,https://www.garagegrowngear.com/products/trail-cork-trekking-poles-by-black-diamond,Weight: 17.4oz | 494g (pair),
Black Diamond,Trail Ergo Cork Trekking Poles,Trekking poles,per pair,,,other,512000,manufacturer,https://gearheadoutfitters.com/products/trail-ergo-cork-trek-poles,Weight Per Pair: 512 g (1 lb 2 oz),
Black Diamond,Venom LT Classic Ice Axe,Ice axe,,,,other,240000,manufacturer,https://www.garagegrowngear.com/products/venom-lt-classic-piolet-ice-axe-by-black-diamond,Weight: 8.5oz | 240g,
BoglerCo,Ultralight Trowel,Trowel,,,,other,13500,manufacturer,https://www.garagegrowngear.com/products/ultralight-trowel-by-boglerco,Weight: 0.48oz | 13.5g,
Bonfus,DCF Ditty Bag,Stuff sack,,,volume_l,other,5000,manufacturer,https://www.garagegrowngear.com/products/dcf-ditty-bag-by-bonfus,Weight: 0.18oz | 5g,
Bonfus,DCF Dry Bag,Dry bag,Large,size=L,volume_l,other,29000,manufacturer,https://www.garagegrowngear.com/products/dcf-dry-bags-by-bonfus,Large: 1oz | 29g,
Bonfus,DCF Dry Bag,Dry bag,Medium,size=M,volume_l,other,19000,manufacturer,https://www.garagegrowngear.com/products/dcf-dry-bags-by-bonfus,Medium: 0.67oz | 19g,
Bonfus,DCF Dry Bag,Dry bag,Small,size=S,volume_l,other,15000,manufacturer,https://www.garagegrowngear.com/products/dcf-dry-bags-by-bonfus,Small: 0.53oz | 15g,
Bonfus,DCF Food Bag,Food bag,Large,size=L,volume_l,other,35000,manufacturer,https://www.garagegrowngear.com/products/dcf-food-bag-by-bonfus,Large: 1.2oz | 35g,
Bonfus,DCF Food Bag,Food bag,Medium,size=M,volume_l,other,25000,manufacturer,https://www.garagegrowngear.com/products/dcf-food-bag-by-bonfus,Medium: 0.9oz | 25g,
Bonfus,DCF Stuff Sack,Stuff sack,Large,size=L,volume_l,other,14000,manufacturer,https://www.garagegrowngear.com/products/dcf-stuff-sacks-by-bonfus,Large: 0.5oz | 14g,
Bonfus,DCF Stuff Sack,Stuff sack,Medium,size=M,volume_l,other,8000,manufacturer,https://www.garagegrowngear.com/products/dcf-stuff-sacks-by-bonfus,Medium:  0.28oz | 8g,
Bonfus,DCF Stuff Sack,Stuff sack,Small,size=S,volume_l,other,5000,manufacturer,https://www.garagegrowngear.com/products/dcf-stuff-sacks-by-bonfus,Small: 0.18oz | 5g,
Bonfus,DCF Tent Stake Sack,Stake bag,,,,other,3500,manufacturer,https://www.garagegrowngear.com/products/dcf-tent-stakes-sack-by-bonfus,Weight: 0.123oz | 3.5g,
Bonfus,Hip Belt Pocket,Hip belt pocket,,,,other,20000,manufacturer,https://www.garagegrowngear.com/products/hip-belt-pocket-by-bonfus,Weight: 0.7oz | 20g,
Bonfus,Shoulder Pouch,Shoulder pocket,Mesh,,,other,22000,manufacturer,https://www.garagegrowngear.com/products/shoulder-pouch-by-bonfus,Black Mesh: 0.77oz | 22g,
Bonfus,Shoulder Pouch,Shoulder pocket,Ultra 200,,,other,14000,manufacturer,https://www.garagegrowngear.com/products/shoulder-pouch-by-bonfus,White Ultra: 0.5oz | 14g,
Brautigam Expedition Works,Dirt Dart Titanium Tent Stake,Tent stakes,,,,other,11000,manufacturer,https://www.garagegrowngear.com/products/dirt-dart-titanium-tent-stakes-by-brautigam-expedition-works,Weight: 0.39oz | 11g (each),
Brautigam Expedition Works,G-Hook Quick-Release Buckle,Buckle,Titanium 1½in,,,other,33000,manufacturer,https://www.garagegrowngear.com/products/g-hook-quick-release-buckle-by-brautigam-expedition-works,"1 ½"":
Sold individually
Fits: up to 1 ½"" webbing | 3.8cm
Thickness: 0.13"" | 3mm
Weight: 1.16oz | 33g",
Brautigam Expedition Works,G-Hook Quick-Release Buckle,Buckle,Titanium ⅝in,,,other,3000,manufacturer,https://www.garagegrowngear.com/products/g-hook-quick-release-buckle-by-brautigam-expedition-works,"⅝"":
Sold as a 4-pack
Fits: up to ⅝"" webbing | 16mm
Thickness: 0.06"" | 1.5mm
Weight: 0.11oz | 3g",
Brautigam Expedition Works,Ptarmigan Titanium Snow Anchors,Snow anchors,,,,other,21000,manufacturer,https://www.garagegrowngear.com/products/ptarmigan-titanium-snow-anchors-by-brautigam-expedition-works,Weight: 0.74oz | 21g,
Brunton,Scout Glow Compass,Compass,,,,other,36000,manufacturer,https://www.garagegrowngear.com/products/scout-glow-compass-by-brunton,Weight: 1.3oz | 36g,
Brunton,TruArc 3 Compass,Compass,,,,other,31000,manufacturer,https://www.garagegrowngear.com/products/truarc-3-compass-by-brunton,Weight: 1.1oz | 31g,
Cam's Backpacking Gear,Tent Stake Pusher,Stake tool,,,,other,5000,manufacturer,https://www.garagegrowngear.com/products/tent-stake-pusher-by-cams-backpacking-gear,Weight: 0.2oz | 5g,
CAMP,Corsa Ice Axe,Ice axe,,,,other,232000,manufacturer,https://www.garagegrowngear.com/products/corsa-ice-axe-by-c-a-m-p,Weight: 8.2oz | 232g,
CAMP,Corsa Ice Axe,Ice axe,50cm,length=50cm,,other,209000,manufacturer,https://skimo.co/camp-corsa-ice-axe,209g [50] 248g [60],
CAMP,Corsa Nanotech Ice Axe,Ice axe,60cm,length=60cm,,other,277000,manufacturer,https://skimo.co/camp-corsa-nanotech-ice-axe,250g [50] 277g [60],
CAMP,Corsa Race Ice Axe,Ice axe,,,,other,185000,manufacturer,https://www.garagegrowngear.com/products/corsa-race-ice-axe-by-camp,Weight: 6.5oz | 185g,
CAMP,EKTO Lock Carabiner,Carabiner,,,,other,11000,manufacturer,https://www.garagegrowngear.com/products/ekto-lock-carabiner-by-c-a-m-p,Weight: 0.4oz | 11g,
Cascade Mountain Tech,Carbon Fiber Quick Lock Trekking Pole,Trekking poles,"Cork Grip, per pair",,,other,459262,manufacturer,https://cascademountaintech.com/products/carbon-fiber-hiking-trekking-pole-cork-grip,Single Pole Weight (without rubber tips): 8.1 oz = 16.2 oz / 459 g per pair (2× single).,
Cascade Wild,Ultralight Folding Table,Table,,,,other,65000,manufacturer,https://www.garagegrowngear.com/products/ultralight-table-by-cascade-wild,Weight: 2.3oz | 65g,
Chicken Tramper Gear,Bear Can Key,Bear can key,,,,other,4000,manufacturer,https://www.garagegrowngear.com/products/bear-can-key-by-chicken-tramper-gear,Weight: 0.14oz | 4g (total including anchor),
Chicken Tramper Gear,Hiker Hairbrush,Hairbrush,,,,other,28300,manufacturer,https://www.garagegrowngear.com/products/hiker-hairbrush-by-chicken-tramper-gear,Weight: 1oz | 28.3g,
Chicken Tramper Gear,Phone Pocket,Phone pocket,,,,other,43000,manufacturer,https://www.garagegrowngear.com/products/phone-pocket-by-chicken-tramper-gear,Weight: 1.5oz | 43g,
Chicken Tramper Gear,Stitch-All Ultralight Sewing Awl,Sewing awl,,,,other,10000,manufacturer,https://www.garagegrowngear.com/products/stitch-all-ultralight-sewing-awl-by-chicken-tramper-gear,Weight: 0.35oz | 10g,
Chicken Tramper Gear,Ultra Dog Bowl,Dog bowl,,,,other,45000,manufacturer,https://www.garagegrowngear.com/products/copy-of-ultralight-dcf-dog-bowl-by-chicken-tramper-gear,Weight: 1.6oz | 45g,
Chicken Tramper Gear,Water Bottle Sleeve,Bottle sleeve,Refill Short,,,other,49000,manufacturer,https://www.garagegrowngear.com/products/water-bottle-sleeve-by-chicken-tramper-gear,Refill Short: 1.7oz | 49g,
Chicken Tramper Gear,Water Bottle Sleeve,Bottle sleeve,Refill Tall,,,other,50000,manufacturer,https://www.garagegrowngear.com/products/water-bottle-sleeve-by-chicken-tramper-gear,Refill Tall: 1.8oz | 50g,
Chicken Tramper Gear,Water Bottle Sleeve,Bottle sleeve,Short,size=Short,,other,40000,manufacturer,https://www.garagegrowngear.com/products/water-bottle-sleeve-by-chicken-tramper-gear,Short: 1.4oz | 40g,
Chicken Tramper Gear,Water Bottle Sleeve,Bottle sleeve,Smartwater Tall,,,other,45000,manufacturer,https://www.garagegrowngear.com/products/water-bottle-sleeve-by-chicken-tramper-gear,Smartwater® Tall: 1.6oz | 45g,
Chicken Tramper Gear,Water Bottle Sleeve,Bottle sleeve,Wide,size=Wide,,other,48000,manufacturer,https://www.garagegrowngear.com/products/water-bottle-sleeve-by-chicken-tramper-gear,Wide: 1.7oz | 48g,
Chicken Tramper Gear,Zippered Shoulder Strap Pocket,Shoulder pocket,,,,other,48000,manufacturer,https://www.garagegrowngear.com/products/chest-strap-pocket-by-chicken-tramper-gear,Weight: 1.7oz | 48g,
Coghlan's,Egg Holder,Egg holder,6 egg,,,other,95000,manufacturer,https://coghlans.com/products/egg-holder-6-count,Egg Holder (6-count): 95 g (0.21 lb),
Cowboy Camping,Corral Cube,Packing cubes,Medium,size=M,,other,28000,manufacturer,https://www.garagegrowngear.com/products/corral-cube-by-cowboy-camping,Medium: 1oz | 28g,
Cowboy Camping,Corral Cube,Packing cubes,Small,size=S,,other,21000,manufacturer,https://www.garagegrowngear.com/products/corral-cube-by-cowboy-camping,Small: 0.7oz | 21g,
Cowboy Camping,Corral Cube,Packing cubes,X-Small,size=XS,,other,11000,manufacturer,https://www.garagegrowngear.com/products/corral-cube-by-cowboy-camping,X-Small: 0.4oz | 11g,
Cowboy Camping,Cowpoke Caddy,Pouch,,,,other,22000,manufacturer,https://www.garagegrowngear.com/products/cowpoke-caddy-by-cowboy-camping,Weight: 0.8oz | 22g,
Cowboy Camping,Range Rider,Pouch,,,,other,12000,manufacturer,https://www.garagegrowngear.com/products/range-rider-by-cowboy-camping,Weight: 0.4oz | 12g,
Cowboy Camping,Saddle Bag,Saddle bag,Medium,size=M,,other,70000,manufacturer,https://www.garagegrowngear.com/products/saddle-bag-by-cowboy-camping,Medium: 2.5oz | 70g,
Cowboy Camping,Saddle Bag,Saddle bag,Small,size=S,,other,55000,manufacturer,https://www.garagegrowngear.com/products/saddle-bag-by-cowboy-camping,Small: 1.9oz | 55g,
Cowboy Camping,Saloon Slimfold Wallet,Wallet,,,,other,10000,manufacturer,https://www.garagegrowngear.com/products/saloon-slimfold-wallet-by-cowboy-camping,Weight: 0.4oz | 10g,
Cowboy Camping,The Dust Buster,Brush,,,,other,36000,manufacturer,https://www.garagegrowngear.com/products/the-dust-buster-by-cowboy-camping,Weight: 1.2oz | 36g,
Crystal Creek Gear,GoReel Hand Reel,Cord reel,,,,other,30000,manufacturer,https://www.garagegrowngear.com/products/goreel-hand-reel-line-lock-by-crystal-creek-gear,GoReel: 1.06oz | 30g,
Crystal Creek Gear,GoReel Pro Hand Reel,Cord reel,,,,other,65000,manufacturer,https://www.garagegrowngear.com/products/goreel-pro-hand-reel-by-crystal-creek-gear,GoReel Pro: 2.29oz | 65g,
Crystal Creek Gear,LineLock,Line tensioner,,,,other,4000,manufacturer,https://www.garagegrowngear.com/products/linelock-by-crystal-creek-gear,Weight: 0.14oz | 4g,
CuloClean,Portable Bidet,Bidet,,,,other,12000,manufacturer,https://www.garagegrowngear.com/products/portable-bidet-by-culoclean,Weight: 0.42oz | 12g,
CW&T x Gnuhr,Pen Type-C Ultra,Pen,,,,other,12800,manufacturer,https://www.gnuhr.com/products/cw-and-t-gnuhr-pen-type-c-ultra,Weighs 12.8g,
DAC,J Stake,Tent stakes,6in,length=6in,,other,7000,manufacturer,https://durstongear.com/products/spare-tent-parts,"'Stake packs include the stake sack and a total of 8 DAC stakes. The 8 DAC stakes are provided in two sizes (6"" and 8"") with 4 of each length. These stakes weigh 7g and 16g respectively.' (The stakes Durston ships with the X-Mid and X-Dome tents.)",
DAC,J Stake,Tent stakes,8in,length=8in,,other,16000,manufacturer,https://durstongear.com/products/spare-tent-parts,"'The 8 DAC stakes are provided in two sizes (6"" and 8"") with 4 of each length. These stakes weigh 7g and 16g respectively.'",
Dangle Supply,Lil Slugger Titanium One Hitter,One hitter,,,,other,8500,manufacturer,https://www.garagegrowngear.com/products/lil-slugger-titanium-one-hitter-for-dugouts-by-dangle-supply,Weight: 0.3oz | 8.5g,
Derma-Safe,Folding Knife,Knife,,,,other,8000,manufacturer,https://www.garagegrowngear.com/products/derma-safe-knife-by-derma-safe,Weight: 0.27oz | 8g,
District Vision,Junya Racer,Sunglasses,,,,other,24000,manufacturer,https://districtvision.com/products/junya-racer-black-d-g15,Total Weight 24g,
District Vision,Kazu Tourer Sunglasses,Sunglasses,,,,other,22000,manufacturer,https://twelvesixtynine.com/products/kazu-tourer-glacier-blue-ice,Weight: 22 Grams,
District Vision,Keiichi Sunglasses,Sunglasses,,,,other,22000,manufacturer,https://twelvesixtynine.com/products/district-vision-keiichi-grey-calm-tech,Weight: 22 Grams,
District Vision,Koharu Eclipse,Sunglasses,,,,other,21000,manufacturer,https://districtvision.com/products/koharu-eclipse-black-d-onyx-mirror,Total Weight 21g,
District Vision,Linto Rider,Sunglasses,,,,other,24000,manufacturer,https://districtvision.com/products/linto-gravel-rider-sand-d-blue-ice,Total Weight 24g,
District Vision,Mami Vantage Ti,Sunglasses,,,,other,23000,manufacturer,https://districtvision.com/products/mami-vantage-ti-glossy-graphite-d-blue-gradient,Total Weight 23g,
District Vision,Momoka Pacer,Sunglasses,,,,other,21000,manufacturer,https://districtvision.com/products/momoka-pacer-veridian-d-onyx-mirror,Total Weight 21g,
District Vision,Nagata Speed Blade,Sunglasses,,,,other,23000,manufacturer,https://districtvision.com/products/nagata-speed-blade-black-d-g15,Total Weight 23g,
District Vision,Nako Sunglasses,Sunglasses,,,,other,22000,manufacturer,https://www.sportique.com/products/district-vision-nako-black-sunglasses-district-sky-g15,Weight: 22 g,
District Vision,Takeyoshi Altitude Master,Sunglasses,,,,other,24000,manufacturer,https://districtvision.com/products/takeyoshi-altitude-master-flint-d-silver-flash-mirror,Total Weight 24g,
District Vision,Yukari Windshield,Sunglasses,,,,other,24000,manufacturer,https://districtvision.com/products/yukari-windshield-glossy-black-d-water-grey,Total Weight 24g,
Durston,Iceline Trekking Poles,Trekking poles,"Strapless, per pair",,,other,268000,manufacturer,https://durstongear.com/products/iceline-trekking-poles,"Strapless: '134 g (4.7 oz) per pole' (poles, no baskets, no hand straps) = 268 g / 9.4 oz per pair. Durston reviews/marketing cite '9.4 oz/pair'; manufacturer product page states the figure per pole.",
Durston,Iceline Trekking Poles,Trekking poles,"Strapped, per pair",,,other,290000,manufacturer,https://durstongear.com/products/iceline-trekking-poles,Strap version (separate option on same product): '145 g (5.1 oz) per pole' = 290 g / 10.2 oz per pair.,
Durston,X-Mid Stargazer Kit,Rigging kit,,,,other,22680,manufacturer,https://durstongear.com/products/stargazer-kit,WEIGHT Connectors: 0.25 oz (7 g) x 2 - Guylines: 0.15 oz (5 g) x 2 - Complete Kit 0.8 oz (24 g). COMPATABILITY All 2025 X-Mid tents except Pro series.,
Durston,Z-Flick Tent Pole,Tent poles,per pair,,,other,176000,manufacturer,https://durstongear.com/products/z-flick-tent-pole,"'Weight 88 g (3.1 oz) per pole' — sold singly or as a pair, so a pair is 176 g / 6.2 oz.",
Durston,Z-Flick Tent Pole,Tent poles,per pole,,,other,88000,manufacturer,https://durstongear.com/products/z-flick-tent-pole,"SPECIFICATIONS Weight 88 g (3.1 oz) per pole Packed Length 12.25"" (31 cm) Adjustment Range 43.5 - 51.5"" (111 - 131 cm).",
ENO,Atlas Suspension Straps,Hammock straps,,,,other,255146,manufacturer,https://eaglesnestoutfittersinc.com/products/atlas-hammock-straps,Weight: 9 oz / 255 g,
ENO,Atlas XL Suspension Straps,Hammock straps,,,,other,368544,manufacturer,https://gearheadoutfitters.com/products/atlas-xl,Weight: 13oz / 369g,
ENO,Helios Ultralight Suspension Straps,Hammock straps,,,,other,121903,manufacturer,https://www.nrs.com/eno-helios-suspension-system/psm7,4.3 oz (122g),
Etowah Outfitters,Dyneema Pack Cover,Pack cover,Small,size=S,,other,28000,manufacturer,https://www.garagegrowngear.com/products/dyneema-packcover-by-etowah-outfitters,Small: 1oz | 28g,
Etowah Outfitters,Dyneema Pack Cover,Pack cover,X-Small,size=XS,,other,17000,manufacturer,https://www.garagegrowngear.com/products/dyneema-packcover-by-etowah-outfitters,Weight: (minimum) X-Small: 0.6oz | 17g,
Etowah Outfitters,Silnylon Pack Cover,Pack cover,Small,size=S,,other,62369,manufacturer,https://www.garagegrowngear.com/products/silnylon-pack-cover-by-etowah-outfitters,Small: 2.2oz | 62oz,
Etowah Outfitters,Silnylon Pack Cover,Pack cover,X-Small,size=XS,,other,48000,manufacturer,https://www.garagegrowngear.com/products/silnylon-pack-cover-by-etowah-outfitters,X-Small: 1.7oz | 48g,
Fisher Space Pen,Backpacker Pen,Pen,,,,other,15000,manufacturer,https://www.garagegrowngear.com/products/backpacker-pen-by-fisher-space-pen,Weight: 0.5oz | 15g,
Fisher Space Pen,Stowaway Space Pen,Pen,,,,other,6000,manufacturer,https://www.garagegrowngear.com/products/stowaway-space-pen-by-fisher-space-pen,Weight: 0.2oz | 6g,
FKT Gear,Convoluted Bliss Sunglasses,Sunglasses,,,,other,29400,manufacturer,https://www.garagegrowngear.com/products/convoluted-bliss-sunglasses-by-fkt-gear,Weight: 1.04oz | 29.4g (sunglasses),
FKT Gear,Easy Does It Sunglasses,Sunglasses,,,,other,26700,manufacturer,https://www.garagegrowngear.com/products/easy-does-it-sunglasses-by-fkt-gear,Weight: 0.94oz | 26.7g (sunglasses),
FKT Gear,High Lonesome Sunglasses,Sunglasses,,,,other,29100,manufacturer,https://www.garagegrowngear.com/products/high-lonesome-sunglasses-by-fkt-gear,Weight: 1.02oz | 29.1g (sunglasses),
FKT Gear,Lickskillet Sunglasses,Sunglasses,,,,other,26500,manufacturer,https://www.garagegrowngear.com/products/lickskillet-sunglasses-by-fkt-gear,Weight: 0.94oz | 26.5g (sunglasses),
FKT Gear,Mineral King Sunglasses,Sunglasses,,,,other,29200,manufacturer,https://www.garagegrowngear.com/products/mineral-king-sunglasses-by-fkt-gear,Weight: 1.03oz | 29.2g (sunglasses),
FKT Gear,The Beaten Path Sunglasses,Sunglasses,,,,other,26800,manufacturer,https://www.garagegrowngear.com/products/the-beaten-path-sunglasses-by-fkt-gear,Weight: 0.95oz | 26.8g (sunglasses),
Flowfold,Minimalist Card Holder,Wallet,,,,other,14000,manufacturer,https://www.garagegrowngear.com/products/minimalist-by-flowfold,Weight: 0.5oz | 14g,
Flowfold,Vanguard Wallet,Wallet,,,,other,20000,manufacturer,https://www.garagegrowngear.com/products/vanguard-by-flowfold,Weight: 0.7oz | 20g,
Garage Grown Gear,Bamboo Toothbrush,Toothbrush,,,,other,9000,manufacturer,https://www.garagegrowngear.com/products/bamboo-toothbrush,Weight: 0.32oz | 9g,
Garage Grown Gear,Dropper Bottle,Dropper bottle,10ml,volume_l=0.01,,other,4000,manufacturer,https://www.garagegrowngear.com/products/dropper-bottles-by-garage-grown-gear,10ml: 0.1oz | 4g,
Garage Grown Gear,Dropper Bottle,Dropper bottle,15ml,volume_l=0.015,,other,5000,manufacturer,https://www.garagegrowngear.com/products/dropper-bottles-by-garage-grown-gear,15ml: 0.1oz | 5g,
Garage Grown Gear,Golf Pencil,Pencil,,,,other,2800,manufacturer,https://www.garagegrowngear.com/products/golf-pencil,Weight: 0.1oz | 2.8g,
Garage Grown Gear,Nail Clipper,Nail clippers,,,,other,11000,manufacturer,https://www.garagegrowngear.com/products/nail-clipper,Weight: 0.4oz | 11g,
Garage Grown Gear,Sit Pad,Sit pad,,,,other,28000,manufacturer,https://www.garagegrowngear.com/products/sit-pads,Weight: 1oz | 28g,
Gear Aid,Repair Kit,Repair kit,Aquaseal FD Repair Kit,,,other,37000,manufacturer,https://www.garagegrowngear.com/products/repair-kits-by-gear-aid,Weight: 1.3oz | 37g,
Gear Aid,Repair Kit,Repair kit,Seam Grip WP Field Repair Kit,,,other,37000,manufacturer,https://www.garagegrowngear.com/products/repair-kits-by-gear-aid,Weight: 1.3oz | 37g,
Gear Aid,Repair Kit,Sewing kit,Sewing Kit,,,other,34000,manufacturer,https://www.garagegrowngear.com/products/repair-kits-by-gear-aid,Weight: 1.2oz | 34g,
Gear Aid,Tenacious Tape Gear Patches,Repair patches,"Camping, Wildlife, Outdoor",,,other,23000,manufacturer,https://www.garagegrowngear.com/products/tenacious-tape-gear-patches-by-gear-aid,Weight: 0.8oz | 23g,
Gear Aid,Tenacious Tape Gear Patches,Repair patches,GORE-TEX Fabric,,,other,14000,manufacturer,https://www.garagegrowngear.com/products/tenacious-tape-gear-patches-by-gear-aid,Weight: 0.5oz | 14g,
Gear Aid,Tenacious Tape Gear Patches,Repair patches,Repair,,,other,17000,manufacturer,https://www.garagegrowngear.com/products/tenacious-tape-gear-patches-by-gear-aid,Weight: 0.6oz | 17g,
Glacial Gear,Trail Rag Elite,Towel,,,,other,17000,manufacturer,https://www.garagegrowngear.com/products/trail-rag-elite-by-glacial-gear,Weight: 0.6oz | 17g,
goodr,OG,Sunglasses,,,,other,22100,measured,https://www.packhacker.com/travel-gear/goodr/og-sunglasses/,0.78 oz (22.1 g),
Gossamer Gear,Alchemy Hipbelt Pocket,Hip belt pocket,,,,other,20000,manufacturer,https://www.garagegrowngear.com/products/alchemy-hipbelt-pocket-by-gossamer-gear,Weight: 0.7oz | 20g,
Gossamer Gear,Alchemy Shoulder Strap Pocket,Shoulder pocket,,,,other,25500,manufacturer,https://www.garagegrowngear.com/products/alchemy-shoulder-strap-pocket-by-gossamer-gear,Weight: 0.9oz | 25.5g,
Gossamer Gear,Bottle Rocket,Bottle holder,,,,other,48000,manufacturer,https://www.garagegrowngear.com/products/bottle-rocket-by-gossamer-gear,Weight: 1.7oz | 48g,
Gossamer Gear,Clear Waterproof Pack Liners,Pack liner,,,,other,40000,manufacturer,https://www.garagegrowngear.com/products/clear-waterproof-pack-liners-by-gossamer-gear,Weight: 1.4oz | 40g (each),
Gossamer Gear,Ditty Storage Sack,Stuff sack,Large,size=L,volume_l,other,15000,manufacturer,https://www.garagegrowngear.com/products/ditty-storage-sacks-by-gossamer-gear,Large: 0.5oz | 15g,
Gossamer Gear,Ditty Storage Sack,Stuff sack,Small,size=S,volume_l,other,12000,manufacturer,https://www.garagegrowngear.com/products/ditty-storage-sacks-by-gossamer-gear,Small: 0.4oz | 12g,
Gossamer Gear,Fast Belt,Hip belt,,,,other,94000,manufacturer,https://www.garagegrowngear.com/products/fastbelt-by-gossamer-gear,Weight: 3.3oz | 94g,
Gossamer Gear,Feedbag,Snack pouch,,,,other,37000,manufacturer,https://www.garagegrowngear.com/products/feedbag-by-gossamer-gear,Weight: 1.3oz | 37g,
Gossamer Gear,FT3 Carbon Fiber Folding Trekking Poles,Trekking poles,per pair,,,other,356000,manufacturer,https://www.garagegrowngear.com/products/ft3-carbon-fiber-folding-trekking-poles-by-gossamer-gear,Weight: 12.56oz | 356g (pair),
Gossamer Gear,Handsfree Umbrella Clamp,Umbrella mount,,,,other,4000,manufacturer,https://www.garagegrowngear.com/products/handsfree-umbrella-clamp-by-gossamer-gear,Weight: 0.15oz | 4g,
Gossamer Gear,Lightrek Hiking Umbrella,Umbrella,,,,other,164427,manufacturer,https://www.gossamergear.com/products/liteflex-hiking-chrome-umbrella,Weight: 5.8 oz / 164.4 g,
Gossamer Gear,Little Sit Pad,Sit pad,,,,other,49000,manufacturer,https://www.garagegrowngear.com/products/little-sit-pads-by-gossamer-gear,Weight: 1.7oz | 49g,
Gossamer Gear,LT5 Three Piece Carbon Trekking Poles,Trekking poles,per pair,,,other,277825,manufacturer,https://www.gossamergear.com/products/lt5-three-piece-carbon-trekking-poles-pair,"4.9 oz / 139 g each = 9.8 oz / 278 g per pair. At just 4.9 oz per pole, the LT5s are among the lightest 3-piece trekking poles on the planet.",
Gossamer Gear,Nylofume Pack Liner Bag,Pack liner,,,,other,25798,manufacturer,https://www.litesmith.com/nylofume-pack-liner-bags/,Weight: 0.91 oz (25.9 g),
Gossamer Gear,Oasis Ditty,Stuff sack,,,volume_l,other,14000,manufacturer,https://www.garagegrowngear.com/products/oasis-ditty-by-gossamer-gear,"At 0.5 ounces (14g), it's a nearly weightless ditty bag.",
Gossamer Gear,Pack Bungee Attachment,Bungee cord,,,,other,4000,manufacturer,https://www.garagegrowngear.com/products/lightrek-pack-bungee-attachment-by-gossamer-gear,Weight: 0.15oz | 4g,
Gossamer Gear,Pack Jacket,Pack cover,,,,other,82200,manufacturer,https://www.garagegrowngear.com/products/pack-jacket-by-gossamer-gear,Weight: 2.9oz | 82.2g,
Gossamer Gear,Pot Pocket,Pouch,Large,size=L,,other,26000,manufacturer,https://www.garagegrowngear.com/products/potpocket-by-gossamer-gear,Large: 0.9oz | 26g,
Gossamer Gear,Pot Pocket,Pouch,Medium,size=M,,other,20000,manufacturer,https://www.garagegrowngear.com/products/potpocket-by-gossamer-gear,Medium: 0.7oz | 20g,
Gossamer Gear,Snack Sack,Snack pouch,,,,other,37000,manufacturer,https://www.garagegrowngear.com/products/snack-sack-by-gossamer-gear,Weight: 1.3oz | 37g,
Gossamer Gear,Stake Bag,Stake bag,,,,other,8000,manufacturer,https://www.garagegrowngear.com/products/stake-bag-by-gossamer-gear,Weight: 0.3oz | 8g,
Gossamer Gear,The Crotch Pot,Pouch,,,,other,16000,manufacturer,https://www.garagegrowngear.com/products/the-crotch-pot-by-gossamer-gear,Weight: 0.56oz | 16g total,
Gossamer Gear,Top Shelf,Pack pocket,,,,other,8500,manufacturer,https://www.garagegrowngear.com/products/the-top-shelf-by-gossamer-gear,Weight: 0.3oz | 8.5g,
Gossamer Gear,Whisper Pole Set,Tent poles,,,,other,142000,manufacturer,https://www.garagegrowngear.com/products/whisper-pole-set-by-gossamer-gear,Weight: 5oz | 142g,
Grifiti,Cross Band,Rubber bands,12in,length=12in,,other,27000,manufacturer,https://www.garagegrowngear.com/products/cross-bands-6-by-grifiti,"12"": 1oz | 27g",
Grifiti,Cross Band,Rubber bands,4in,length=4in,,other,7000,manufacturer,https://www.garagegrowngear.com/products/cross-bands-6-by-grifiti,"4"": 0.2oz | 7g",
Grifiti,Cross Band,Rubber bands,6in,length=6in,,other,8000,manufacturer,https://www.garagegrowngear.com/products/cross-bands-6-by-grifiti,"6"": 0.3oz | 8g",
Grifiti,Cross Band,Rubber bands,9in,length=9in,,other,15000,manufacturer,https://www.garagegrowngear.com/products/cross-bands-6-by-grifiti,"9"": 0.5oz | 15g",
Hartford Gear Co.,Pack Pod Case,Pouch,,,,other,23000,manufacturer,https://www.garagegrowngear.com/products/pack-pod-pencil-case-by-hartford-gear-co-1,Weight: 0.8oz | 23g,
Hartford Gear Co.,Stake Bag,Stake bag,Large,size=L,,other,5000,manufacturer,https://www.garagegrowngear.com/products/stake-bag-by-hartford-gear-co,Large: 0.18oz | 5g,
Hartford Gear Co.,Stake Bag,Stake bag,Small,size=S,,other,4000,manufacturer,https://www.garagegrowngear.com/products/stake-bag-by-hartford-gear-co,Small: 0.14oz | 4g,
Hartford Gear Co.,Trail Pouch,Pouch,"Dyneema, Large",size=L,,other,11000,manufacturer,https://www.garagegrowngear.com/products/ultralight-pouches-by-hartford-gear-co,Large: 0.4oz | 11g,
Hartford Gear Co.,Trail Pouch,Pouch,"Dyneema, Medium",size=M,,other,8000,manufacturer,https://www.garagegrowngear.com/products/ultralight-pouches-by-hartford-gear-co,Medium: 0.3oz | 8g,
Hartford Gear Co.,Trail Pouch,Pouch,"Dyneema, Small",size=S,,other,7000,manufacturer,https://www.garagegrowngear.com/products/ultralight-pouches-by-hartford-gear-co,Small: 0.2oz | 7g,
Hartford Gear Co.,Trail Pouch,Pouch,"Ultra 100X, Large",size=L,,other,14000,manufacturer,https://www.garagegrowngear.com/products/ultralight-pouches-by-hartford-gear-co,Large: 0.5oz | 14g,
Hartford Gear Co.,Trail Pouch,Pouch,"Ultra 100X, Medium",size=M,,other,10000,manufacturer,https://www.garagegrowngear.com/products/ultralight-pouches-by-hartford-gear-co,Medium: 0.35oz | 10g,
Hartford Gear Co.,Trail Pouch,Pouch,"Ultra 100X, Small",size=S,,other,8000,manufacturer,https://www.garagegrowngear.com/products/ultralight-pouches-by-hartford-gear-co,Small: 0.3oz | 8g,
Hawbuck,Lean Wallet Solid,Wallet,,,,other,5000,manufacturer,https://www.garagegrowngear.com/products/lean-wallet-black-by-hawbuck,Weight: 0.17oz | 5g,
Hawbuck,Lean Wallet Topo,Wallet,,,,other,5000,manufacturer,https://www.garagegrowngear.com/products/lean-topo-wallet-by-hawbuck,Weight: 0.17oz | 5g,
Helinox,Chair One,Camp chair,,,,other,893000,manufacturer,https://helinox.com/products/chair-one,Assembled weight: 1 lb 15 oz / 893 g (packed weight: 2 lb 2 oz / 965 g),
Helinox,Chair Zero,Camp chair,chair only,,,other,490000,manufacturer,https://www.outdoorline.eu/products/helinox-chair-zero,Chair weight (without case): 490 g / 1.1 lbs; with case: 510 g / 1.1 lbs,
Helinox,Speed Stool,Camp stool,,,,other,454000,manufacturer,https://www.garagegrowngear.com/products/speed-stool-by-helinox,Weight: 16oz | 454g,
Helinox,Vibram Ball Feet,Chair feet,"set of 4, 55mm",,,other,297670,manufacturer,https://helinox.com/products/vibram-ball-feet-set,"55mm: Four feet pack into a 10"" x 4.5"" cinch bag. Weighs 10.5 oz when packed.",
High Tail Designs,Printed Dyneema Drawstring Stuff Sack,Stuff sack,,volume_l=1,,other,6800,manufacturer,https://www.garagegrowngear.com/products/ultralight-drawstring-stuff-sack-by-high-tail-designs,Weight: 0.24oz | 6.8g,
High Tail Designs,Printed Dyneema Roll-Top Sack,Stuff sack,3.5L,volume_l=3.5,,other,17000,manufacturer,https://www.garagegrowngear.com/products/dyneema-roll-top-sack-by-high-tail-designs,3.5L: 0.6oz | 17g,
High Tail Designs,Printed Dyneema Roll-Top Sack,Stuff sack,9L,volume_l=9,,other,26000,manufacturer,https://www.garagegrowngear.com/products/dyneema-roll-top-sack-by-high-tail-designs,9L: 0.9oz | 26g,
High Tail Designs,Printed TX50 Roll-Top Stuff-Sack,Stuff sack,4.5L,volume_l=4.5,,other,27000,manufacturer,https://www.garagegrowngear.com/products/tx50-roll-top-sack-by-high-tail-designs,4.7L: 1oz | 27g,
High Tail Designs,Printed TX50 Roll-Top Stuff-Sack,Stuff sack,6.5L,volume_l=6.5,,other,31000,manufacturer,https://www.garagegrowngear.com/products/tx50-roll-top-sack-by-high-tail-designs,6.5L: 1.1oz | 31g,
HikeLight,Double Ended Stuff Sack,Stuff sack,Medium,size=M,volume_l,other,10000,manufacturer,https://www.garagegrowngear.com/products/double-ended-stuff-sack-by-hikelight,Medium: 0.35oz | 10g,
HikeLight,Double Ended Stuff Sack,Stuff sack,Small,size=S,volume_l,other,8000,manufacturer,https://www.garagegrowngear.com/products/double-ended-stuff-sack-by-hikelight,Small: 0.28oz | 8g,
HikeLight,Dyneema Tent Pole Bag,Pole bag,Large,size=L,,other,5000,manufacturer,https://www.garagegrowngear.com/products/dyneema-tent-pole-bag-by-hikelight,Large: 0.18oz | 5g,
HikeLight,Dyneema Tent Pole Bag,Pole bag,Medium,size=M,,other,4700,manufacturer,https://www.garagegrowngear.com/products/dyneema-tent-pole-bag-by-hikelight,Medium: 0.17oz | 4.7g,
HikeLight,Dyneema Tent Pole Bag,Pole bag,Small,size=S,,other,4000,manufacturer,https://www.garagegrowngear.com/products/dyneema-tent-pole-bag-by-hikelight,Small: 0.14oz | 4g,
HikeLight,Dyneema Tent Vestibule Mat,Vestibule mat,,,,other,20000,manufacturer,https://www.garagegrowngear.com/products/tent-vestibule-mat-by-hikelight,Weight: 0.7oz | 20g,
Hillsound,BTR Stool,Camp stool,14in,,,other,346000,manufacturer,https://www.garagegrowngear.com/products/btr-stool-by-hillsound,"14"" Version: 12.2oz | 346g",
Hillsound,BTR Stool,Camp stool,17in,,,other,400000,manufacturer,https://www.garagegrowngear.com/products/btr-stool-by-hillsound,"17"" Version: 14.1oz | 400g",
Hillsound,Trail Crampon,Crampons,,,,other,462097,manufacturer,https://hillsound.com/products/trail-crampon,16.3 oz | 462 g (pair) (Excluding carrying case),
Hilltop Packs,Cord Winder,Cord reel,,,,other,12000,manufacturer,https://www.garagegrowngear.com/products/cord-winder-by-hilltop-packs,Weight: 0.4oz | 12g,
Hilltop Packs,Food Bag,Food bag,"ECOPAK, Large",size=L,volume_l,other,88000,manufacturer,https://www.garagegrowngear.com/products/food-bag-eco-line-by-hilltop-packs,Large: 3.1oz | 88g,
Hilltop Packs,Food Bag,Food bag,"ECOPAK, Small",size=S,volume_l,other,60000,manufacturer,https://www.garagegrowngear.com/products/food-bag-eco-line-by-hilltop-packs,Small: 2.1oz | 60g,
Hilltop Packs,Food Bag,Food bag,"Vivid Series, Large",size=L,volume_l,other,45000,manufacturer,https://www.garagegrowngear.com/products/food-bag-by-hilltop-packs,Large: 1.6oz | 45g,
Hilltop Packs,Food Bag,Food bag,"Vivid Series, Small",size=S,volume_l,other,40000,manufacturer,https://www.garagegrowngear.com/products/food-bag-by-hilltop-packs,Small: 1.4oz | 40g,
Hilltop Packs,Roll-Top Dry Bag,Dry bag,"Jumbo, 11L",size=Jumbo; volume_l=11,,other,41000,manufacturer,https://www.garagegrowngear.com/products/roll-top-dry-bags-ecopak-by-hilltop-packs,Jumbo: 1.46oz | 41g,
Hilltop Packs,Roll-Top Dry Bag,Dry bag,"Large, 7.5L",size=L; volume_l=7.5,,other,35000,manufacturer,https://www.garagegrowngear.com/products/roll-top-dry-bags-ecopak-by-hilltop-packs,Large: 1.25oz | 35g,
Hilltop Packs,Roll-Top Dry Bag,Dry bag,"Medium, 2.5L",size=M; volume_l=2.5,,other,20000,manufacturer,https://www.garagegrowngear.com/products/roll-top-dry-bags-ecopak-by-hilltop-packs,Medium: 0.71oz | 20g,
Hilltop Packs,Roll-Top Dry Bag,Dry bag,"Printed, Medium",size=M; volume_l=2.5,,other,20000,manufacturer,https://www.garagegrowngear.com/products/printed-dry-bag-by-hilltop-packs,Medium: 0.71oz | 20g,
Hilltop Packs,Roll-Top Dry Bag,Dry bag,"Small, 0.6L",size=S; volume_l=0.6,,other,13000,manufacturer,https://www.garagegrowngear.com/products/roll-top-dry-bags-ecopak-by-hilltop-packs,Small: 0.46oz | 13g,
Hilltop Packs,Stuff Sack,Stuff sack,Jumbo,size=Jumbo; volume_l=9.5,,other,31000,manufacturer,https://www.garagegrowngear.com/products/dry-bags-roll-top-ecopak-by-hilltop-packs,Jumbo: 1.1oz | 31g,
Hilltop Packs,Stuff Sack,Stuff sack,Large,size=L; volume_l=4.5,,other,23000,manufacturer,https://www.garagegrowngear.com/products/dry-bags-roll-top-ecopak-by-hilltop-packs,Large: 0.8oz | 23g,
Hilltop Packs,Stuff Sack,Stuff sack,Medium,size=M; volume_l=2.5,,other,16000,manufacturer,https://www.garagegrowngear.com/products/dry-bags-roll-top-ecopak-by-hilltop-packs,Medium: 0.55oz | 16g,
Hilltop Packs,Stuff Sack,Stuff sack,Small,size=S; volume_l=0.6,,other,9000,manufacturer,https://www.garagegrowngear.com/products/dry-bags-roll-top-ecopak-by-hilltop-packs,Small: 0.3oz | 9g,
Hilltop Packs,Whistle,Whistle,Double Barrel,,,other,6800,manufacturer,https://www.garagegrowngear.com/products/double-barrel-whistle-by-hilltop-packs,Weight: 0.24oz | 6.8g,
Hilltop Packs,Whistle,Whistle,Single Barrel,,,other,3600,manufacturer,https://www.garagegrowngear.com/products/double-barrel-whistle-by-hilltop-packs,Weight: 0.12oz | 3.6g,
Hilltop Packs,Zipper Pouch,Pouch,"Printed, Large",size=L,,other,14000,manufacturer,https://www.garagegrowngear.com/products/zipper-pouches-printed-by-hilltop-packs,Large: 0.48oz | 14g,
Hilltop Packs,Zipper Pouch,Pouch,"Printed, Medium",size=M,,other,10000,manufacturer,https://www.garagegrowngear.com/products/zipper-pouches-printed-by-hilltop-packs,Medium: 0.37oz | 10g,
Hilltop Packs,Zipper Pouch,Pouch,"Printed, Small",size=S,,other,7000,manufacturer,https://www.garagegrowngear.com/products/zipper-pouches-printed-by-hilltop-packs,Small: 0.25oz | 7g,
Holey Hiker,Bidet,Bidet,,,,other,4000,manufacturer,https://www.garagegrowngear.com/products/holey-hiker-bidet-by-holey-hiker,Weight: 0.14oz | 4g,
humangear,GoPee Personal Urination Device,Pee funnel,,,,other,30000,manufacturer,https://www.garagegrowngear.com/products/gopee-personal-urination-device-by-humangear,Folded in Case: 1oz | 30g,
HydraPak,FuelPak,Snack pouch,Large,size=L,,other,11000,manufacturer,https://www.hydrapak.com/products/fuelpak-large,11 g / 0.4 oz,
HydraPak,FuelPak,Snack pouch,Small,size=S,,other,10000,manufacturer,https://www.hydrapak.com/products/fuelpak%E2%84%A2-small,10 g / 0.3 oz,
HydraPak,Rover Dog Bowl,Dog bowl,,,,other,22500,manufacturer,https://www.hydrapak.com/products/rover-dog-bowl,22.5 g / 0.8 oz,
HYKLYF,E-Z Key Bear Can Tool,Canister tool,,,,other,4000,manufacturer,https://www.garagegrowngear.com/products/e-z-key-bear-can-tool-by-hyklyf,Weight: 0.14oz | 4g,
Hyperlite Mountain Gear,Bottle Pocket,Bottle holder,,,,other,34000,manufacturer,https://www.garagegrowngear.com/products/bottle-pocket-by-hyperlite-mountain-gear,Weight: 1.2oz | 34g,
Hyperlite Mountain Gear,Camera Pod,Camera case,Large,size=L,,other,104300,manufacturer,https://www.garagegrowngear.com/products/camera-pod-by-hyperlite-mountain-gear,Large: 3.68oz | 104.3g,
Hyperlite Mountain Gear,Camera Pod,Camera case,Regular,size=Regular,,other,78700,manufacturer,https://www.garagegrowngear.com/products/camera-pod-by-hyperlite-mountain-gear,Regular: 2.78oz | 78.7g,
Hyperlite Mountain Gear,Drawstring Stuff Sack,Stuff sack,"Jumbo, 13L",size=Jumbo; volume_l=13,,other,17000,manufacturer,https://www.garagegrowngear.com/products/drawstring-stuff-sacks-by-hyperlite-mountain-gear,Jumbo: 0.6oz | 17g,
Hyperlite Mountain Gear,Drawstring Stuff Sack,Stuff sack,"Large, 4L",size=L; volume_l=4,,other,11000,manufacturer,https://www.garagegrowngear.com/products/drawstring-stuff-sacks-by-hyperlite-mountain-gear,Large: 0.39oz | 11g,
Hyperlite Mountain Gear,Drawstring Stuff Sack,Stuff sack,"Medium, 3L",size=M; volume_l=3,,other,9000,manufacturer,https://www.garagegrowngear.com/products/drawstring-stuff-sacks-by-hyperlite-mountain-gear,Medium: 0.32oz | 9g,
Hyperlite Mountain Gear,Drawstring Stuff Sack,Stuff sack,"Nano, 0.3L",size=Nano; volume_l=0.3,,other,4000,manufacturer,https://www.garagegrowngear.com/products/drawstring-stuff-sacks-by-hyperlite-mountain-gear,Nano: 0.14oz | 4g,
Hyperlite Mountain Gear,Drawstring Stuff Sack,Stuff sack,"Small, 2L",size=S; volume_l=2,,other,8000,manufacturer,https://www.garagegrowngear.com/products/drawstring-stuff-sacks-by-hyperlite-mountain-gear,Small: 0.28oz | 8,
Hyperlite Mountain Gear,Drawstring Stuff Sack,Stuff sack,"X-Large, 9L",size=XL; volume_l=9,,other,14000,manufacturer,https://www.garagegrowngear.com/products/drawstring-stuff-sacks-by-hyperlite-mountain-gear,X-Large: 0.49oz | 14g,
Hyperlite Mountain Gear,REpack Freezer Bag,Freezer bag,,,,other,43000,manufacturer,https://www.garagegrowngear.com/products/repack-freezer-bag-by-hyperlite-mountain-gear,Weight: 1.5oz | 43g,
Hyperlite Mountain Gear,Roll-Top Stuff Sack,Stuff sack,"Large, 25L",size=L; volume_l=25,,other,45000,manufacturer,https://www.garagegrowngear.com/products/roll-top-stuff-sacks-by-hyperlite-mountain-gear,Large: 1.59oz | 45g,
Hyperlite Mountain Gear,Roll-Top Stuff Sack,Stuff sack,"Medium, 10L",size=M; volume_l=10,,other,34000,manufacturer,https://www.garagegrowngear.com/products/roll-top-stuff-sacks-by-hyperlite-mountain-gear,Medium: 1.2oz | 34g,
Hyperlite Mountain Gear,Roll-Top Stuff Sack,Stuff sack,"Small, 3L",size=S; volume_l=3,,other,23000,manufacturer,https://www.garagegrowngear.com/products/roll-top-stuff-sacks-by-hyperlite-mountain-gear,Small: 0.8oz | 23g,
Hyperlite Mountain Gear,Roll-Top Stuff Sack,Stuff sack,"X-Large, 43L",size=XL; volume_l=43,,other,57000,manufacturer,https://www.garagegrowngear.com/products/roll-top-stuff-sacks-by-hyperlite-mountain-gear,X-Large: 2.0oz | 57g,
Hyperlite Mountain Gear,Shoulder Pocket,Shoulder pocket,,,,other,40000,manufacturer,https://www.garagegrowngear.com/products/shoulder-pocket-by-hyperlite-mountain-gear,Weight: 1.4oz | 40g,
Hyperlite Mountain Gear,Side Entry Pod,Pouch,10L,volume_l=10,,other,43000,manufacturer,https://www.garagegrowngear.com/products/side-entry-pods-by-hyperlite-mountain-gear,Weight: 1.5oz | 43g,
Hyperlite Mountain Gear,Side Entry Pod,Pouch,12L,volume_l=12,,other,43000,manufacturer,https://www.garagegrowngear.com/products/side-entry-pods-by-hyperlite-mountain-gear,Weight: 1.5oz | 43g,
Hyperlite Mountain Gear,Side Entry Pod,Pouch,15L,volume_l=15,,other,44000,manufacturer,https://www.garagegrowngear.com/products/side-entry-pods-by-hyperlite-mountain-gear,Weight: 1.56oz | 44g,
Hyperlite Mountain Gear,Side Entry Pod,Pouch,8L,volume_l=8,,other,40000,manufacturer,https://www.garagegrowngear.com/products/side-entry-pods-by-hyperlite-mountain-gear,Weight: 1.4oz | 40g,
Hyperlite Mountain Gear,The Minimalist Wallet,Wallet,,,,other,20000,manufacturer,https://www.garagegrowngear.com/products/the-minimalist-wallet-by-hyperlite-mountain-gear,Weight: 0.71oz | 20g,
Hyperlite Mountain Gear,Zippys,Pouch,1L,volume_l=1,,other,17000,manufacturer,https://www.garagegrowngear.com/products/zippys-by-hyperlite-mountain-gear,Weight: 0.6oz | 17g,
Hyperlite Mountain Gear,Zippys,Pouch,2L,volume_l=2,,other,19000,manufacturer,https://www.garagegrowngear.com/products/zippys-by-hyperlite-mountain-gear,Weight: 0.67oz | 19g,
Hyperlite Mountain Gear,Zippys,Pouch,3L,volume_l=3,,other,21000,manufacturer,https://www.garagegrowngear.com/products/zippys-by-hyperlite-mountain-gear,Weight: 0.76oz | 21g,
Igloo,ECOCOOL Latitude,Cooler,52qt,volume_l=49.21,,other,4460000,measured,https://www.outdoorsleepgear.com/product/igloo-ecocool-latitude-52-qt-cooler/,"Holds 85 cans, Capacity: 49 litres, Weight: 4.46kgs",
Igneous,Airlock Patch,Repair patches,,,,other,390,manufacturer,https://www.garagegrowngear.com/products/airlock-patch-by-igneous,Weight: 0.01oz | 0.39g (per patch),
Igneous,Bottle Cap Bidet,Bidet,,,,other,4000,manufacturer,https://www.garagegrowngear.com/products/bottle-cap-bidet-by-igneousbottle-cap-bidet-by-igneous,Weight: 0.14oz | 4g,
Igneous,Carbon Fiber Cord Spool,Cord reel,,,,other,4500,manufacturer,https://www.garagegrowngear.com/products/carbon-fiber-spool-by-igneous,Weight: 0.16oz | 4.5g,
Igneous,Hang System,Bear hang kit,,,,other,7000,manufacturer,https://www.garagegrowngear.com/products/hang-system-by-igneous,Weight: 0.25oz | 7g,
Igneous,Reflective Cord,Guyline,,,,other,30000,manufacturer,https://www.garagegrowngear.com/products/reflective-cord-by-igneous,Weight: 1.1oz | 30g,
Igneous,Repair Spool,Repair kit,,,,other,32000,manufacturer,https://www.garagegrowngear.com/products/repair-spool-by-igneous,Weight: 1.13oz | 32g (fully loaded),
Igneous,Tent Tool,Stake tool,,,,other,10000,manufacturer,https://www.garagegrowngear.com/products/tent-tool-by-igneous,Weight: 0.35oz | 10g,
Igneous,Threadlock Patch,Repair patches,,,,other,280,manufacturer,https://www.garagegrowngear.com/products/threadlock-patches-by-igneous,Weight: 0.01oz | 0.28g (per patch),
Jereko Gear,Driver,Screwdriver,,,,other,16000,manufacturer,https://www.garagegrowngear.com/products/driver-by-jereko-gear,Weight: 0.5oz | 16g,
Jereko Gear,Ultralight Carabiner,Carabiner,,,,other,4000,manufacturer,https://www.garagegrowngear.com/products/ultralight-carabiner-by-jereko-gear,Weight: 0.14oz | 4g (each),
Jereko Gear,Zipper Pulls,Zipper pulls,,,,other,6000,manufacturer,https://www.garagegrowngear.com/products/zipper-pulls-by-jereko-gear,Weight: 0.2oz | 6g,
Kahtoola,EXOspikes,Microspikes,Medium,size=M,,other,206952,measured,https://www.cleverhiker.com/footwear/kahtoola-exospikes-traction-device-review/,7.3 oz.,
Kahtoola,K•10 Hiking Crampon,Crampons,Regular,size=Regular,,other,670000,manufacturer,https://www.garagegrowngear.com/products/k-10-hiking-crampon,Regular: 23.6oz | 670g,
Kahtoola,K•10 Hiking Crampon,Crampons,X-Large,size=XL,,other,700000,manufacturer,https://www.garagegrowngear.com/products/k-10-hiking-crampon,XL: 24.7oz | 700g,
Kahtoola,K•10 Hiking Crampon,Crampons,X-Small,size=XS,,other,658000,manufacturer,https://www.garagegrowngear.com/products/k-10-hiking-crampon,XS: 23.2oz | 658g,
Kahtoola,MICROspikes,Microspikes,,,,other,337359,measured,https://www.cleverhiker.com/footwear/kahtoola-microspikes-traction-device-review/,"A pair of mediums weighs about 11.9 ounces, which is the spot-on average of the devices we tested.",
Kahtoola,MICROspikes Ghost,Microspikes,Medium,size=M,,other,192000,manufacturer,https://kahtoola.com/traction/microspikes-ghost-footwear-traction/,Weight (pair) (XS) 6.4 oz / 179 g (S) 6.5 oz / 184 g (M) 6.8 oz / 192 g (L) 7.1 oz / 200 g (XL) 7.4 oz / 208 g,
Klättermusen,Algir Accessory Bag,Pouch,Medium,size=M,,other,61000,manufacturer,https://www.klattermusen.com/en-us/backpacks/all-packs/41426u01-algir-accessory-bag-medium-raven/,Weight 61 g,
Klättermusen,Hrid WP Accessory Bag 3L,Dry bag,,volume_l=3,,other,97000,manufacturer,https://www.klattermusen.com/en-us/backpacks/all-packs/10561-hrid-wp-accessory-bag-3l-raven/,Weight 97 g,
Kula Cloth,Pee Cloth,Pee cloth,,,,other,14000,manufacturer,https://www.garagegrowngear.com/products/kula-pee-cloth-by-kula-cloth,Weight: 0.5oz | 14g,
Lawson Equipment,Bar Tensioners,Line tensioner,3mm,,,other,5000,manufacturer,https://www.garagegrowngear.com/products/bar-tensioners-by-lawson-equipment,Weight: 0.176oz | 5g,
Lawson Equipment,Reflective Glowire,Guyline,"2.5mm, 50ft hank",length=50ft,,other,82000,manufacturer,https://www.garagegrowngear.com/products/reflective-glowire-by-lawson-equipment,2.5mm: 2.9oz | 82g,
Lawson Equipment,Reflective Glowire,Guyline,"2mm, 50ft hank",length=50ft,,other,55000,manufacturer,https://www.garagegrowngear.com/products/reflective-glowire-by-lawson-equipment,2mm: 1.95oz | 55g,
Lawson Equipment,Reflective Glowire,Guyline,"3mm, 50ft hank",length=50ft,,other,113000,manufacturer,https://www.garagegrowngear.com/products/reflective-glowire-by-lawson-equipment,3mm: 4oz | 113g,
Lawson Equipment,Reflective Ironwire,Guyline,"2mm, 50ft hank",length=50ft,,other,59534,manufacturer,https://durstongear.com/products/lawson-reflective-dyneema-ironwire,SPECIFICATIONS Weight 2.1 oz (60 g) Length 50' (15 m) Diameter 2.0 mm. 'our Reflective Ironwire 2.0 mm cord uses Dyneema® fibers in both the core and sheath'. (Lawson-made cord sold by Durston; spec from the Durston listing.),
Leki,Black Series FX Carbon Trekking Poles,Trekking poles,per pair,,,other,456000,manufacturer,https://lekiusa.com/products/black-series-fx-carbon_leki-usa_trekking-poles_all-season,"LEKI spec (per pole): 228 g / 8.0 oz, adjustable 110-130 cm; pair 456 g.",
Leki,Cressida Cork Lite Trekking Poles,Trekking poles,"Women's, per pair",fit=Women's,,other,480000,manufacturer,https://lekiusa.com/products/cressida-cork-lite_leki-usa_trekking-poles_all-season,"LEKI spec (per pole): 240 g / 8.5 oz, women's, adjustable 90-125 cm; pair 480 g.",
Leki,Cressida FX Carbon Trekking Poles,Trekking poles,"Women's, per pair",fit=Women's,,other,490000,manufacturer,https://lekiusa.com/products/cressida-fx-carbon_leki-usa_trekking-poles_all-season,"LEKI spec (per pole): 245 g, women's, adjustable 100-120 cm; pair 490 g.",
Leki,Journey Lite Trekking Poles,Trekking poles,per pair,,,other,510000,manufacturer,https://lekiusa.com/products/journey-lite_leki-usa_trekking-poles_all-season,"LEKI spec (per pole): 255 g / 9.0 oz, adjustable 100-135 cm; pair 510 g.",
Leki,Khumbu Lite AS Trekking Poles,Trekking poles,per pair,,,other,500000,manufacturer,https://lekiusa.com/products/khumbu-lite-as,"LEKI spec (per pole): 250 g / 8.8 oz, adjustable 100-135 cm; pair 500 g.",
Leki,Khumbu Lite Trekking Poles,Trekking poles,"100-135cm, per pair",length=100-135cm,,other,498000,manufacturer,https://lekiusa.com/products/khumbu-lite,LEKI spec (per pole): 249 g / 8.8 oz at 100-135 cm (standard); pair 498 g.,
Leki,Khumbu Lite Trekking Poles,Trekking poles,"90-125cm, per pair",length=90-125cm,,other,480000,manufacturer,https://lekiusa.com/products/khumbu-lite,LEKI spec (per pole): 240 g / 8.5 oz at 90-125 cm (compact); pair 480 g.,
Leki,Khumbu Trekking Poles,Trekking poles,per pair,,,other,554000,manufacturer,https://lekiusa.com/products/khumbu,"LEKI spec (per pole): 277 g / 9.8 oz, adjustable 100-145 cm; pair 554 g.",
Leki,Legacy Trekking Poles,Trekking poles,per pair,,,other,560000,manufacturer,https://lekiusa.com/products/legacy,"LEKI spec (per pole): 280 g / 9.9 oz, adjustable 110-145 cm; pair 560 g.",
Leki,Makalu Cork FX TA Trekking Poles,Trekking poles,"100-120cm, per pair",length=100-120cm,,other,514000,manufacturer,https://lekiusa.com/products/makalu-cork-fx-ta,LEKI spec (per pole): 257 g / 9.1 oz at 100-120 cm (compact); pair 514 g.,
Leki,Makalu Cork FX TA Trekking Poles,Trekking poles,"110-130cm, per pair",length=110-130cm,,other,554000,manufacturer,https://lekiusa.com/products/makalu-cork-fx-ta,LEKI spec (per pole): 277 g / 9.8 oz at 110-130 cm (standard); pair 554 g.,
Leki,Makalu Cork Lite Trekking Poles,Trekking poles,"100-135cm, per pair",length=100-135cm,,other,500000,manufacturer,https://lekiusa.com/products/makalu-cork-lite,LEKI spec (per pole): 250 g / 8.8 oz at 100-135 cm (standard); pair 500 g.,
Leki,Makalu Cork Lite Trekking Poles,Trekking poles,"90-125cm, per pair",length=90-125cm,,other,476000,manufacturer,https://lekiusa.com/products/makalu-cork-lite,LEKI spec (per pole): 238 g / 8.4 oz at 90-125 cm (compact); pair 476 g.,
Leki,Makalu FX Carbon AS Trekking Poles,Trekking poles,"100-120cm, per pair",length=100-120cm,,other,494000,manufacturer,https://lekiusa.com/products/makalu-fx-carbon-as,LEKI spec (per pole): 247 g / 8.7 oz at 100-120 cm (compact); pair 494 g.,
Leki,Makalu FX Carbon AS Trekking Poles,Trekking poles,"110-130cm, per pair",length=110-130cm,,other,516000,manufacturer,https://lekiusa.com/products/makalu-fx-carbon-as,LEKI spec (per pole): 258 g / 9.1 oz at 110-130 cm (standard); pair 516 g.,
Leki,Makalu FX Carbon Trekking Poles,Trekking poles,"100-120cm, per pair",length=100-120cm,,other,482000,manufacturer,https://lekiusa.com/products/makalu-fx-carbon,LEKI spec (per pole): 241 g / 8.5 oz at 100-120 cm (compact); pair 482 g.,
Leki,Makalu FX Carbon Trekking Poles,Trekking poles,"110-130cm, per pair",length=110-130cm,,other,504000,manufacturer,https://lekiusa.com/products/makalu-fx-carbon,LEKI spec (per pole): 252 g / 8.9 oz at 110-130 cm (standard); pair 504 g.,
Leki,Makalu Lite AS Trekking Poles,Trekking poles,"100-120cm, per pair",length=100-120cm,,other,484000,manufacturer,https://lekiusa.com/products/makalu-lite-as,LEKI spec (per pole): 242 g / 8.5 oz at 100-120 cm (compact); pair 484 g.,
Leki,Makalu Lite AS Trekking Poles,Trekking poles,"100-135cm, per pair",length=100-135cm,,other,506000,manufacturer,https://lekiusa.com/products/makalu-lite-as,LEKI spec (per pole): 253 g / 8.9 oz at 100-135 cm (standard); pair 506 g.,
Leki,Makalu Lite Trekking Poles,Trekking poles,per pair,,,other,490447,measured,https://www.outdoorgearlab.com/reviews/camping-and-hiking/trekking-poles/leki-makalu-lite-cor-tec,"The Makalu Lite weighs 17.3 ounces per pair, which is heavier than most poles on the market.",
Leki,Makalu Pro FX Carbon Trekking Poles,Trekking poles,per pair,,,other,510000,manufacturer,https://lekiusa.com/products/makalu-pro-fx-carbon,"LEKI spec (per pole): 255 g / 9.0 oz, adjustable 110-130 cm; pair 510 g.",
Leki,Makalu Trekking Poles,Trekking poles,per pair,,,other,538000,manufacturer,https://lekiusa.com/products/makalu,"LEKI spec (per pole): 269 g / 9.5 oz, aluminum, adjustable 110-145 cm; pair 538 g.",
Leki,Skysolo FX Carbon Trekking Poles,Trekking poles,"100-120cm, per pair",length=100-120cm,,other,434000,manufacturer,https://lekiusa.com/products/skysolo-fx-carbon,LEKI spec (per pole): 217 g / 7.7 oz at 100-120 cm; pair 434 g.,
Leki,Skysolo FX Carbon Trekking Poles,Trekking poles,"120-140cm, per pair",length=120-140cm,,other,476000,manufacturer,https://lekiusa.com/products/skysolo-fx-carbon,LEKI spec (per pole): 238 g / 8.4 oz at 120-140 cm; pair 476 g.,
Leki,Skysolo FX.One Carbon Trekking Poles,Trekking poles,"120cm, per pair",length=120cm,,other,362000,manufacturer,https://lekiusa.com/products/skysolo-fx-one-carbon-copy,LEKI spec (per pole): 181 g / 6.3 oz at 120 cm (fixed length); pair 362 g.,
Leki,Skysolo Trekking Poles,Trekking poles,per pair,,,other,508000,manufacturer,https://lekiusa.com/products/skysolo,"LEKI spec (per pole): 254 g / 9.0 oz, adjustable 110-145 cm; pair 508 g.",
Leki,Skytera Carbon Lite Trekking Poles,Trekking poles,per pair,,,other,392000,manufacturer,https://lekiusa.com/products/skytera-carbon-lite,"LEKI spec (per pole): 196 g / 6.9 oz, adjustable 100-135 cm; pair 392 g.",
Leki,Skytera FX Carbon SL Compact Trekking Poles,Trekking poles,per pair,,,other,346000,manufacturer,https://lekiusa.com/products/skytera-fx-carbon-sl-compact,"LEKI spec (per pole): 173 g / 6.1 oz, adjustable 100-120 cm; pair 346 g.",
Leki,Skytera FX Carbon SL Trekking Poles,Trekking poles,per pair,,,other,356000,manufacturer,https://lekiusa.com/products/skytera-fx-carbon-sl,"LEKI spec (per pole): 178 g / 6.3 oz, adjustable 110-130 cm; pair 356 g.",
Leki,Skytera FX.One SL Trekking Poles,Trekking poles,"120cm, per pair",length=120cm,,other,316000,manufacturer,https://lekiusa.com/products/skytera-fx-one-sl,LEKI spec (per pole): 158 g / 5.6 oz at 120 cm (fixed length); pair 316 g.,
Leki,Skytera Lite Trekking Poles,Trekking poles,"100-135cm, per pair",length=100-135cm,,other,434000,manufacturer,https://lekiusa.com/products/skytera-lite,LEKI spec (per pole): 217 g / 7.7 oz at 100-135 cm; pair 434 g.,
Leki,Skytera Lite Trekking Poles,Trekking poles,"90-125cm, per pair",length=90-125cm,,other,414000,manufacturer,https://lekiusa.com/products/skytera-lite,LEKI spec (per pole): 207 g / 7.3 oz at 90-125 cm; pair 414 g.,
Leki,Voyager Trekking Poles,Trekking poles,per pair,,,other,540000,manufacturer,https://lekiusa.com/products/voyager_leki-usa_trekking-poles_all-season,"LEKI spec (per pole): 270 g / 9.5 oz, adjustable 110-145 cm; pair 540 g.",
LightHeart Gear,Hoodie Pack Cover,Pack cover,Large,size=L,,other,161600,manufacturer,https://www.garagegrowngear.com/products/hoodie-pack-cover-by-lightheart-gear,Large: 5.7 oz | 161.6g,
LightHeart Gear,Hoodie Pack Cover,Pack cover,Medium,size=M,,other,150000,manufacturer,https://www.garagegrowngear.com/products/hoodie-pack-cover-by-lightheart-gear,Medium: 5.3 oz | 150g,
LightHeart Gear,Stuff Sack,Stuff sack,10L,volume_l=10,,other,14200,manufacturer,https://www.garagegrowngear.com/products/stuff-sacks-by-lightheart-gear,10L: 0.5oz | 14.2g,
LightHeart Gear,Stuff Sack,Stuff sack,1L,volume_l=1,,other,7000,manufacturer,https://www.garagegrowngear.com/products/stuff-sacks-by-lightheart-gear,1L: 0.25oz | 7g,
LightHeart Gear,Stuff Sack,Stuff sack,2.5L,volume_l=2.5,,other,8500,manufacturer,https://www.garagegrowngear.com/products/stuff-sacks-by-lightheart-gear,2.5L: 0.3oz | 8.5g,
LightHeart Gear,Stuff Sack,Stuff sack,6.5L,volume_l=6.5,,other,11300,manufacturer,https://www.garagegrowngear.com/products/stuff-sacks-by-lightheart-gear,6.5L: 0.4oz | 11.3g,
Lightload,Camp Towel,Towel,,,,other,7000,manufacturer,https://www.garagegrowngear.com/products/lightload-towel,Weight: 0.25oz | 7g,
LITE WERKS,Hip Belt Pocket,Hip belt pocket,,,,other,71000,manufacturer,https://www.garagegrowngear.com/products/hip-belt-pocket-by-lite-werks,Weight: 2.5oz | 71g,
LITE WERKS,Shoulder Strap Pocket,Shoulder pocket,,,,other,57000,manufacturer,https://www.garagegrowngear.com/products/shoulder-strap-pocket-by-lite-werks,Weight: 2oz | 57g,
LITE WERKS,Water Bottle Carrier,Bottle holder,,,,other,28000,manufacturer,https://www.garagegrowngear.com/products/water-bottle-carrier-by-lite-werks,Weight: 1oz | 28g,
LiteAF,Printed Dyneema Pot Sack,Stuff sack,#1,,volume_l,other,4000,manufacturer,https://www.garagegrowngear.com/products/round-bottom-pot-sacks-by-liteaf,#1: 0.14oz | 4g,
LiteAF,Printed Dyneema Pot Sack,Stuff sack,#2,,volume_l,other,3700,manufacturer,https://www.garagegrowngear.com/products/round-bottom-pot-sacks-by-liteaf,#2: 0.13oz | 3.7g,
LiteAF,Printed Dyneema Pot Sack,Stuff sack,#3,,volume_l,other,5100,manufacturer,https://www.garagegrowngear.com/products/round-bottom-pot-sacks-by-liteaf,#3: 0.17oz | 5.1g,
LiteAF,Ultralight First Aid Zipper Pouch,First aid pouch,,,,other,10800,manufacturer,https://www.garagegrowngear.com/products/ultralight-first-aid-zipper-pouch-by-liteaf,Weight: 0.38oz | 10.8g,
Litesmith,Folding Sit Pad,Sit pad,,,,other,27783,manufacturer,https://www.litesmith.com/folding-sit-pad/,Weight: 0.98 oz (27.8 g),
LOKSAK,Waterproof Phone Bag,Phone case,Phone Caddy with Lanyard,,,other,16000,manufacturer,https://www.garagegrowngear.com/products/waterproof-phone-bags-by-loksak,"Phone Caddy with Lanyard: one pack 3.9"" x 7.5"" | 10cm x 19cm (0.56oz | 16g)",
LUNA PROJECT,Air Mesh Back Pad,Back pad,Medium,size=M,,other,78000,manufacturer,https://www.garagegrowngear.com/products/air-mesh-back-pad-by-luna-project,Medium: 2.8oz | 78g,
LUNA PROJECT,Air Mesh Back Pad,Back pad,Small,size=S,,other,75000,manufacturer,https://www.garagegrowngear.com/products/air-mesh-back-pad-by-luna-project,Small: 2.6oz | 75g,
LUNA PROJECT,Air Mesh Shoulder Pads,Shoulder pads,Medium,size=M,,other,48000,manufacturer,https://www.garagegrowngear.com/products/air-mesh-shoulder-pad-by-luna-project,Medium: 1.7oz | 48g (per pair),
LUNA PROJECT,Air Mesh Shoulder Pads,Shoulder pads,Small,size=S,,other,34000,manufacturer,https://www.garagegrowngear.com/products/air-mesh-shoulder-pad-by-luna-project,Small: 1.2oz | 34g (per pair),
Matador,FlatPak Toiletry Bottle,Toiletry bottle,90ml,volume_l=0.09,,other,11500,manufacturer,https://www.matadorequipment.com/products/flatpak-toiletry-bottle,Weight: 0.41oz (11.5g),
Matador,FlatPak Travel Soap Bar Case,Soap case,,,,other,13000,manufacturer,https://www.matadorequipment.com/products/flatpak-soap-bar-case,Weight: 0.5oz (13g),
Matador,FlatPak Waterproof Toiletry Case,Toiletry bag,,,,other,33000,manufacturer,https://www.garagegrowngear.com/products/flatpak-waterproof-toiletry-case-by-matador,Weight: 1.17oz | 33g,
Matador,FlatPak Zipper Toiletry Case,Toiletry bag,,,,other,32000,manufacturer,https://www.matadorequipment.com/products/flatpak-zipper-toiletry-case,Weight: 1.1oz (32g),
Matador,Global Travel Stash,Stuff sack,,,,other,120000,manufacturer,https://www.matadorequipment.com/products/global-travel-stash,Weight: 4.3oz (120g),
Matador,NanoDry Trek Towel,Towel,Small,size=S,,other,34000,manufacturer,https://www.matadorequipment.com/products/nanodry-trek-towel-small,Weight: 2oz (34g),
Matador,Travel Earplugs Kit,Earplugs,,,,other,14000,manufacturer,https://www.matadorequipment.com/products/travel-earplugs-kit,"Kit as sold = two silicone cases + two pairs of earplugs; manufacturer lists 7 g per case + pair, so the full kit is ~14 g (catalog holds the full unit; bringing one holster = ~7 g)",
Matador,Ultralight Travel Towel,Towel,Large,size=L,,other,77000,manufacturer,https://www.matadorequipment.com/products/ultralight-travel-towel-large,"Weight: 2.7oz (77g) — 'Ultralight Travel Towel - Large', 47 x 24 in nanofiber.",
Matador,Ultralight Travel Towel,Towel,Small,size=S,,other,19000,manufacturer,https://www.matadorequipment.com/products/ultralight-travel-towel-small,"Weight: 0.7oz (19g) — 'Ultralight Travel Towel - Small', 15 x 15 in nanofiber.",
Montbell,Round Trekking Bell,Bear bell,Monta Bear,,,other,36000,manufacturer,https://www.montbell.com/us/en/products/detail/1134179,Weight： 1.3 oz / 36 g,
Montbell,Round Trekking Bell with Silencer,Bear bell,,,,other,90000,manufacturer,https://www.montbell.com/us/en/products/detail/1134182,Weight： 3.2 oz / 90 g,
Montbell,Square Trekking Bell with Silencer,Bear bell,Monta Bear,,,other,44000,manufacturer,https://www.montbell.com/us/en/products/detail/1134332,Weight： 1.6 oz / 44 g,
Montbell,Trekking Umbrella 50,Umbrella,,,,other,155000,manufacturer,https://www.montbell.com/us/en/products/detail/1128698,Montbell Trekking Umbrella 50 — 155 g (montbell.com),
Montbell,Trekking Umbrella 55,Umbrella,,,,other,153087,manufacturer,https://www.montbell.com/us/en/products/detail/1128701,Weight 153 g (5.4 oz),
Montbell,Trekking Umbrella 60,Umbrella,,,,other,167262,manufacturer,https://www.montbell.com/us/en/products/detail/1128702,Weight 166 g (5.9 oz),
Montbell,U.L. Pouch,Pouch,Small,size=S,,other,18000,manufacturer,https://www.montbell.com/us/en/products/detail/1123866,Weight： 0.6 oz / 18 g,
MooseTrack Packs,ClipIt Lighter Lanyard,Lighter lanyard,,,,other,3000,manufacturer,https://www.garagegrowngear.com/products/clipit-lighter-lanyard-by-moose-track-packs,Weight: 0.1oz | 3g,
Mountain Hardwear,After Six Wallet D Eco,Wallet,,,,other,34000,manufacturer,https://www.mountainhardwear.jp/shop/g/gOE8009010--OZS000/,重量(g) (目安) 34 g,
Mountain Hardwear,Rain Cover 30-50,Pack cover,,,,other,89000,manufacturer,https://www.mountainhardwear.jp/shop/g/gOE7826010--REG000/,重量(g) (目安) 89 g,
Mountainsmith,Andesite Neo Trekking Poles,Trekking poles,per pair,,,other,320000,manufacturer,https://www.garagegrowngear.com/products/andesite-trekking-poles-by-mountainsmith,Weight: 11oz | 320g (pair),
MSR,Blizzard Stake,Tent stakes,,,,other,27000,manufacturer,https://www.msrgear.com/tents/tent-accessories/blizzard-tent-stakes/05809.html,Weight of single stake = 27g,
MSR,Carbon Core Stake,Tent stakes,,,,other,5750,manufacturer,https://www.msrgear.com/tents/tent-accessories/carboncore-tent-stakes/02499.html,0.2 oz (5.75 g) per stake,
MSR,Core Stake,Tent stakes,,,,other,14175,measured,https://basecampfood.com/products/msr-core-stake-9-kit,Weight: 0.01 kg / 0.5 oz,
MSR,Cyclone Stake,Tent stakes,,,,other,36010,manufacturer,https://www.cascadedesigns.com/products/cyclone-tent-stakes,Weight of single stake = 36.01g,
MSR,Groundhog Stake,Tent stakes,,,,other,13950,manufacturer,https://www.msrgear.com/tents/tent-accessories/groundhog-tent-stakes/05807.html,Single Groundhog weight = 13.95g,
MSR,Mini Groundhog Stake,Tent stakes,,,,other,9400,manufacturer,https://www.msrgear.com/tents/tent-accessories/mini-groundhog-stakes/05808.html,Weight of single stake = 9.40g,
Nemo,Moonlite Elite Reclining Chair,Camp chair,,,,other,552000,manufacturer,https://www.garagegrowngear.com/products/moonlite-elite-camp-chair-by-nemo-equipment,Weight: 19oz | 552g (minimum),
Nemo,Sweepstake Lightweight Tent Stakes,Tent stakes,,,,other,20000,manufacturer,https://www.garagegrowngear.com/products/sweepstake-lightweight-tent-stakes-by-nemo-equipment,Weight: 0.7oz | 20g (per stake),
Nite Ize,S-Biner MicroLock,Carabiner,2-pack,,,other,8000,manufacturer,https://www.garagegrowngear.com/products/s-biner-microlock-2-pack-by-nite-ize,Weight: 0.4oz | 8g,
Nite Ize,S-Biner SlideLock,Carabiner,#2,,,other,8000,manufacturer,https://www.garagegrowngear.com/products/s-biner-slidelock-by-nite-ize,#2: 0.3oz | 8g,
Nite Ize,S-Biner SlideLock,Carabiner,#3,,,other,14000,manufacturer,https://www.garagegrowngear.com/products/s-biner-slidelock-by-nite-ize,#3: 0.5oz | 14g,
Nite Ize,S-Biner SlideLock,Carabiner,#4,,,other,30000,manufacturer,https://www.garagegrowngear.com/products/s-biner-slidelock-by-nite-ize,#4: 1.1oz | 30g,
No Matter Products,Antimatter Chair,Camp chair,,,,other,189000,manufacturer,https://www.garagegrowngear.com/products/antimatter-chair-by-no-matter-products,Chair: 6.7oz | 189g,
Northern Lites Snowshoes,Race,Snowshoes,"20in, Speed binding",length=20in,,other,1247000,manufacturer,https://www.garagegrowngear.com/products/race-by-northern-lites-snowshoes,Speed: 44oz | 1247g,
Northern Lites Snowshoes,Race,Snowshoes,"20in, Tru-Trak binding",length=20in,,other,1276000,manufacturer,https://www.garagegrowngear.com/products/race-by-northern-lites-snowshoes,Tru-Trak: 45oz | 1276g,
Nylofume,Pack Liner,Pack liner,,,,other,29000,manufacturer,https://www.garagegrowngear.com/products/nylofume-pack-liner-bags,Weight: 1oz | 29g (per bag),
Oakley,Eye Jacket Redux,Sunglasses,,,,other,24000,community,https://www.oakley.com/en-us/product/W0OO9438,Oakley publishes no weight; 24 g from the identical Eye Jacket Redux frame measured in the Satisfy colorway (satisfyrunning.com: 'only 24 grams'),
Oakley,Radar EV Path,Sunglasses,,,,other,28000,measured,https://www.bikeradar.com/reviews/clothing/sunglasses-and-goggles/sunglasses/oakley-radar-ev-path-prizm-sunglasses-review,the 28g Radar EV Path drops a gram compared to the original,
Oakley,Sutro,Sunglasses,,,,other,32000,measured,https://road.cc/content/review/259423-oakley-sutro-glasses,Weight: 32g,
Oakley,Sutro Lite,Sunglasses,,,,other,32000,measured,https://road.cc/content/review/oakley-sutro-lite-280615,Weight: 32g,
Oakley x Satisfy,Eye Jacket,Sunglasses,,,,other,24000,measured,https://satisfyrunning.com/products/satisfy-oakley-eye-jacket,Weighing in at only 24 grams,
Ombraz,Classic Armless Sunglasses,Sunglasses,,,,other,23000,manufacturer,https://www.garagegrowngear.com/products/charcoal-armless-sunglasses-by-ombraz,Sunglasses: 0.8oz | 23g,
Ombraz,Dolomite Armless Sunglasses,Sunglasses,,,,other,23000,manufacturer,https://www.garagegrowngear.com/products/dolomite-charcoal-armless-sunglasses-by-ombraz-sunglasses,Sunglasses: 0.8oz | 23g,
Ombraz,Teton Armless Sunglasses,Sunglasses,,,,other,23000,manufacturer,https://www.garagegrowngear.com/products/teton-armless-sunglasses-by-ombraz-sunglasses,Sunglasses: 0.8oz | 23g,
Ombraz,Viale Armless Sunglasses,Sunglasses,,,,other,23000,manufacturer,https://www.garagegrowngear.com/products/viale-armless-sunglasses-by-ombraz-sunglasses,Sunglasses: 0.8oz | 23g,
Opinel,No.06 Folding Knife,Knife,Carbon Steel,,,other,34019,manufacturer,https://www.opinel-usa.com/products/opinel-no-6-carbon-steel-blade,1.2 oz,
Opinel,Stainless Steel Folding Knife,Knife,No.02,,,other,5000,manufacturer,https://www.garagegrowngear.com/products/stainless-steel-folding-knife-by-opinel,Weight: 0.18oz | 5g,
Opinel,Stainless Steel Folding Knife,Knife,No.03,,,other,6500,manufacturer,https://www.garagegrowngear.com/products/stainless-steel-folding-knife-by-opinel,Weight: 0.23oz | 6.5g,
Opinel,Stainless Steel Folding Knife,Knife,No.04,,,other,9000,manufacturer,https://www.garagegrowngear.com/products/stainless-steel-folding-knife-by-opinel,Weight: 0.32oz | 9g,
Opinel,Stainless Steel Folding Knife,Knife,No.05,,,other,16000,manufacturer,https://www.garagegrowngear.com/products/stainless-steel-folding-knife-by-opinel,Weight: 0.56oz | 16g,
Opinel,Stainless Steel Folding Knife,Knife,No.06,,,other,34000,manufacturer,https://www.garagegrowngear.com/products/stainless-steel-folding-knife-by-opinel,Weight: 1.2oz | 34g,
Opinel,Stainless Steel Folding Knife,Knife,No.07,,,other,40000,manufacturer,https://www.garagegrowngear.com/products/stainless-steel-folding-knife-by-opinel,Weight: 1.4oz | 40g,
Opinel,Stainless Steel Folding Knife,Knife,No.08,,,other,45000,manufacturer,https://www.garagegrowngear.com/products/stainless-steel-folding-knife-by-opinel,Weight: 1.6oz | 45g,
Outdoor Element,Firebiner,Fire starter,,,,other,31000,manufacturer,https://www.garagegrowngear.com/products/firebiner-by-outdoor-element,Weight: 1.1oz | 31g,
Pa'lante,Sidebag,Shoulder pocket,,,,other,91000,manufacturer,https://www.garagegrowngear.com/products/sidebag-by-palante-packs,Weight: 3.2oz | 91g,
Pachallama,2g Tent Stake,Tent stakes,,,,other,2000,manufacturer,https://www.garagegrowngear.com/products/2g-tent-stake-by-pachallama,Weight: 0.07oz | 2g,
PackbackDesigns,DCF Stuff Sack,Stuff sack,Large,size=L,volume_l,other,8500,manufacturer,https://www.garagegrowngear.com/products/dcf-stuff-sacks-by-packbackdesigns,Large: 0.3oz | 8.5g,
PackbackDesigns,DCF Stuff Sack,Stuff sack,Medium,size=M,volume_l,other,5700,manufacturer,https://www.garagegrowngear.com/products/dcf-stuff-sacks-by-packbackdesigns,Medium: 0.2oz | 5.7g,
PackbackDesigns,DCF Stuff Sack,Stuff sack,Small,size=S,volume_l,other,3100,manufacturer,https://www.garagegrowngear.com/products/dcf-stuff-sacks-by-packbackdesigns,Small: 0.1oz | 3.1g,
PackbackDesigns,Flat Mesh Zipper Pouch,Pouch,Large,size=L,,other,26000,manufacturer,https://www.garagegrowngear.com/products/flat-mesh-zipper-pouches-by-packbackdesigns,Large: 0.9oz | 26g,
PackbackDesigns,Flat Mesh Zipper Pouch,Pouch,Medium,size=M,,other,21000,manufacturer,https://www.garagegrowngear.com/products/flat-mesh-zipper-pouches-by-packbackdesigns,Medium: 0.75oz | 21g,
PackbackDesigns,Flat Mesh Zipper Pouch,Pouch,Small,size=S,,other,11000,manufacturer,https://www.garagegrowngear.com/products/flat-mesh-zipper-pouches-by-packbackdesigns,Small: 0.4oz | 11g,
PackTowl,Luxe Towel,Towel,Face,,,other,31000,manufacturer,https://www.garagegrowngear.com/products/luxe-towel-by-packtowl,Face: 1.1oz | 31g,
PackTowl,Luxe Towel,Towel,Hand,,,other,130000,manufacturer,https://www.garagegrowngear.com/products/luxe-towel-by-packtowl,Hand: 4.6oz | 130g,
PackTowl,Personal Towel,Towel,Face,,,other,20000,manufacturer,https://www.garagegrowngear.com/products/personal-towel-by-packtowl,Face: 0.7oz | 20g,
PackTowl,Personal Towel,Towel,Hand,,,other,82000,manufacturer,https://www.garagegrowngear.com/products/personal-towel-by-packtowl,Hand: 2.9oz | 82g,
Peak Design,Capture Camera Clip,Camera clip,,,,other,84000,manufacturer,https://www.peakdesign.com/products/capture,Clip weight (incl. 2 thumb screws) 70 g (2.5 oz) · Plate weight 14 g (0.5 oz) · Total weight 84 g (3 oz),
PEPPERWOOL,MERINO MM Knife,Knife,,,,other,45000,manufacturer,https://www.garagegrowngear.com/products/merino-mm-knife-by-pepperwool,Weight: 1.6oz | 45g,
Petzl,Glacier Ice Axe,Ice axe,60cm,length=60cm,,other,345000,manufacturer,https://www.petzl.com/US/en/Sport/Ice-axes/GLACIER,"345 g (60 cm, model U025AA01)",
PlayLark,Lark,Card game,,,,other,258000,manufacturer,https://www.garagegrowngear.com/products/lark-a-game-of-challenge-and-chance-by-wend,Weight: 9.1oz | 258g,
Pond's Edge,Boxy Bag,Stuff sack,Medium,size=M,volume_l,other,11000,manufacturer,https://www.garagegrowngear.com/products/boxy-bags-by-ponds-edge-llc,Weight: 0.4oz | 11g (medium),
Pond's Edge,Hip Belt Pouch,Hip belt pocket,,,,other,8500,manufacturer,https://www.garagegrowngear.com/products/hip-belt-pouch-by-ponds-edge-llc,Weight: 0.3oz | 8.5g,
Pond's Edge,Pot Sack,Stuff sack,,,volume_l,other,2800,manufacturer,https://www.garagegrowngear.com/products/pot-sacks-by-ponds-edge-llc,Weight: 0.1oz | 2.8g,
Pond's Edge,Sleeping Pad Stuff Sack,Stuff sack,,,volume_l,other,8500,manufacturer,https://www.garagegrowngear.com/products/sleeping-pad-stuff-sack-by-ponds-edge-llc,Weight: 0.3oz | 8.5g,
Pond's Edge,Stuff Sack,Stuff sack,,,volume_l,other,2800,manufacturer,https://www.garagegrowngear.com/products/stuff-sacks-by-ponds-edge-llc,Weight: 0.1oz | 2.8g,
Pond's Edge,Umbrella Stuff Sack,Stuff sack,,,volume_l,other,5700,manufacturer,https://www.garagegrowngear.com/products/umbrella-stuff-sacks-by-ponds-edge-llc,Weight: 0.2oz | 5.7g,
Pond's Edge,Zippered Stake Bag,Stake bag,,,,other,9000,manufacturer,https://www.garagegrowngear.com/products/zippered-stake-bag-by-ponds-edge-llc,Weight: 0.3oz | 9g,
Preservation Dogs,Arctic Fox Trekking Paws,Dog booties,,,,other,24000,manufacturer,https://www.garagegrowngear.com/products/arctic-fox-trekking-paws-by-preservation-dogs,Weight: 0.85oz | 24g (pair),
pStyle,pCase Carrying Case,Case,,,,other,28000,manufacturer,https://www.garagegrowngear.com/products/pcase-carrying-case-by-pstyle,Weight: 1oz | 28g,
pStyle,Personal Urination Device,Pee funnel,,,,other,23000,manufacturer,https://www.garagegrowngear.com/products/pstyle-urination-device-by-pstyle,Weight: 0.8oz | 23g,
Rawlogy,Cork Massage Ball,Massage ball,Classic 2.4in,,,other,40000,manufacturer,https://www.garagegrowngear.com/products/cork-massage-balls-by-rawlogy,Weight: 1.4oz | 40g,
Rawlogy,Cork Massage Ball,Massage ball,Mini 2in,,,other,20000,manufacturer,https://www.garagegrowngear.com/products/cork-massage-balls-by-rawlogy,Weight: 0.7oz | 20g,
Rawlogy,Cork Massage Ball,Massage ball,Ultra Mini 1.4in,,,other,7000,manufacturer,https://www.garagegrowngear.com/products/cork-massage-balls-by-rawlogy,Weight: 0.2oz | 7g (per ball),
Rawlogy,Micro Cork Massage Ball,Massage ball,,,,other,1000,manufacturer,https://www.garagegrowngear.com/products/micro-massage-ball-cork-by-rawlogy,Weight: 0.04 oz | 1g (per ball),
Rayon Vert,Wormholes Sunglasses,Sunglasses,without lanyard,,,other,22800,manufacturer,https://rayonvert.international/blogs/news/wormholes-sunglasses-how-to-do-sunglasses-almost-entirely-in-house,"the Wormholes Sunglasses weigh 22.8 grams without lanyard, 24 grams with it!",
Red Paw Packs,Ultralight Dog Backpack,Dog pack,Large,size=L,,other,366000,manufacturer,https://www.garagegrowngear.com/products/ultralight-dog-backpack-by-red-paw-packs,Large: 12.9oz | 366g,
Red Paw Packs,Ultralight Dog Backpack,Dog pack,Medium,size=M,,other,323000,manufacturer,https://www.garagegrowngear.com/products/ultralight-dog-backpack-by-red-paw-packs,Medium: 11.4oz | 323g,
Red Paw Packs,Ultralight Dog Backpack,Dog pack,Small,size=S,,other,278000,manufacturer,https://www.garagegrowngear.com/products/ultralight-dog-backpack-by-red-paw-packs,Small: 9.8oz | 278g,
REI Co-op,Flexlite Air Chair,Camp chair,,,,other,479107,measured,https://www.outdoorgearlab.com/reviews/camping-and-hiking/backpacking-chair/rei-co-op-flexlite-air,16.9 oz,
REI Co-op,Multi Towel Lite,Towel,Medium,size=M,,other,39689,manufacturer,https://www.rei.com/product/161674/rei-co-op-multi-towel-lite-medium,"Multi Towel Lite Medium: 22 x 12.5 in, 1.4 oz",
REI Co-op,Multi Towel Lite,Towel,Small,size=S,,other,21262,manufacturer,https://www.rei.com/product/195822/rei-co-op-multi-towel-lite,"Multi Towel Lite Small: 14 x 10 in, 0.75 oz",
REI Co-op,Multi Towel Lite,Towel,X-Large,size=XL,,other,181437,manufacturer,https://www.rei.com/product/161676/rei-co-op-multi-towel-lite-extra-large,"Multi Towel Lite X-Large: 54 x 25 in, 6.4 oz",
REI Co-op,Multi Towel Mini,Towel,,,,other,17010,manufacturer,https://www.rei.com/product/247514/rei-co-op-multi-towel-mini,Weight: 0.6 ounces,
REI Co-op,Traverse Trekking Poles,Trekking poles,"Aluminum, per pair",,,other,526167,manufacturer,https://www.rei.com/product/251371/rei-co-op-traverse-trekking-poles-pair,Weight: 1.16 lbs (per pair),
REI Co-op,Wonderland Chair,Camp chair,,,,other,6095147,manufacturer,https://www.rei.com/product/217995/rei-co-op-wonderland-chair,Weight: 13 lbs. 7 oz.,
Research Studio,Apex Sunglasses,Sunglasses,,,,other,26000,manufacturer,https://researchstudio.com/products/apex-black-night-bottomless-pit,Apex — frame dimensions spec: Weight: 26 g,
Research Studio,Foam with Bandit Sunglasses,Sunglasses,,,,other,28000,manufacturer,https://researchstudio.com/products/foam-1992-002-bandit,Foam w/ Bandit — frame dimensions spec: Weight w/ lens: 28g,
Research Studio,Pace Sunglasses,Sunglasses,,,,other,24000,manufacturer,https://researchstudio.com/products/pace-black-night-bottomless-pit,Pace — frame dimensions spec: Weight: 24 g,
Research Studio,Scope Sunglasses,Sunglasses,,,,other,26000,manufacturer,https://researchstudio.com/products/scope-black-night-gun-blue,Scope — frame dimensions spec: Weight w/ lens: 26g,
Research Studio,Shadow Sunglasses,Sunglasses,,,,other,27000,manufacturer,https://researchstudio.com/products/shadow-black-night-silver-glacier,Shadow — specs grid: Weight: 27g,
Research Studio,Stride with Bandit Sunglasses,Sunglasses,,,,other,26000,manufacturer,https://researchstudio.com/products/stride-1974-001,Stride w/ Bandit — frame dimensions spec: Weight w/ lens: 26g,
Research Studio,Uncut Sunglasses,Sunglasses,,,,other,27000,manufacturer,https://researchstudio.com/products/uncut-black-night-silver-glacier,Uncut — frame dimensions spec: Weight: 27 g,
Rite in the Rain,All-Weather Pocket Pen,Pen,2-pack,,,other,23000,manufacturer,https://www.garagegrowngear.com/products/all-weather-pocket-pen-by-rite-in-the-rain,Weight: 0.8oz | 23g,
Rite in the Rain,Stapled All-Weather Notebooks,Notebook,3-pack,,,other,57000,manufacturer,https://www.garagegrowngear.com/products/stapled-all-weather-notebook-by-rite-in-the-rain,Weight: 2oz | 57g,
Rite in the Rain,Top Spiral All-Weather Notebook,Notebook,,,,other,57000,manufacturer,https://www.garagegrowngear.com/products/top-spiral-waterproof-notebook-by-rite-in-the-rain,Weight: 2oz | 57g,
Satisfy,Pertex 3L Rain Cap,Rain cap,,,,other,27000,manufacturer,https://satisfyrunning.com/products/pertex-3l-rain-cap,This product weighs 27 grams.,
Sea to Summit,Field Repair Buckle,Repair buckle,"20mm, 1 Pin",,,other,13000,manufacturer,https://www.garagegrowngear.com/products/field-repair-buckle-by-sea-to-summit,1 Pin: 0.46oz | 13g,
Sea to Summit,Field Repair Buckle,Repair buckle,"20mm, 2 Pins",,,other,13000,manufacturer,https://www.garagegrowngear.com/products/field-repair-buckle-by-sea-to-summit,2 Pins: 0.46oz | 13g,
Sea to Summit,Field Repair Buckle,Repair buckle,"25mm, 1 Pin",,,other,15000,manufacturer,https://www.garagegrowngear.com/products/field-repair-buckle-by-sea-to-summit,1 Pin: 0.53oz | 15g,
Sea to Summit,Field Repair Buckle,Repair buckle,"25mm, 2 Pins",,,other,14000,manufacturer,https://www.garagegrowngear.com/products/field-repair-buckle-by-sea-to-summit,2 Pins: 0.49oz | 14g,
Sea to Summit,Field Repair Buckle,Repair buckle,"38mm, 1 Pin",,,other,30000,manufacturer,https://www.garagegrowngear.com/products/field-repair-buckle-by-sea-to-summit,1 Pin: 1.06oz | 30g,
Sea to Summit,Field Repair Buckle,Repair buckle,"38mm, 2 Pins",,,other,29000,manufacturer,https://www.garagegrowngear.com/products/field-repair-buckle-by-sea-to-summit,2 Pins: 1.02oz | 29g,
Sea to Summit,Travel Eye Shades,Eye mask,,,,other,23000,manufacturer,https://www.garagegrowngear.com/products/travel-eye-shades-by-sea-to-summit,Weight:  0.8oz | 23g,
Sea to Summit,Ultra-Sil Dry Bag,Dry bag,13L,volume_l=13,,other,47000,manufacturer,https://seatosummit.com/products/ultra-sil-dry-bag,13L: 47 g / 1.7 oz,
Sea to Summit,Ultra-Sil Dry Bag,Dry bag,20L,volume_l=20,,other,58000,manufacturer,https://seatosummit.com/products/ultra-sil-dry-bag,20L: 58 g / 2.0 oz,
Sea to Summit,Ultra-Sil Dry Bag,Dry bag,35L,volume_l=35,,other,74000,manufacturer,https://seatosummit.com/products/ultra-sil-dry-bag,35L: 74 g / 2.6 oz,
Sea to Summit,Ultra-Sil Dry Bag,Dry bag,3L,volume_l=3,,other,30000,manufacturer,https://seatosummit.com/products/ultra-sil-dry-bag,3L: 30 g / 1.1 oz,
Sea to Summit,Ultra-Sil Dry Bag,Dry bag,5L,volume_l=5,,other,32000,manufacturer,https://seatosummit.com/products/ultra-sil-dry-bag,5L: 32 g / 1.1 oz,
Sea to Summit,Ultra-Sil Dry Bag,Dry bag,8L,volume_l=8,,other,39000,manufacturer,https://seatosummit.com/products/ultra-sil-dry-bag,Weight: 39 g 1.4 oz,
Sea to Summit,Ultra-Sil Stuff Sack,Stuff sack,1.5L,volume_l=1.5,,other,16000,manufacturer,https://seatosummit.com/products/the-ultra-sil-stuff-sack,1.5L: 16 g / 0.6 oz,
Sea to Summit,Ultra-Sil Stuff Sack,Stuff sack,13L,volume_l=13,,other,44000,manufacturer,https://seatosummit.com/products/the-ultra-sil-stuff-sack,13L: 44 g / 1.6 oz,
Sea to Summit,Ultra-Sil Stuff Sack,Stuff sack,20L,volume_l=20,,other,49000,manufacturer,https://seatosummit.com/products/the-ultra-sil-stuff-sack,20L: 49 g / 1.7 oz,
Sea to Summit,Ultra-Sil Stuff Sack,Stuff sack,3L,volume_l=3,,other,20000,manufacturer,https://seatosummit.com/products/the-ultra-sil-stuff-sack,3L: 20 g / 0.7 oz,
Sea to Summit,Ultra-Sil Stuff Sack,Stuff sack,5L,volume_l=5,,other,25000,manufacturer,https://seatosummit.com/products/the-ultra-sil-stuff-sack,5L: 25 g / 0.9 oz,
Sea to Summit,Ultra-Sil Stuff Sack,Stuff sack,8L,volume_l=8,,other,32000,manufacturer,https://seatosummit.com/products/the-ultra-sil-stuff-sack,8L: 32 g / 1.1 oz,
Sea to Summit,Ultra-Sil Stuff Sack,Stuff sack,"Large, 15L",size=L; volume_l=15,,other,28350,manufacturer,https://www.ellis-brigham.com/sea-to-summit-ultra-sil-stuff-sack-large-15l-253103900,"Large 15L = 1.0 oz (28 g). Previous-generation Ultra-Sil sizing (current S2S line is 1.5/3/5/8/13/20L); 15L spec confirmed across retailers (Ellis-Brigham, REI, Altitude Sports).",
Sea to Summit,Ultra-Sil Stuff Sack,Stuff sack,"XX-Small, 2.5L",size=XXS; volume_l=2.5,,other,11340,manufacturer,https://www.altitude-sports.com/products/sea-to-summit-ultra-sil-stuff-sack-xxs-2-5-l-llll-sts-181,Spec table: 'XXS 4'' x 8.5'' 0.4 oz 11g 130 cu in /2.5 Liter'. Previous-generation Ultra-Sil sizing.,
Sealson,RVxSE P1 Mesh Wallet,Wallet,,,,other,25800,manufacturer,https://sealson.co/products/sexrv-p1-mesh-wallet,Dimension Hight: 8cm Width: 13cm Weight 25.8g,
Six Moon Designs,Hands Free Umbrella Kit,Umbrella,,,,other,10000,manufacturer,https://www.garagegrowngear.com/products/hands-free-umbrella-kit-by-six-moon-designs,Weight: 0.35oz | 10g,
Six Moon Designs,Pack Liner,Pack liner,,,,other,85000,manufacturer,https://www.garagegrowngear.com/products/pack-liner-by-six-moon-designs,Weight: 3oz | 85g,
Six Moon Designs,Packing Pod,Packing cubes,"Large, 7L",size=L; volume_l=7,,other,28000,manufacturer,https://www.garagegrowngear.com/products/pack-pods-3-pack-large-by-six-moon-designs,Weight: 1oz | 28g,
Six Moon Designs,Rain Walker SUL Umbrella,Umbrella,,,,other,156000,manufacturer,https://www.garagegrowngear.com/products/rain-walker-sul-umbrella-by-six-moon-designs,Weight: 5.5oz | 156g,
Six Moon Designs,Silver Shadow Carbon Umbrella,Umbrella,,,,other,192777,manufacturer,https://www.sixmoondesigns.com/products/silver-shadow-carbon-umbrella,6.8 oz | 193 g,
Six Moon Designs,Silver Shadow Mini,Umbrella,,,,other,193000,manufacturer,https://www.garagegrowngear.com/products/silver-shadow-mini-by-six-moon-designs,Weight: 6.8oz | 193g,
SKS Bottles,Fine Mist Sprayer,Spray bottle,10ml,volume_l=0.01,,other,10000,manufacturer,https://www.garagegrowngear.com/products/fine-mist-sprayers-by-sks-bottles,Weight:  0.35oz | 10g,
SKS Bottles,Hinged Box Container,Container,,,,other,6000,manufacturer,https://www.garagegrowngear.com/products/hinged-containers,Weight: 0.2oz | 6g,
SKS Bottles,Pill Bottle,Pill bottle,20mm,,,other,11000,manufacturer,https://www.garagegrowngear.com/products/pill-bottles,Weight: 0.4oz | 11g,
SKS Bottles,Toiletry Bottle,Toiletry bottle,,,,other,8500,manufacturer,https://www.garagegrowngear.com/products/lotion-bottles,Weight: 0.3oz | 8.5g,
Snow Peak,Camping Bucket Jumbo,Container,6gal,volume_l=22.712,,other,370000,manufacturer,https://www.snowpeak.com/products/camping-bucket-jumbo-fp-150,Weight 13 oz (370 g),
Snow Peak,Low Beach Chair,Camp chair,,,,other,3628739,manufacturer,https://www.snowpeak.com/products/low-beach-chair,Weight: 8 lbs (3.5 kg),
SnoWander,PoleClinometer Version 2.0,Inclinometer,,,,other,1500,manufacturer,https://www.garagegrowngear.com/products/poleclinometer-by-snowander,Weight: 0.05 ounces | 1.5 grams,
Soar,Cirrus Titanium Sunglasses 01,Sunglasses,,,,other,20000,manufacturer,https://www.soarrunning.com/en-us/products/cir-r-sil-01-soar-x-cubitts-sunglasses-01,Ultra Lightweight 20g (page also states 'Weighing just over 19 grams'),
Soar,Cirrus Titanium Sunglasses 02,Sunglasses,,,,other,20000,manufacturer,https://www.soarrunning.com/en-us/products/cir-r-sil-02-soar-x-cubitts-sunglasses-02,Ultra Lightweight 20g (page also states 'Weighing just over 19 grams'),
SOL,Duct Tape,Duct tape,50in mini roll,,,other,20000,manufacturer,https://www.garagegrowngear.com/products/duct-tape-2-x-50-rolls-by-sol,Weight: 0.7oz | 20g (per roll),
Soto,Field Hopper Table,Table,,,,other,395000,manufacturer,https://www.garagegrowngear.com/products/field-hopper-table-by-soto-outdoors,Table: 13.9oz | 395g,
Space Bear Bags,First Aid Pouch,First aid pouch,,,,other,9000,manufacturer,https://www.garagegrowngear.com/products/first-aid-pouch-by-space-bear-bags,Weight: 0.3oz | 9g,
Space Bear Bags,Poop-moji Pouch,Pouch,Regular,size=Regular,,other,9000,manufacturer,https://www.garagegrowngear.com/products/poop-moji-pouch-by-space-bear-bags,Regular: 0.3oz | 9g,
Space Bear Bags,Poop-moji Pouch,Pouch,Tall,size=Tall,,other,11000,manufacturer,https://www.garagegrowngear.com/products/poop-moji-pouch-by-space-bear-bags,Tall: 0.4oz | 11g,
Space Bear Bags,Poop-moji Pouch,Pouch,Wide,size=Wide,,other,11000,manufacturer,https://www.garagegrowngear.com/products/poop-moji-pouch-by-space-bear-bags,Wide: 0.4oz | 11g,
Spuds Adventure Gear,Stick Stashers 2.0,Pole holder,,,,other,43000,manufacturer,https://www.garagegrowngear.com/products/stick-stashers-by-spuds-adventure-gear,Weight: 1.5oz | 43g,
SÜLgear,Adventure Wallet,Wallet,,,,other,9000,manufacturer,https://www.garagegrowngear.com/products/adventure-wallet-by-sulgear,Weight: 0.35oz | 9g,
Suluk 46,Atani Titanium Tent Stake,Tent stakes,6in,length=6in,,other,5000,manufacturer,https://www.garagegrowngear.com/products/atani-titanium-tent-stakes-by-suluk-46,"6"": 0.18oz | 5g",
Suluk 46,Atani Titanium Tent Stake,Tent stakes,8in,length=8in,,other,9000,manufacturer,https://www.garagegrowngear.com/products/atani-titanium-tent-stakes-by-suluk-46,"8"": 0.32oz | 9g",
Suluk 46,Olik Titanium Snow Stake,Snow stakes,,,,other,14000,manufacturer,https://www.garagegrowngear.com/products/olik-titanium-snow-stakes-by-suluk-46,Weight: 0.5oz | 14g each,
Suluk 46,Tark Titanium Backpacking Trowel,Trowel,Hybrid,,,other,16000,manufacturer,https://suluk46.com/product/tark-ultralight-backpacking-trowels/,"Tark Hybrid Titanium: 16 g — other variants: Compact 10 g, Large 19 g. Brand is Suluk 46 (Canada).",
Sunski,Tera,Sunglasses,,,,other,26100,manufacturer,https://sunski.com/products/og-tera,"Weight: 26.1 g (polarized; sunglasses filed under other, matching the Treeline row).",
Sunski,Treeline,Sunglasses,,,,other,28100,manufacturer,https://sunski.com/products/og-treeline,Weight: 28.1 grams,
Supai Adventure Gear,Canyon Flatwater Lightweight Packraft,Packraft,,,,other,680000,manufacturer,https://www.garagegrowngear.com/products/lightweight-packraft-canyon-flatwater-2-by-supai-adventure-gear,Weight: 24oz | 680g,
Supai Adventure Gear,Inflation Sack,Inflation bag,,,,other,40000,manufacturer,https://www.garagegrowngear.com/products/inflation-sack-by-supai-adventure-gear,Weight: 1.4oz | 40g,
Supai Adventure Gear,Matkat Flatwater Lightweight Packraft,Packraft,,,,other,794000,manufacturer,https://www.garagegrowngear.com/products/matkat-flatwater-lightweight-packraft-by-supai-adventure-gear,Weight: 28oz | 794g,
Supai Adventure Gear,Olo Packraft Paddle,Paddle,,,,other,411000,manufacturer,https://www.garagegrowngear.com/products/olo-packraft-paddle-by-supai-adventure-gear,Total assembled (blades & shaft): 14.5oz | 411g,
Superior Gear,Superior Hammock Suspension System,Hammock straps,,,,other,198000,manufacturer,https://www.garagegrowngear.com/products/superior-suspension-system-by-superior-gear,Weight: 7oz | 198g,
Suunto,Clipper L/B NH Compass,Compass,,,,other,5103,manufacturer,https://www.gossamergear.com/products/suunto-clipper-compact-compass,Weight: 0.18 oz / 5g (Suunto spec; Suunto's own page is JS-rendered. Corroborated by Litesmith citing manufacturer).,
Symbiosis Gear,Universal Sternum Strap,Sternum strap,,,,other,20000,manufacturer,https://www.garagegrowngear.com/products/universal-sternum-strap-by-symbiosis-gear,Weight: 0.7oz | 20g,
Teragon Gear,Pioneer Titanium Tent Stake,Tent stakes,"Pioneer 1, 5.9in",length=5.9in,,other,5100,manufacturer,https://www.garagegrowngear.com/products/pioneer-titanium-tent-stake-by-teragon-gear,Pioneer 1: 0.18oz | 5.1g,
Teragon Gear,Pioneer Titanium Tent Stake,Tent stakes,"Pioneer 2, 7.1in",length=7.1in,,other,7700,manufacturer,https://www.garagegrowngear.com/products/pioneer-titanium-tent-stake-by-teragon-gear,Pioneer 2: 0.25oz | 7.7g,
Teragon Gear,Pioneer Torque Tent Stake,Tent stakes,,,,other,9000,manufacturer,https://www.garagegrowngear.com/products/pioneer-torque-tent-stake-by-teragon-gear,Total: 0.32oz | 9g,
The Prairie Dog,Shovel,Shovel,,,,other,18000,manufacturer,https://www.garagegrowngear.com/products/the-prairie-dog-shovel-by-the-prairie-dog,Weight: 0.6oz | 18g,
Therm-a-Rest,Z Seat,Sit pad,,,,other,56699,manufacturer,https://cascadedesigns.com/products/z-seat,Weight: 2 oz / 0.06 kg,
ThermoWorks,Zipper-Pull Hiking Thermometer,Thermometer,,,,other,14300,manufacturer,https://www.garagegrowngear.com/products/zipper-pull-thermometer-by-thermodrop,Weight: 0.5oz | 14.3g,
TheTentLab,DirtSaw Deuce #2 Trowel,Trowel,,,,other,17000,manufacturer,https://www.garagegrowngear.com/products/deuce-2-trowel-by-the-tentlab,Weight: 0.6oz | 17g,
TheTentLab,DirtSaw Deuce #3 Trowel,Trowel,,,,other,27000,manufacturer,https://www.garagegrowngear.com/products/deuce-3-trowel-by-the-tentlab,Weight: 0.95oz | 27g,
TheTentLab,The Deuce of Spades #2 Trowel,Trowel,,,,other,17010,manufacturer,https://www.thetentlab.com/Deuce/number2.html,The Deuce #2 - .60 oz,
Toaks,Titanium Folding Knife,Knife,,,,other,14000,manufacturer,https://www.garagegrowngear.com/products/titanium-folding-knife-by-toaks,Weight: 0.5oz | 14g,
Trail Stuff,Trailbrush,Brush,,,,other,4400,manufacturer,https://www.garagegrowngear.com/products/trailbrush-by-trail-stuff,Weight: 0.156 oz | 4.4 grams,
Trekker Joe's,Diver Mesh Water Bottle Sleeve,Bottle sleeve,,,,other,28000,manufacturer,https://www.garagegrowngear.com/products/diver-mesh-water-bottle-sleeve-by-trekker-joes,Weight: 1.0oz | 28g,
Trekker Joe's,Shoulder Strap Pocket,Shoulder pocket,,,,other,31000,manufacturer,https://www.garagegrowngear.com/products/diver-mesh-shoulder-strap-pocket-by-trekker-joes,Weight: 1.1oz | 31g,
UltraliteSacks,Ultralight Compression Sack,Compression sack,"Large, 9.5L",size=L; volume_l=9.5,,other,68000,manufacturer,https://www.garagegrowngear.com/products/compression-dry-bag-by-ultralitesacks,Large: 2.4oz | 68g,
UltraliteSacks,Ultralight Compression Sack,Compression sack,"Medium, 6.8L",size=M; volume_l=6.8,,other,59500,manufacturer,https://www.garagegrowngear.com/products/compression-dry-bag-by-ultralitesacks,Medium: 2.1oz | 59.5g,
UltraliteSacks,Ultralight Compression Sack,Compression sack,"Small, 5.5L",size=S; volume_l=5.5,,other,51000,manufacturer,https://www.garagegrowngear.com/products/compression-dry-bag-by-ultralitesacks,Small: 1.8oz | 51g,
UltraliteSacks,Ultralight Cube,Packing cubes,Large,size=L,,other,17000,manufacturer,https://www.garagegrowngear.com/products/zippered-cube-kit-by-ultralitesacks,Large: 0.6oz | 17g,
UltraliteSacks,Ultralight Cube,Packing cubes,Regular,size=Regular,,other,11000,manufacturer,https://www.garagegrowngear.com/products/zippered-cube-kit-by-ultralitesacks,Regular: 0.4oz | 11g,
UltraliteSacks,Ultralight Cube,Packing cubes,X-Large,size=XL,,other,26000,manufacturer,https://www.garagegrowngear.com/products/zippered-cube-kit-by-ultralitesacks,X-Large: 0.9oz | 26g,
UltraliteSacks,Ultralight Zippered Bear Bag,Bear bag,Large,size=L,volume_l,other,68000,manufacturer,https://www.garagegrowngear.com/products/ultralight-zippered-bear-bag-by-ultralitesacks,Large: 2.4oz | 68g,
UltraliteSacks,Ultralight Zippered Bear Bag,Bear bag,Regular,size=Regular,volume_l,other,40000,manufacturer,https://www.garagegrowngear.com/products/ultralight-zippered-bear-bag-by-ultralitesacks,Regular: 1.4oz | 40g,
Ursack,Major 2XL,Bear bag,,volume_l=30,,other,309000,manufacturer,https://www.garagegrowngear.com/products/ursack-major-2xl-by-ursack,Weight: 10.9oz | 309g,
Ursack,Major AllMitey,Bear bag,,volume_l=10.65,,other,269320,manufacturer,https://ursack.com/products/ursack-allmitey,The AllMitey weighs 9.5 ounces,
Ursack,Major Bear Bag,Bear bag,10.65L,volume_l=10.65,,other,215456,manufacturer,https://ursack.com/products/ursack-major,Weight: 7.6 oz,
Ursack,Major XL,Bear bag,,volume_l=15,,other,249000,manufacturer,https://www.garagegrowngear.com/products/ursack-major-by-ursack,Weight: 8.8oz | 249g,
Vargo,Dig Dig Tool,Trowel,,,,other,34000,manufacturer,https://www.garagegrowngear.com/products/dig-dig-tool-by-vargo-outdoors,Weight: 1.25oz | 34g,
Vargo,Titanium Ascent Tent Stake,Tent stakes,,,,other,10000,manufacturer,https://www.garagegrowngear.com/products/titanium-ascent-tent-stake-by-vargo-outdoors,Weight: 0.3oz | 10g,
Vargo,Titanium Nail Peg,Tent stakes,Ultralight,,,other,9000,manufacturer,https://www.garagegrowngear.com/products/titanium-nail-peg-ultralight-by-vargo-outdoors,Weight: 0.3oz | 9g,
Vargo,Titanium Shepherd's Hook Tent Stake,Tent stakes,,,,other,8000,manufacturer,https://www.garagegrowngear.com/products/titanium-tent-stake-by-vargo-outdoors,Weight: 0.3oz | 8g,
Vargo,Titanium Whistle,Whistle,,,,other,3000,manufacturer,https://www.garagegrowngear.com/products/titanium-emergency-whistle-by-vargo-outdoor,Weight: 0.1oz | 3g,
Vaucluse Backpack Ventilation Gear,Mesh Sleeve for Ultralight Ventilation Frame,Mesh sleeve,,,,other,59500,manufacturer,https://www.garagegrowngear.com/products/mesh-sleeve-for-ultralight-ventilation-frame-by-vaucluse-backpack-ventilation-gear-copy,Weight: 2.1oz | 59.5g,
Vaucluse Backpack Ventilation Gear,Ultralight Backpack Ventilation Frame,Ventilation frame,,,,other,94000,manufacturer,https://www.garagegrowngear.com/products/ultralight-backpack-ventilation-frame-by-vaucluse-backpack-ventilation-gear,Weight: 3.3oz | 94g,
Victorinox,Classic SD,Knife,,,,other,22680,manufacturer,https://www.victorinox.com/en-US/Products/Swiss-Army-Knives/Small-Pocket-Knives/Classic-SD/p/0.6223,Dimensions section lists Weight: 0.8 oz (a.k.a. Swiss Army Mini Classic). Manufacturer page gives oz only; secondary retailers commonly list ~21 g.,
Voile,Strap,Straps,12in,length=12in,,other,17000,manufacturer,https://www.garagegrowngear.com/products/voile-straps,12in: 0.6oz | 17g,
Voile,Strap,Straps,15in,length=15in,,other,21000,manufacturer,https://www.garagegrowngear.com/products/voile-straps,15in: 0.7oz | 21g,
Vuarnet,Glacier 02 Sunglasses,Sunglasses,,,,other,52000,manufacturer,https://us.vuarnet.com/products/glacier-round-02,"Weight: 52 grams with lenses, removable side shields, nose and strap",
Wild Ideas,Bearikade Weekender,Bear canister,,volume_l=10.652,,other,878835,manufacturer,https://wild-ideas.net/weekender/,Weighs just over 31 ounces,
Yama Mountain Gear,DCF Stake Bag,Stake bag,,,,other,3800,manufacturer,https://yamamountaingear.com/products/dcf-stake-bag,Weight & Material: 0.8 oz DCF (CT2E.08): 3.8g | 0.13 oz,
Yama Mountain Gear,Stand Alone Rigging Kit,Rigging kit,For Bivy,,,other,17000,manufacturer,https://www.garagegrowngear.com/products/stand-alone-rigging-kit-by-yama-mountain-gear,Bug Bivy Version: 0.6oz | 17g,
Yama Mountain Gear,Stand Alone Rigging Kit,Rigging kit,For Bug Shelter,,,other,19000,manufacturer,https://www.garagegrowngear.com/products/stand-alone-rigging-kit-by-yama-mountain-gear,Bug Shelter Version: 0.67oz | 19g,
Zenbivy,Compression Cap,Compression straps,10L,volume_l=10,,other,70000,manufacturer,https://zenbivy.com/products/compression-caps,10L: 2.5 oz (70 g),
Zenbivy,Compression Cap,Compression straps,15L,volume_l=15,,other,76000,manufacturer,https://zenbivy.com/products/compression-caps,15L: 2.7 oz (76 g),
Zenbivy,Compression Cap,Compression straps,20L,volume_l=20,,other,85000,manufacturer,https://zenbivy.com/products/compression-caps,20L: 3.0 oz (85 g),
Zenbivy,Compression Cap,Compression straps,4L,volume_l=4,,other,56000,manufacturer,https://zenbivy.com/products/compression-caps,4L: 2.0 oz (56 g),
Zenbivy,Compression Cap,Compression straps,7L,volume_l=7,,other,65000,manufacturer,https://zenbivy.com/products/compression-caps,7L: 2.3 oz (65 g),
Zenbivy,Dry Sack,Dry bag,10L,volume_l=10,,other,65000,manufacturer,https://zenbivy.com/products/dry-sack,10L: 2.3 oz (65 g),
Zenbivy,Dry Sack,Dry bag,15L,volume_l=15,,other,79000,manufacturer,https://zenbivy.com/products/dry-sack,15L: 2.8 oz (79 g),
Zenbivy,Dry Sack,Dry bag,20L,volume_l=20,,other,96000,manufacturer,https://zenbivy.com/products/dry-sack,20L: 3.4 oz (96 g),
Zenbivy,Dry Sack,Dry bag,4L,volume_l=4,,other,54000,manufacturer,https://zenbivy.com/products/dry-sack,4L: 1.9 oz (54 g),
Zenbivy,Dry Sack,Dry bag,7L,volume_l=7,,other,56000,manufacturer,https://zenbivy.com/products/dry-sack,7L: 2.0 oz (56 g),
Zenbivy,Dry Sack + Compression Cap,Dry bag,10L,volume_l=10,,other,136000,manufacturer,https://zenbivy.com/products/dry-sack-with-caps,10L Set: 4.8 oz (136 g),
Zenbivy,Dry Sack + Compression Cap,Dry bag,15L,volume_l=15,,other,156000,manufacturer,https://zenbivy.com/products/dry-sack-with-caps,15L Set: 5.5 oz (156 g),
Zenbivy,Dry Sack + Compression Cap,Dry bag,20L,volume_l=20,,other,181000,manufacturer,https://zenbivy.com/products/dry-sack-with-caps,20L Set: 6.4 oz (181 g),
Zenbivy,Dry Sack + Compression Cap,Dry bag,4L,volume_l=4,,other,110000,manufacturer,https://zenbivy.com/products/dry-sack-with-caps,4L Set: 3.9 oz (110 g),
Zenbivy,Dry Sack + Compression Cap,Dry bag,7L,volume_l=7,,other,122000,manufacturer,https://zenbivy.com/products/dry-sack-with-caps,7L Set: 4.3 oz (122 g),
Zpacks,Airplane Case,Case,,,,other,87000,manufacturer,https://zpacks.com/products/airplane-case,Weight 3.1 oz / 87 g,
Zpacks,Arc Backpack Belt,Hip belt,,,,other,108000,manufacturer,https://zpacks.com/products/replacement-arc-backpack-belt,Weight 3.8 oz / 108 g,
Zpacks,Bear Bagging Kit,Bear hang kit,,,,other,92000,manufacturer,https://zpacks.com/products/bear-bagging-kit,Weight 3.2 oz / 92 g,
Zpacks,Carbon Fiber Staff,Hiking staff,,,,other,232000,manufacturer,https://zpacks.com/products/carbon-fiber-staff,Weight 8.2 oz / 232 g,
Zpacks,Carbon Fiber Tent Pole,Tent poles,32in,length=32in,,other,27000,manufacturer,https://www.garagegrowngear.com/products/carbon-fiber-tent-poles-by-zpacks,Weight: 0.95oz | 27g,
Zpacks,Carbon Fiber Tent Pole,Tent poles,48in,length=48in,,other,74000,manufacturer,https://www.garagegrowngear.com/products/carbon-fiber-tent-poles-by-zpacks,Weight: 2.6oz | 74g,
Zpacks,Carbon Fiber Tent Pole,Tent poles,52in,length=52in,,other,79000,manufacturer,https://www.garagegrowngear.com/products/carbon-fiber-tent-poles-by-zpacks,Weight: 2.8oz | 79g,
Zpacks,Carbon Fiber Tent Pole,Tent poles,58in,length=58in,,other,111000,manufacturer,https://www.garagegrowngear.com/products/carbon-fiber-tent-poles-by-zpacks,Weight: 3.9oz | 111g,
Zpacks,Cooking Pot Stuff Sack,Stuff sack,,,volume_l,other,3600,manufacturer,https://zpacks.com/products/cooking-pot-stuff-sack,Weight 0.13 oz / 3.6 g,
Zpacks,Document Zip Pouch,Pouch,,,,other,27000,manufacturer,https://zpacks.com/products/document-zip-pouch,Weight 0.95 oz / 27 g,
Zpacks,Double-Hook Apparatus,Gear hooks,,,,other,2100,manufacturer,https://zpacks.com/products/double-hook-apparatus,Weight 0.07 oz / 2.1 g,
Zpacks,Dry Bag,Dry bag,Big,size=Big; volume_l=10.7,,other,20000,manufacturer,https://zpacks.com/products/big-dry-bag,Weight 0.71 oz / 20 g,
Zpacks,Dry Bag,Dry bag,M+,size=M+; volume_l=8.2,,other,20000,manufacturer,https://zpacks.com/products/medium-plus-dry-bag,Weight 0.71 oz / 20 g,
Zpacks,Dry Bag,Dry bag,Medium,size=M; volume_l=5.6,,other,17000,manufacturer,https://zpacks.com/products/medium-dry-bag,Weight 0.6 oz / 17 g,
Zpacks,Dry Bag,Dry bag,Slim,size=Slim; volume_l=4,,other,15000,manufacturer,https://zpacks.com/products/slim-dry-bag,Weight 0.53 oz / 15 g,
Zpacks,Dry Bag,Dry bag,Small,size=S; volume_l=2.2,,other,12000,manufacturer,https://zpacks.com/products/small-dry-bag,Weight 0.42 oz / 12 g,
Zpacks,Dry Bag,Dry bag,Tall,size=Tall; volume_l=5.7,,other,17000,manufacturer,https://zpacks.com/products/tall-dry-bag,Weight 0.6 oz / 17 g,
Zpacks,Duplex Freestanding Flex Kit,Tent poles,,,,other,394000,manufacturer,https://zpacks.com/products/duplex-freestanding-flex-kit,Weight 13.9 oz / 394 g,
Zpacks,Foam Sit Pad,Sit pad,,,,other,27000,manufacturer,https://zpacks.com/products/foam-sit-pad,Weight 0.95 oz / 27 g,
Zpacks,Food Bag,Food bag,Big,size=Big; volume_l=10.7,,other,31000,manufacturer,https://zpacks.com/products/big-food-bag,Weight 1.1 oz / 31 g,
Zpacks,Food Bag,Food bag,Large,size=L; volume_l=14,,other,38000,manufacturer,https://zpacks.com/products/large-food-bag,Weight 1.3 oz / 38 g,
Zpacks,Gear Nest,Pouch,,,,other,10500,manufacturer,https://zpacks.com/products/gear-nest,Weight 0.37 oz / 10.5 g,
Zpacks,Glasses Zip Pouch,Pouch,,,,other,10600,manufacturer,https://zpacks.com/products/glasses-zip-pouch,Weight 0.37 oz / 10.6 g,
Zpacks,Groundsheet Attachment Kit,Rigging kit,,,,other,11000,manufacturer,https://zpacks.com/products/groundsheet-attachment-kit,Weight 0.39 oz / 11 g,
Zpacks,Hip Belt Pouch,Hip belt pocket,,,,other,24000,manufacturer,https://www.garagegrowngear.com/products/belt-pouch-by-zpacks,Weight: 0.85oz | 24g,
Zpacks,Ice Axe Loops,Gear hooks,both sides of pack,,,other,3000,manufacturer,https://zpacks.com/products/ice-axe-loops-both-sides-of-pack,Weight 0.11 oz / 3 g,
Zpacks,Itty Bitty Ditty Bag,Stuff sack,,volume_l=0.56,,other,11200,manufacturer,https://zpacks.com/products/itty-bitty-ditty-bag,Weight 0.4 oz / 11.2 g,
Zpacks,Lotus UL Umbrella,Umbrella,,,,other,193000,manufacturer,https://www.garagegrowngear.com/products/lotus-ul-umbrella-by-zpacks,Weight: 6.8oz | 193g,
Zpacks,Lumbar Pad,Back pad,,,,other,28000,manufacturer,https://zpacks.com/products/lumbar-pad,Weight 0.99 oz / 28 g,
Zpacks,Mesh Tent Pocket,Pouch,,,,other,4000,manufacturer,https://zpacks.com/products/mesh-tent-pocket,Weight 0.14 oz / 4 g,
Zpacks,Mini Hair Brush w/ Mirror,Hairbrush,,,,other,33000,manufacturer,https://zpacks.com/products/mini-hair-brush-w-mirror,Weight 1.2 oz / 33 g,
Zpacks,Pack Cover,Pack cover,,,,other,40000,manufacturer,https://zpacks.com/products/pack-cover,Weight 1.4 oz / 40 g,
Zpacks,Pack Liner,Pack liner,,,,other,35000,manufacturer,https://zpacks.com/products/pack-liner,Weight 1.2 oz / 35 g,
Zpacks,Padded Belt for Frameless Backpacks,Hip belt,,,,other,88000,manufacturer,https://zpacks.com/products/padded-belt-for-nero-bagger,Weight 3.1 oz / 88 g,
Zpacks,Passport Zip Pouch,Pouch,,,,other,9400,manufacturer,https://zpacks.com/products/passport-zip-pouch,Weight 0.33 oz / 9.4 g,
Zpacks,Phablet Zip Pouch,Pouch,,,,other,10600,manufacturer,https://zpacks.com/products/phablet-zip-pouch,Weight 0.37 oz / 10.6 g,
Zpacks,Phone Zip Pouch,Pouch,,,,other,9400,manufacturer,https://zpacks.com/products/phone-zip-pouch,Weight 0.33 oz / 9.4 g,
Zpacks,Potty Pack with Trowel,Bathroom kit,,,,other,39000,manufacturer,https://zpacks.com/products/potty-pack,Weight 1.4 oz / 39 g,
Zpacks,Rectangle Dry Bag,Dry bag,Large,size=L; volume_l=14,,other,24000,manufacturer,https://zpacks.com/products/large-rectangle-dry-bag,Weight 0.85 oz / 24 g,
Zpacks,Rock Sack,Rock sack,,,,other,4200,manufacturer,https://zpacks.com/products/rock-stuff-sack,Weight 0.15 oz / 4.2 g,
Zpacks,Shoulder Strap Pads,Shoulder pads,,,,other,27000,manufacturer,https://zpacks.com/products/pair-of-shoulder-strap-pads,Weight 0.95 oz / 27 g,
Zpacks,Shoulder Strap Pocket,Shoulder pocket,Drawstring,,,other,18000,manufacturer,https://www.garagegrowngear.com/products/shoulder-strap-with-zipper-by-zpacks,Drawstring Pocket: 0.63oz | 18g,
Zpacks,Shoulder Strap Pocket,Shoulder pocket,Zippered,,,other,25000,manufacturer,https://www.garagegrowngear.com/products/shoulder-strap-with-zipper-by-zpacks,Zippered Pocket: 0.88oz | 25g,
Zpacks,Sleeping Pad Slide Stopper Set,Straps,,,,other,11260,manufacturer,https://zpacks.com/products/sleep-pad-slide-stopper,Weight 0.4 oz / 11.26 g,
Zpacks,Sonic Stake,Tent stakes,6in Sonic,,,other,8500,manufacturer,https://www.garagegrowngear.com/products/sonic-stake-by-zpacks,"6"" Sonic: 0.3oz | 8.5g",
Zpacks,Sonic Stake,Tent stakes,7in Super Sonic,,,other,16000,manufacturer,https://www.garagegrowngear.com/products/sonic-stake-by-zpacks,"7"" Super Sonic: 0.56oz | 16g",
Zpacks,Stake Sack,Stake bag,,,,other,3400,manufacturer,https://zpacks.com/products/stake-sack,Weight 0.12 oz / 3.4 g,
Zpacks,Stove Stuff Sack,Stuff sack,,,volume_l,other,2600,manufacturer,https://zpacks.com/products/stove-stuff-sack,"0.09 oz / 2.6 g (black 1.0 oz/sqyd Dyneema Composite Fabric, 3.5"" x 5.5""; sized for a Soto Windmaster canister stove)",
Zpacks,Stuff Sack,Stuff sack,Big,size=Big; volume_l=10.7,,other,10000,manufacturer,https://zpacks.com/products/big-stuff-sack,Weight 0.35 oz / 10 g,
Zpacks,Stuff Sack,Stuff sack,Large,size=L; volume_l=12.3,,other,11400,manufacturer,https://zpacks.com/products/large-stuff-sack,Weight 0.4 oz / 11.4 g,
Zpacks,Stuff Sack,Stuff sack,M+,size=M+; volume_l=8.5,,other,9000,manufacturer,https://zpacks.com/products/medium-plus-stuff-sack,Weight 0.32 oz / 9 g,
Zpacks,Stuff Sack,Stuff sack,Medium,size=M; volume_l=5.6,,other,7800,manufacturer,https://zpacks.com/products/medium-stuff-sack,Weight 0.28 oz / 7.8 g,
Zpacks,Stuff Sack,Stuff sack,Mini,size=Mini; volume_l=0.9,,other,4200,manufacturer,https://zpacks.com/products/mini-stuff-sack,Weight 0.15 oz / 4.2 g,
Zpacks,Stuff Sack,Stuff sack,S+,size=S+; volume_l=3,,other,6000,manufacturer,https://zpacks.com/products/small-plus-stuff-sack,Weight 0.21 oz / 6 g,
Zpacks,Stuff Sack,Stuff sack,Slim,size=Slim; volume_l=4,,other,6800,manufacturer,https://zpacks.com/products/slim-stuff-sack,Weight 0.24 oz / 6.8 g,
Zpacks,Stuff Sack,Stuff sack,Small,size=S; volume_l=1.7,,other,5000,manufacturer,https://zpacks.com/products/small-stuff-sack,Weight 0.18 oz / 5 g,
Zpacks,Tablet Zip Pouch,Pouch,,,,other,13500,manufacturer,https://zpacks.com/products/tablet-zip-pouch,Weight 0.48 oz / 13.5 g,
Zpacks,Tiny Oval Carabiner,Carabiner,,,,other,1500,manufacturer,https://zpacks.com/products/zpacks-tiny-oval-carabiner-4-pack,Weight 0.05 oz / 1.5 g,
Zpacks,Top Side Pocket,Pack pocket,,,,other,14000,manufacturer,https://zpacks.com/products/top-side-pocket,Weight 0.49 oz / 14 g,
Zpacks,Trailbrush,Toothbrush,brush only,,,other,2000,manufacturer,https://zpacks.com/products/trailbrush-w-5g-colgate-toothpaste,Brush - 0.07 oz (2 g) — brush head that mounts on a titanium spoon/spork handle; sold as 'Trailbrush w/ 5g Colgate Toothpaste'.,
Zpacks,Travel Utility Zip,Pouch,,,,other,26000,manufacturer,https://zpacks.com/products/travel-line-utility-zip,Weight 0.92 oz / 26 g,
Zpacks,Trekking Pole Cup,Pole holder,,,,other,4000,manufacturer,https://zpacks.com/products/trekking-pole-cup,Weight 0.14 oz / 4 g,
Zpacks,Trekking Pole Holsters,Pole holder,both sides of pack,,,other,12000,manufacturer,https://zpacks.com/products/trekking-pole-holsters-both-sides-of-pack,Weight 0.42 oz / 12 g,
Zpacks,Tri-Fold Minimalist Wallet,Wallet,,,,other,12200,manufacturer,https://zpacks.com/products/tri-fold-minimalist-wallet,Weight 0.43 oz / 12.2 g,
Zpacks,Ultralight Dog Bowl,Dog bowl,Large,size=L,,other,8000,manufacturer,https://zpacks.com/products/ultralight-dog-bowl,"Size selector lists per-size gram weights: Small / Single - 4, Large / Single - 8",
Zpacks,Ultralight Dog Bowl,Dog bowl,Small,size=S,,other,4000,manufacturer,https://zpacks.com/products/ultralight-dog-bowl,0.14 oz / 4 g,
Zpacks,Ultralight Sunglasses Case,Case,,,,other,17000,manufacturer,https://zpacks.com/products/sunglass-case,Weight 0.6 oz / 17 g,
Zpacks,Ultralight Sunglasses Case w/ Microfiber Cloth,Case,,,,other,26000,manufacturer,https://zpacks.com/products/ultralight-sunglasses-case-w-microfiber-cloth,Weight 0.92 oz / 26 g,
Zpacks,Ultralight Titanium Whistle,Whistle,,,,other,5000,manufacturer,https://zpacks.com/products/ultralight-titanium-whistle,Weight 0.18 oz / 5 g,
Zpacks,Umbrella Holster,Umbrella mount,,,,other,6000,manufacturer,https://zpacks.com/products/umbrella-holster,Weight 0.21 oz / 6 g,
Zpacks,Umbrella Stuff Sack,Stuff sack,,,volume_l,other,8000,manufacturer,https://zpacks.com/products/umbrella-stuff-sack,Weight 0.28 oz / 8 g,
Zpacks,Wallet Stuff Sack,Stuff sack,,,volume_l,other,2200,manufacturer,https://zpacks.com/products/wallet-camera-stuff-sack,Weight 0.08 oz / 2.2 g,
Zpacks,Wallet Zip Pouch,Pouch,,,,other,6200,manufacturer,https://zpacks.com/products/wallet-zip-pouch,Weight 0.22 oz / 6.2 g,
Zpacks,Water Bottle Sleeve,Bottle sleeve,,,,other,16000,manufacturer,https://zpacks.com/products/water-bottle-sleeve,Weight 0.56 oz / 16 g,
Zpacks,XL Airplane Case,Case,,,,other,106000,manufacturer,https://zpacks.com/products/airplane-case-xl,Weight 3.7 oz / 106 g,
Zpacks,Z-Line Reflective Cord,Guyline,"2mm, 50ft",length=50ft,,other,55000,manufacturer,https://zpacks.com/products/50-feet-2-3-mm-z-line-reflective-cord,Weight 1.9 oz / 55 g,
Zpacks x Vaucluse,Ventilation Frame + Sleeve,Ventilation frame,,,,other,137000,manufacturer,https://zpacks.com/products/vaucluse-ventilation-air-frame-sleeve,Weight 4.8 oz / 137 g,
